thread_id,thread_depth,num_nodes,num_edges,avg_branching_factor,max_branching_factor,source_reply_count,leaf_ratio,avg_depth,source_pagerank,avg_pagerank,source_centrality,avg_centrality,user_rumor_ratio,unique_users
498235547685756928,3,14,11,0.785714,9,9,0.857143,1.357143,0.06369429,0.07142857,0.69230769,0.12087912,0.031746,9
498248415223246848,5,27,24,0.888889,17,17,0.777778,1.481481,0.02848567,0.03703704,0.65384615,0.06837607,0.076181,18
498248648699150336,3,56,12,0.214286,2,0,0.821429,0.928571,0.01493103,0.01785714,0.0,0.00779221,0.060965,47
498250100079341568,1,5,4,0.8,4,4,0.8,0.8,0.17094005,0.2,1.0,0.4,0.4,4
498251940997136384,1,8,7,0.875,7,7,0.875,0.875,0.11299419,0.125,1.0,0.25,0.095833,8
498253149707464704,1,3,2,0.666667,2,2,0.666667,0.666667,0.25974051,0.33333333,1.0,0.66666667,0.0,3
498253652755111937,1,9,0,0.0,0,0,1.0,0.111111,0.11111111,0.11111111,0.0,0.0,0.011696,8
498254340310966273,2,43,17,0.395349,5,0,0.744186,0.511628,0.0187401,0.02325581,0.0,0.01882614,0.822233,11
498254540870017025,0,5,0,0.0,0,0,1.0,0.0,0.2,0.2,0.0,0.0,0.024242,5
498254929942028288,3,20,16,0.8,13,13,0.8,0.95,0.04127918,0.05,0.68421053,0.08421053,0.783477,17
498255721260400640,1,4,3,0.75,3,3,0.75,0.75,0.20618575,0.25,1.0,0.5,0.0625,4
498255816034893824,4,28,20,0.714286,9,9,0.678571,1.214286,0.02653562,0.03571429,0.33333333,0.05291005,0.003759,11
498256407980826625,1,14,2,0.142857,1,0,0.857143,0.142857,0.06369429,0.07142857,0.0,0.02197802,0.028571,10
498259432237969408,2,10,9,0.9,8,8,0.8,1.0,0.08481539,0.1,0.88888889,0.2,0.039815,10
498259903962570752,2,16,1,0.0625,1,0,0.9375,1.0,0.05934721,0.0625,0.0,0.00833333,0.130745,13
498262106937237504,1,19,18,0.947368,18,18,0.947368,0.947368,0.05037763,0.05263158,1.0,0.10526316,0.043284,19
498263598062661633,0,10,0,0.0,0,0,1.0,0.0,0.1,0.1,0.0,0.0,0.120526,10
498264107460870144,7,111,58,0.522523,7,0,0.738739,1.720721,0.00683018,0.00900901,0.0,0.00950041,0.008451,18
498264393185239040,2,19,17,0.894737,16,16,0.894737,0.947368,0.04820405,0.05263158,0.88888889,0.0994152,0.0,18
498265095559184384,3,19,11,0.578947,7,7,0.842105,0.842105,0.04561357,0.05263158,0.38888889,0.06432749,0.095614,17
498265555833720832,0,1,0,0.0,0,0,1.0,0.0,1.0,1.0,1.0,1.0,0.0,1
498267196833808384,3,15,14,0.933333,9,9,0.666667,1.333333,0.04930578,0.06666667,0.64285714,0.13333333,0.0,12
498267673789472768,3,19,18,0.947368,13,13,0.789474,1.263158,0.04295377,0.05263158,0.72222222,0.10526316,0.052005,17
498268463639851008,1,7,6,0.857143,6,6,0.857143,0.857143,0.12738858,0.14285714,1.0,0.28571429,0.017857,7
498269289812856832,1,4,3,0.75,3,3,0.75,0.75,0.20618575,0.25,1.0,0.5,0.0,4
498269365175721984,0,1,0,0.0,0,0,1.0,0.0,1.0,1.0,1.0,1.0,0.0,1
498269636551798784,0,1,0,0.0,0,0,1.0,0.0,1.0,1.0,1.0,1.0,0.0,1
498269697453084672,3,43,38,0.883721,29,29,0.790698,1.046512,0.01941061,0.02325581,0.69047619,0.04208195,0.123599,38
498271531386953728,0,1,0,0.0,0,0,1.0,0.0,1.0,1.0,1.0,1.0,0.0,1
498271954185379840,1,9,8,0.888889,8,8,0.888889,0.888889,0.10152277,0.11111111,1.0,0.22222222,0.139731,9
498272080564334592,2,15,9,0.6,8,8,0.866667,0.666667,0.05955817,0.06666667,0.57142857,0.08571429,0.053333,9
498272309535191041,0,10,0,0.0,0,0,1.0,0.0,0.1,0.1,0.0,0.0,0.797436,9
498272364560257025,0,9,0,0.0,0,0,1.0,0.0,0.11111111,0.11111111,0.0,0.0,0.0,8
498273703428620289,1,6,1,0.166667,1,0,0.833333,0.166667,0.14598538,0.16666667,0.0,0.06666667,0.113977,6
498274493337702401,1,7,1,0.142857,1,0,0.857143,0.142857,0.12738858,0.14285714,0.0,0.04761905,0.0,6
498274692873351170,0,19,0,0.0,0,0,1.0,0.0,0.05263158,0.05263158,0.0,0.0,0.103246,19
498274934553317376,4,8,7,0.875,4,4,0.5,1.625,0.07181983,0.125,0.57142857,0.25,0.041667,5
498274948772024321,0,13,0,0.0,0,0,1.0,0.0,0.07692308,0.07692308,0.0,0.0,0.101538,13
498275621651636224,2,6,4,0.666667,3,3,0.666667,0.833333,0.12593147,0.16666667,0.6,0.26666667,0.211344,4
498276304635322368,2,19,17,0.894737,16,16,0.894737,0.947368,0.04820405,0.05263158,0.88888889,0.0994152,0.17038,19
498276354434277376,2,13,11,0.846154,9,9,0.769231,0.923077,0.06397836,0.07692308,0.75,0.14102564,0.0,10
498276771226451968,2,34,32,0.941176,31,31,0.941176,0.970588,0.02799288,0.02941176,0.93939394,0.057041,0.0425,33
498277197581664256,2,4,2,0.5,2,2,0.75,1.0,0.20618553,0.25,0.66666667,0.33333333,0.166667,3
498277231253127168,1,3,2,0.666667,2,2,0.666667,0.666667,0.25974051,0.33333333,1.0,0.66666667,0.063492,2
498277674692149248,4,19,17,0.894737,11,11,0.789474,1.684211,0.04404022,0.05263158,0.61111111,0.0994152,0.162361,16
498277678706077696,2,8,6,0.75,4,4,0.625,0.875,0.0931914,0.125,0.57142857,0.21428571,0.0,6
498278882244853760,3,18,14,0.777778,7,7,0.666667,1.388889,0.04204696,0.05555556,0.41176471,0.09150327,0.038323,12
498279420885360641,1,15,0,0.0,0,0,1.0,0.066667,0.06666667,0.06666667,0.0,0.0,0.04,14
498280074941313024,2,6,5,0.833333,4,4,0.666667,1.0,0.12689364,0.16666667,0.8,0.33333333,0.066358,5
498280126254428160,1,5,4,0.8,4,4,0.8,0.8,0.17094005,0.2,1.0,0.4,0.630667,5
498280730070622209,0,9,0,0.0,0,0,1.0,0.0,0.11111111,0.11111111,0.0,0.0,0.062757,8
498281104865259521,0,8,0,0.0,0,0,1.0,0.0,0.125,0.125,0.0,0.0,0.020833,8
498281812821803008,2,9,5,0.555556,4,4,0.777778,0.888889,0.09190646,0.11111111,0.5,0.13888889,0.062757,8
498281886603411456,2,18,14,0.777778,14,14,0.944444,1.0,0.05305041,0.05555556,0.82352941,0.09150327,0.103765,15
498283038338711552,6,26,6,0.230769,1,0,0.769231,1.5,0.02679548,0.03846154,0.0,0.01846154,0.075586,21
498283233982025728,1,13,10,0.769231,10,10,0.923077,0.769231,0.07220225,0.07692308,0.83333333,0.12820513,0.076923,13
498283586425200640,2,19,12,0.631579,12,12,0.947368,0.736842,0.05037784,0.05263158,0.66666667,0.07017544,0.051378,18
498284302128668672,4,34,31,0.911765,20,20,0.764706,1.470588,0.02369287,0.02941176,0.60606061,0.05525847,0.057094,27
498284334806495233,1,19,1,0.052632,1,0,0.947368,0.052632,0.05037784,0.05263158,0.0,0.00584795,0.160086,17
498284429333524480,3,59,39,0.661017,6,6,0.677966,1.355932,0.01255201,0.01694915,0.10344828,0.02279369,0.087084,12
498285405142540289,3,44,11,0.25,2,0,0.772727,0.409091,0.01785589,0.02272727,0.0,0.01162791,0.056025,36
498285529704976385,0,4,0,0.0,0,0,1.0,0.0,0.25,0.25,0.0,0.0,0.107226,4
498285556502372352,1,9,0,0.0,0,0,1.0,0.777778,0.11111111,0.11111111,0.0,0.0,0.087302,9
498285782512050176,1,4,3,0.75,3,3,0.75,0.75,0.20618575,0.25,1.0,0.5,0.125,4
498286045843435521,0,7,0,0.0,0,0,1.0,0.0,0.14285714,0.14285714,0.0,0.0,0.0,6
498286202077085696,0,1,0,0.0,0,0,1.0,0.0,1.0,1.0,1.0,1.0,0.307692,1
498286281894682624,3,8,7,0.875,3,3,0.5,1.625,0.07807086,0.125,0.42857143,0.25,0.0,5
498286918011224065,0,1,0,0.0,0,0,1.0,0.0,1.0,1.0,1.0,1.0,0.307692,1
498287166909579264,3,18,17,0.944444,14,14,0.777778,1.166667,0.04490442,0.05555556,0.82352941,0.11111111,0.031667,17
498287947301814274,3,18,5,0.277778,3,0,0.833333,0.444444,0.0460447,0.05555556,0.0,0.03267974,0.059259,14
498289596463980544,5,81,24,0.296296,3,0,0.777778,1.358025,0.00977811,0.01234568,0.0,0.00740741,0.015558,49
498290802255466498,0,1,0,0.0,0,0,1.0,0.0,1.0,1.0,1.0,1.0,0.0,1
498291267756130305,2,16,1,0.0625,1,0,0.9375,0.25,0.05934721,0.0625,0.0,0.00833333,0.0375,13
498292200955195392,1,12,10,0.833333,10,10,0.916667,0.833333,0.07782115,0.08333333,0.90909091,0.15151515,0.033333,12
498292317296812032,3,50,19,0.38,11,11,0.82,0.58,0.01685256,0.02,0.2244898,0.0155102,0.127619,17
498292602861400064,3,18,10,0.555556,7,7,0.777778,1.166667,0.04650479,0.05555556,0.41176471,0.06535948,0.006944,11
498292628455034882,0,4,0,0.0,0,0,1.0,0.0,0.25,0.25,0.0,0.0,0.0,4
498292732159619072,2,6,4,0.666667,4,4,0.833333,1.0,0.14598557,0.16666667,0.8,0.26666667,0.102564,6
498293625420148736,1,4,0,0.0,0,0,1.0,0.75,0.25,0.25,0.0,0.0,0.486111,3
498293668655423488,5,39,37,0.948718,34,34,0.897436,1.230769,0.02249248,0.02564103,0.89473684,0.04993252,0.87122,35
498294248488574976,1,6,5,0.833333,5,5,0.833333,0.833333,0.14598557,0.16666667,1.0,0.33333333,0.077469,6
498294367405477888,4,19,15,0.789474,8,8,0.631579,1.421053,0.03607284,0.05263158,0.44444444,0.0877193,0.766834,9
498294764718915586,0,1,0,0.0,0,0,1.0,0.0,1.0,1.0,1.0,1.0,0.066667,1
498294775649665024,1,5,3,0.6,3,3,0.8,0.6,0.17094005,0.2,0.75,0.3,0.0,5
498294815579467777,1,8,1,0.125,1,0,0.875,0.25,0.11299437,0.125,0.0,0.03571429,0.011905,8
498296205777326080,1,19,18,0.947368,18,18,0.947368,0.947368,0.05037763,0.05263158,1.0,0.10526316,0.079226,19
498297336968515584,0,1,0,0.0,0,0,1.0,0.0,1.0,1.0,1.0,1.0,0.0,1
498298040881782785,1,23,1,0.043478,1,0,0.956522,0.043478,0.04192872,0.04347826,0.0,0.00395257,0.007246,20
498300128088694786,0,3,0,0.0,0,0,1.0,0.0,0.33333333,0.33333333,0.0,0.0,0.0,3
498300256678076417,1,9,1,0.111111,1,0,0.888889,0.111111,0.10152285,0.11111111,0.0,0.02777778,0.023075,9
498300832648273920,4,21,13,0.619048,7,7,0.809524,1.857143,0.03980499,0.04761905,0.35,0.06190476,0.085647,14
498300897051807744,2,10,1,0.1,1,0,0.9,1.0,0.09216586,0.1,0.0,0.02222222,0.0,10
498301635756838912,1,6,5,0.833333,5,5,0.833333,0.833333,0.14598557,0.16666667,1.0,0.33333333,0.100954,6
498301902048997377,4,41,16,0.390244,2,0,0.658537,0.731707,0.01792431,0.02439024,0.0,0.0195122,0.018583,16
498302254190166016,0,1,0,0.0,0,0,1.0,0.0,1.0,1.0,1.0,1.0,0.064815,1
498302603034640384,1,3,2,0.666667,2,2,0.666667,0.666667,0.25974051,0.33333333,1.0,0.66666667,0.047619,3
498302874531553280,2,12,10,0.833333,8,8,0.75,0.916667,0.06830449,0.08333333,0.72727273,0.15151515,0.053571,9
498303288295817217,3,19,2,0.105263,1,0,0.894737,0.315789,0.04830915,0.05263158,0.0,0.01169591,0.033162,17
498303769915191297,2,16,5,0.3125,3,0,0.8125,0.375,0.05321745,0.0625,0.0,0.04166667,0.035301,15
498303921430204416,0,1,0,0.0,0,0,1.0,0.0,1.0,1.0,1.0,1.0,0.0,1
498304114955419648,1,3,2,0.666667,2,2,0.666667,0.666667,0.25974051,0.33333333,1.0,0.66666667,0.0,3
498305825341845504,8,32,26,0.8125,11,11,0.59375,1.84375,0.01866194,0.03125,0.35483871,0.05241935,0.763234,17
498305851828879368,0,1,0,0.0,0,0,1.0,0.0,1.0,1.0,1.0,1.0,0.0,1
498305962726273024,1,8,7,0.875,7,7,0.875,0.875,0.11299419,0.125,1.0,0.25,0.2625,8
498308585227431936,1,5,0,0.0,0,0,1.0,0.8,0.2,0.2,0.0,0.0,0.05,5
498310006169538561,3,38,7,0.184211,1,0,0.815789,0.315789,0.02139875,0.02631579,0.0,0.00995733,0.072064,26
498310720350863362,0,1,0,0.0,0,0,1.0,0.0,1.0,1.0,1.0,1.0,0.344828,1
498311895716470784,1,3,2,0.666667,2,2,0.666667,0.666667,0.25974051,0.33333333,1.0,0.66666667,0.0,3
498313143530303488,3,20,19,0.95,16,16,0.85,1.15,0.04352443,0.05,0.84210526,0.1,0.071,19
498314939359301632,3,14,9,0.642857,8,8,0.857143,0.928571,0.06333,0.07142857,0.61538462,0.0989011,0.109524,11
498316475317239809,0,11,0,0.0,0,0,1.0,0.0,0.09090909,0.09090909,0.0,0.0,0.0,11
498316826988642304,0,1,0,0.0,0,0,1.0,0.0,1.0,1.0,1.0,1.0,0.0,1
498317138554150912,5,51,33,0.647059,16,16,0.705882,1.196078,0.01449064,0.01960784,0.32,0.02588235,0.809155,21
498317308771987456,0,1,0,0.0,0,0,1.0,0.0,1.0,1.0,1.0,1.0,0.32,1
498318192000118784,1,19,16,0.842105,16,16,0.947368,0.842105,0.05037784,0.05263158,0.88888889,0.09356725,0.05303,17
498318493293772800,0,1,0,0.0,0,0,1.0,0.0,1.0,1.0,1.0,1.0,0.5,1
498320854707896321,0,1,0,0.0,0,0,1.0,0.0,1.0,1.0,1.0,1.0,0.32,1
498321666267561985,0,5,0,0.0,0,0,1.0,0.0,0.2,0.2,0.0,0.0,0.0,5
498322865843109888,2,6,5,0.833333,3,3,0.666667,1.166667,0.12593147,0.16666667,0.6,0.33333333,0.166667,5
498323364197699584,2,19,14,0.736842,12,12,0.842105,0.789474,0.04627434,0.05263158,0.66666667,0.08187135,0.016968,15
498325055726559232,4,18,15,0.833333,12,12,0.777778,1.166667,0.04234777,0.05555556,0.70588235,0.09803922,0.073333,14
498340530770939904,3,25,23,0.92,16,16,0.8,1.28,0.0330127,0.04,0.66666667,0.07666667,0.095179,22
498341675476217856,0,1,0,0.0,0,0,1.0,0.0,1.0,1.0,1.0,1.0,0.333333,1
498345343629541376,1,19,10,0.526316,10,10,0.947368,0.578947,0.05037784,0.05263158,0.55555556,0.05847953,0.780175,18
498349598197702656,3,19,17,0.894737,14,14,0.789474,1.052632,0.04307015,0.05263158,0.77777778,0.0994152,0.074577,16
498355319979143168,2,13,5,0.384615,1,1,0.615385,0.461538,0.05564053,0.07692308,0.08333333,0.06410256,0.138462,3
498356729634390016,1,5,4,0.8,4,4,0.8,0.8,0.17094005,0.2,1.0,0.4,0.0,5
498357910603575296,5,56,35,0.625,16,16,0.785714,1.696429,0.01462808,0.01785714,0.29090909,0.02272727,0.018872,16
498401948585181184,2,11,9,0.818182,5,5,0.727273,1.181818,0.07225949,0.09090909,0.5,0.16363636,0.0,8
498430783699554305,1,22,7,0.318182,4,0,0.909091,0.318182,0.04219408,0.04545455,0.0,0.03030303,0.818264,8
498433651835940865,9,288,169,0.586806,7,0,0.65625,1.746528,0.0024198,0.00347222,0.0,0.00408924,0.037062,34
498452658605535232,1,10,8,0.8,8,8,0.9,0.8,0.09216586,0.1,0.88888889,0.17777778,0.05,10
498452664527511553,0,4,0,0.0,0,0,1.0,0.0,0.25,0.25,0.0,0.0,0.045455,4
498455001463664640,1,7,4,0.571429,4,4,0.857143,0.571429,0.12738858,0.14285714,0.66666667,0.19047619,0.022246,7
498457205801488385,0,1,0,0.0,0,0,1.0,0.0,1.0,1.0,1.0,1.0,0.0,1
498463591767756800,1,17,16,0.941176,16,16,0.941176,0.941176,0.05602206,0.05882353,1.0,0.11764706,0.623165,15
498463733447163905,2,13,4,0.307692,1,0,0.692308,0.384615,0.05840273,0.07692308,0.0,0.05128205,0.025641,10
498466570675716096,5,34,25,0.735294,11,11,0.617647,1.647059,0.01989985,0.02941176,0.33333333,0.04456328,0.07133,16
498472666802958336,3,17,2,0.117647,1,0,0.882353,0.529412,0.0514867,0.05882353,0.0,0.01470588,0.01426,8
498473263862149120,3,7,6,0.857143,3,3,0.428571,1.428571,0.08468187,0.14285714,0.5,0.28571429,0.089616,6
498473515302260736,1,5,0,0.0,0,0,1.0,0.8,0.2,0.2,0.0,0.0,0.0,5
498474035668586497,3,24,6,0.25,4,0,0.875,0.625,0.03495397,0.04166667,0.0,0.02173913,0.041742,19
498474263255330818,2,16,3,0.1875,1,0,0.8125,0.4375,0.05188736,0.0625,0.0,0.025,0.05506,13
498476761538371584,1,14,13,0.928571,13,13,0.928571,0.928571,0.06734012,0.07142857,1.0,0.14285714,0.030026,13
498477164380299264,1,17,16,0.941176,16,16,0.941176,0.941176,0.05602206,0.05882353,1.0,0.11764706,0.054622,15
498477676219600896,3,28,20,0.714286,11,11,0.75,1.178571,0.02824345,0.03571429,0.40740741,0.05291005,0.029013,12
498480344992350209,1,19,1,0.052632,1,0,0.947368,0.052632,0.05037784,0.05263158,0.0,0.00584795,0.079727,18
498480911243948034,3,27,6,0.222222,1,0,0.777778,0.333333,0.02927477,0.03703704,0.0,0.01709402,0.697407,16
498482619232055296,3,38,35,0.921053,31,31,0.868421,1.105263,0.0232222,0.02631579,0.83783784,0.04978663,0.021085,36
498483031842500608,1,10,9,0.9,9,9,0.9,0.9,0.09216586,0.1,1.0,0.2,0.08537,10
498483279943962625,1,14,0,0.0,0,0,1.0,0.071429,0.07142857,0.07142857,0.0,0.0,0.072487,11
498483485133516800,1,4,3,0.75,3,3,0.75,0.75,0.20618575,0.25,1.0,0.5,0.225,4
498483784296448000,2,7,5,0.714286,4,4,0.714286,0.857143,0.11260468,0.14285714,0.66666667,0.23809524,0.009259,6
498486539585069056,2,6,5,0.833333,4,4,0.666667,1.0,0.12689364,0.16666667,0.8,0.33333333,0.026675,5
498486826269548545,3,19,6,0.315789,1,0,0.684211,0.526316,0.0382277,0.05263158,0.0,0.03508772,0.859649,9
498486850521423872,1,5,4,0.8,4,4,0.8,0.8,0.17094005,0.2,1.0,0.4,0.0,5
498487087105314816,1,10,7,0.7,6,6,0.8,0.7,0.08547003,0.1,0.66666667,0.15555556,0.244339,8
498487611963744256,3,20,18,0.9,14,14,0.8,1.15,0.04120392,0.05,0.73684211,0.09473684,0.041,19
498487999848800256,0,1,0,0.0,0,0,1.0,0.0,1.0,1.0,1.0,1.0,0.064815,1
498488195047096320,0,1,0,0.0,0,0,1.0,0.0,1.0,1.0,1.0,1.0,0.32,1
498489114384420865,3,47,12,0.255319,2,0,0.808511,0.617021,0.01752222,0.0212766,0.0,0.01110083,0.066363,19
498489451954573312,1,3,2,0.666667,2,2,0.666667,0.666667,0.25974051,0.33333333,1.0,0.66666667,0.0,3
498491047329402880,0,1,0,0.0,0,0,1.0,0.0,1.0,1.0,1.0,1.0,0.064815,1
498492003903356928,2,17,16,0.941176,15,15,0.882353,1.0,0.05333861,0.05882353,0.9375,0.11764706,0.077148,17
498492636630896640,2,15,14,0.933333,13,13,0.866667,1.0,0.05968174,0.06666667,0.92857143,0.13333333,0.004321,13
498494758814109696,2,18,14,0.777778,12,12,0.833333,0.833333,0.04851966,0.05555556,0.70588235,0.09150327,0.0,14
498495764486950912,0,1,0,0.0,0,0,1.0,0.0,1.0,1.0,1.0,1.0,0.0,1
498497371899449344,2,8,1,0.125,1,0,0.875,1.0,0.11299437,0.125,0.0,0.03571429,0.101852,8
498497395198799872,1,9,8,0.888889,8,8,0.888889,0.888889,0.10152277,0.11111111,1.0,0.22222222,0.08642,9
498498431271190528,2,11,8,0.727273,6,6,0.818182,0.909091,0.07800058,0.09090909,0.6,0.14545455,0.917749,7
498499795192143872,2,26,21,0.807692,12,12,0.807692,1.153846,0.03286157,0.03846154,0.48,0.06461538,0.132479,21
498499836900278272,3,36,17,0.472222,5,5,0.694444,0.666667,0.02108656,0.02777778,0.14285714,0.02698413,0.020833,7
498500813845966848,1,8,7,0.875,7,7,0.875,0.875,0.11299419,0.125,1.0,0.25,0.0,8
498504673339666432,2,13,11,0.846154,7,7,0.615385,1.076923,0.05500881,0.07692308,0.58333333,0.14102564,0.051282,10
498504707393220608,0,1,0,0.0,0,0,1.0,0.0,1.0,1.0,1.0,1.0,0.064815,1
498506343368519680,1,3,2,0.666667,2,2,0.666667,0.666667,0.25974051,0.33333333,1.0,0.66666667,0.755556,3
498507434693246977,0,6,0,0.0,0,0,1.0,0.0,0.16666667,0.16666667,0.0,0.0,0.12037,6
498507730395484160,4,50,34,0.68,17,17,0.72,1.36,0.01538191,0.02,0.34693878,0.0277551,0.081699,19
498508707244683264,1,13,10,0.769231,10,10,0.923077,0.769231,0.07220225,0.07692308,0.83333333,0.12820513,0.106838,12
498510381774819330,0,15,0,0.0,0,0,1.0,0.0,0.06666667,0.06666667,0.0,0.0,0.045455,14
498512372584415232,1,7,6,0.857143,6,6,0.857143,0.857143,0.12738858,0.14285714,1.0,0.28571429,0.080688,7
498512590260023296,9,219,125,0.570776,11,11,0.611872,1.803653,0.00313497,0.00456621,0.05045872,0.00523648,0.023121,26
498515980205948928,8,101,42,0.415842,5,5,0.762376,1.663366,0.00793459,0.00990099,0.05,0.00831683,0.021452,18
498524570593140736,1,4,0,0.0,0,0,1.0,0.75,0.25,0.25,0.0,0.0,0.125,4
498527404386578432,4,30,26,0.866667,16,16,0.666667,1.333333,0.02383676,0.03333333,0.55172414,0.05977011,0.049402,21
498529979672842241,5,47,7,0.148936,1,0,0.851064,0.361702,0.01690018,0.0212766,0.0,0.00647549,0.078943,30
498530293116968960,3,21,17,0.809524,13,13,0.761905,1.047619,0.0381877,0.04761905,0.65,0.08095238,0.076587,14
498530904139378688,1,2,1,0.5,1,1,0.5,0.5,0.35087736,0.5,1.0,1.0,0.0,2
498530946338258944,3,15,4,0.266667,1,0,0.733333,1.2,0.05434791,0.06666667,0.0,0.03809524,0.04,8
498531639472189441,3,19,6,0.315789,3,0,0.842105,0.736842,0.0435905,0.05263158,0.0,0.03508772,0.10518,11
498532911143206913,0,1,0,0.0,0,0,1.0,0.0,1.0,1.0,1.0,1.0,0.0,1
498535462349582337,5,45,18,0.4,5,0,0.755556,0.822222,0.01741957,0.02222222,0.0,0.01818182,0.040615,24
498541831052083201,0,1,0,0.0,0,0,1.0,0.0,1.0,1.0,1.0,1.0,0.0,1
498544167757570049,3,19,6,0.315789,2,0,0.736842,0.631579,0.03841467,0.05263158,0.0,0.03508772,0.022556,12
498556324868009984,2,36,27,0.75,23,23,0.888889,0.861111,0.02536048,0.02777778,0.65714286,0.04285714,0.102494,27
498560433021026304,3,23,18,0.782609,13,13,0.73913,0.956522,0.03450549,0.04347826,0.59090909,0.07114625,0.135507,15
498575704582148096,1,15,14,0.933333,14,14,0.933333,0.933333,0.06309152,0.06666667,1.0,0.13333333,0.09037,14
498584409055174656,1,4,3,0.75,3,3,0.75,0.75,0.20618575,0.25,1.0,0.5,0.016204,4
498585089828478977,0,19,0,0.0,0,0,1.0,0.0,0.05263158,0.05263158,0.0,0.0,0.087371,17
498586725502173184,1,5,2,0.4,2,2,0.8,0.4,0.17094005,0.2,0.5,0.2,0.025,5
498590686065606657,2,34,6,0.176471,1,0,0.823529,0.235294,0.02466404,0.02941176,0.0,0.01069519,0.033289,27
498600617645199361,0,1,0,0.0,0,0,1.0,0.0,1.0,1.0,1.0,1.0,0.064815,1
498602787614511104,1,3,2,0.666667,2,2,0.666667,0.666667,0.25974051,0.33333333,1.0,0.66666667,0.069224,3
498602798687469568,1,8,6,0.75,5,5,0.75,0.75,0.10309287,0.125,0.71428571,0.21428571,0.041667,7
498602841335169024,1,6,5,0.833333,5,5,0.833333,0.833333,0.14598557,0.16666667,1.0,0.33333333,0.010802,6
498603999252467713,1,19,2,0.105263,1,0,0.894737,0.105263,0.04830915,0.05263158,0.0,0.01169591,0.041386,18
498609222020780033,2,12,2,0.166667,1,0,0.833333,0.25,0.06933605,0.08333333,0.0,0.03030303,0.083333,11
498616975850225664,3,17,14,0.823529,12,12,0.823529,1.0,0.04905838,0.05882353,0.75,0.10294118,0.044989,15
499345010190348288,1,10,9,0.9,9,9,0.9,0.9,0.09216586,0.1,1.0,0.2,0.025,8
499345023721537536,1,9,0,0.0,0,0,1.0,0.444444,0.11111111,0.11111111,0.0,0.0,0.198006,6
499345384024842240,4,16,14,0.875,8,8,0.625,1.75,0.0424777,0.0625,0.53333333,0.11666667,0.046875,10
499345604297121792,7,62,34,0.548387,12,12,0.725806,1.435484,0.01134882,0.01612903,0.19672131,0.0179799,0.010447,19
499346625760751616,3,78,45,0.576923,19,19,0.769231,0.974359,0.0102966,0.01282051,0.24675325,0.01498501,0.011966,19
499347831954870274,0,15,0,0.0,0,0,1.0,0.0,0.06666667,0.06666667,0.0,0.0,0.133333,13
499349252938956800,0,1,0,0.0,0,0,1.0,0.0,1.0,1.0,1.0,1.0,0.0,1
499349294034743297,0,19,0,0.0,0,0,1.0,0.0,0.05263158,0.05263158,0.0,0.0,0.045082,15
499355083734519808,1,11,10,0.909091,10,10,0.909091,0.909091,0.08438842,0.09090909,1.0,0.18181818,0.059091,10
499357077429817344,2,9,1,0.111111,1,0,0.888889,1.0,0.10152285,0.11111111,0.0,0.02777778,0.0,9
499357289363431425,1,7,5,0.714286,5,0,0.857143,0.714286,0.12738858,0.14285714,0.0,0.23809524,0.0,6
499358869492367360,2,19,18,0.947368,17,17,0.894737,1.0,0.04821023,0.05263158,0.94444444,0.10526316,0.035088,19
499359735947087872,3,16,14,0.875,12,12,0.8125,1.0625,0.05158926,0.0625,0.8,0.11666667,0.08768,15
499360134779637761,1,13,3,0.230769,3,0,0.923077,0.230769,0.07220216,0.07692308,0.0,0.03846154,0.009615,11
499360762167848960,0,1,0,0.0,0,0,1.0,0.0,1.0,1.0,1.0,1.0,0.190476,1
499360784666071040,1,3,2,0.666667,2,2,0.666667,0.666667,0.25974051,0.33333333,1.0,0.66666667,0.066667,3
499361017038905344,1,2,0,0.0,0,0,1.0,0.5,0.5,0.5,0.0,0.0,0.095238,2
499361252691681281,0,1,0,0.0,0,0,1.0,0.0,1.0,1.0,1.0,1.0,0.190476,1
499361506132508673,3,17,2,0.117647,1,0,0.882353,0.352941,0.0514867,0.05882353,0.0,0.01470588,0.077731,11
499361662743220224,2,19,14,0.736842,9,9,0.684211,0.842105,0.0401562,0.05263158,0.5,0.08187135,0.795933,11
499361679197884416,1,3,2,0.666667,2,2,0.666667,0.666667,0.25974051,0.33333333,1.0,0.66666667,0.063492,3
499361965035491329,0,6,0,0.0,0,0,1.0,0.0,0.16666667,0.16666667,0.0,0.0,0.068783,4
499362269269336064,1,3,1,0.333333,1,1,0.666667,0.333333,0.25974019,0.33333333,0.5,0.33333333,0.063492,3
499362348940144640,1,10,7,0.7,7,7,0.9,0.7,0.09216586,0.1,0.77777778,0.15555556,0.094444,9
499362441697193985,0,2,0,0.0,0,0,1.0,0.0,0.5,0.5,0.0,0.0,0.449074,2
499362480179912705,0,2,0,0.0,0,0,1.0,0.0,0.5,0.5,0.0,0.0,0.032407,2
499362949166030848,1,4,3,0.75,3,3,0.75,0.75,0.20618575,0.25,1.0,0.5,0.041204,4
499362994862960640,0,1,0,0.0,0,0,1.0,0.0,1.0,1.0,1.0,1.0,0.064815,1
499363323335680000,0,1,0,0.0,0,0,1.0,0.0,1.0,1.0,1.0,1.0,0.064815,1
499363612260315136,2,19,1,0.052632,1,0,0.947368,1.0,0.05037784,0.05263158,0.0,0.00584795,0.091131,19
499363921661140993,1,4,1,0.25,1,0,0.75,0.25,0.20618553,0.25,0.0,0.16666667,0.196538,4
499363975377993729,2,30,6,0.2,1,0,0.8,0.366667,0.0279155,0.03333333,0.0,0.0137931,0.067032,17
499364002318020608,1,5,4,0.8,4,4,0.8,0.8,0.17094005,0.2,1.0,0.4,0.163636,5
499364508641808384,0,1,0,0.0,0,0,1.0,0.0,1.0,1.0,1.0,1.0,0.0,1
499364522038394880,5,47,32,0.680851,20,20,0.787234,1.489362,0.01725487,0.0212766,0.43478261,0.02960222,0.024074,28
499365436816105473,1,12,4,0.333333,2,0,0.75,0.333333,0.06872858,0.08333333,0.0,0.06060606,0.081294,5
499366152049803264,0,1,0,0.0,0,0,1.0,0.0,1.0,1.0,1.0,1.0,0.0,1
499366666300846081,0,15,0,0.0,0,0,1.0,0.0,0.06666667,0.06666667,0.0,0.0,0.774603,15
499366930457710592,4,22,17,0.772727,7,7,0.590909,1.409091,0.03123028,0.04545455,0.33333333,0.07359307,0.099078,9
499366977497214976,4,36,24,0.666667,5,5,0.583333,1.611111,0.01794504,0.02777778,0.14285714,0.03809524,0.033179,9
499368426931228672,1,12,10,0.833333,10,10,0.916667,0.833333,0.07782115,0.08333333,0.90909091,0.15151515,0.063889,11
499368533378498560,2,18,15,0.833333,14,14,0.888889,1.0,0.0506288,0.05555556,0.82352941,0.09803922,0.837963,16
499368931367608320,3,48,36,0.75,24,24,0.8125,1.0625,0.01772023,0.02083333,0.5106383,0.03191489,0.816629,30
499369948943495168,3,24,16,0.666667,9,9,0.75,1.0,0.03314951,0.04166667,0.39130435,0.05797101,0.157197,12
499375535458643968,4,17,15,0.882353,9,9,0.647059,1.470588,0.04025563,0.05882353,0.5625,0.11029412,0.066293,10
499376069485821952,5,19,5,0.263158,2,0,0.789474,1.473684,0.04324795,0.05263158,0.0,0.02923977,0.052632,13
499377470697926656,4,59,32,0.542373,15,15,0.779661,1.0,0.01394286,0.01694915,0.25862069,0.01870251,0.045601,24
499377813758443520,4,14,12,0.857143,9,9,0.714286,1.428571,0.05085,0.07142857,0.69230769,0.13186813,0.011905,10
499379061718659073,3,57,20,0.350877,6,0,0.842105,1.105263,0.01529695,0.01754386,0.0,0.01253133,0.041839,36
499381321954000896,8,83,60,0.722892,13,4,0.662651,2.698795,0.00837661,0.01204819,0.04878049,0.0176315,0.041265,12
499381843955707904,13,62,53,0.854839,13,13,0.645161,4.016129,0.01078687,0.01612903,0.21311475,0.0280275,0.812721,16
499381917490237440,1,3,2,0.666667,2,2,0.666667,0.666667,0.25974051,0.33333333,1.0,0.66666667,0.089286,3
499383196451368960,2,6,5,0.833333,3,3,0.666667,1.166667,0.12593147,0.16666667,0.6,0.33333333,0.010802,6
499383640267423744,1,11,0,0.0,0,0,1.0,0.909091,0.09090909,0.09090909,0.0,0.0,0.115396,11
499385227362328576,6,49,29,0.591837,10,10,0.653061,1.081633,0.0138964,0.02040816,0.20833333,0.02465986,0.0,18
499386181310619649,7,49,17,0.346939,4,0,0.734694,1.040816,0.01527404,0.02040816,0.0,0.01445578,0.043119,21
499386726414954496,4,33,20,0.606061,8,8,0.727273,1.484848,0.02281052,0.03030303,0.25,0.03787879,0.030752,9
499387698390790144,3,35,13,0.371429,3,0,0.714286,1.2,0.02213082,0.02857143,0.0,0.02184874,0.094311,22
499387985096237056,1,6,5,0.833333,5,5,0.833333,0.833333,0.14598557,0.16666667,1.0,0.33333333,0.123333,6
499387993879511041,1,19,0,0.0,0,0,1.0,0.105263,0.05263158,0.05263158,0.0,0.0,0.048246,19
499388398529175552,1,5,0,0.0,0,0,1.0,0.8,0.2,0.2,0.0,0.0,0.0,5
499388619425980416,3,34,23,0.676471,11,11,0.647059,1.205882,0.02077582,0.02941176,0.33333333,0.04099822,0.003268,16
499389815268573187,0,8,0,0.0,0,0,1.0,0.0,0.125,0.125,0.0,0.0,0.05,7
499394221984714752,1,8,1,0.125,1,0,0.875,0.5,0.11299437,0.125,0.0,0.03571429,0.125,6
499394946416529409,7,164,88,0.536585,4,0,0.634146,1.731707,0.00415095,0.00609756,0.0,0.00658387,0.00874,37
499397048878501888,1,7,4,0.571429,3,3,0.714286,0.571429,0.11494245,0.14285714,0.5,0.19047619,0.056354,6
499397804620386304,1,10,9,0.9,9,9,0.9,0.9,0.09216586,0.1,1.0,0.2,0.1,10
499400566397607936,1,8,0,0.0,0,0,1.0,0.75,0.125,0.125,0.0,0.0,0.099432,8
499401478235099137,0,1,0,0.0,0,0,1.0,0.0,1.0,1.0,1.0,1.0,0.0,1
499401831874043905,1,16,0,0.0,0,0,1.0,0.0625,0.0625,0.0625,0.0,0.0,0.066477,13
499402006146977792,1,13,10,0.769231,10,10,0.923077,0.769231,0.07220225,0.07692308,0.83333333,0.12820513,0.013986,11
499402444267212800,4,19,16,0.842105,11,11,0.684211,1.157895,0.03798237,0.05263158,0.61111111,0.09356725,0.029825,13
499402643869929474,0,1,0,0.0,0,0,1.0,0.0,1.0,1.0,1.0,1.0,0.064815,1
499403422278619136,3,15,5,0.333333,3,0,0.8,1.266667,0.05099656,0.06666667,0.0,0.04761905,0.075397,11
499404849835175938,1,23,4,0.173913,3,0,0.913043,0.173913,0.04048582,0.04347826,0.0,0.01581028,0.764907,21
499405013261635584,1,5,4,0.8,4,4,0.8,0.8,0.17094005,0.2,1.0,0.4,0.0,5
499405449951584256,1,2,1,0.5,1,1,0.5,0.5,0.35087736,0.5,1.0,1.0,0.090909,2
499406086945136640,3,53,12,0.226415,4,4,0.849057,0.433962,0.01593313,0.01886792,0.07692308,0.00870827,0.024287,6
499406854615597056,6,58,48,0.827586,5,5,0.551724,2.275862,0.01077955,0.01724138,0.0877193,0.02903811,0.008621,6
499407248427188224,1,3,2,0.666667,2,2,0.666667,0.666667,0.25974051,0.33333333,1.0,0.66666667,0.393131,3
499408845127819265,0,9,0,0.0,0,0,1.0,0.0,0.11111111,0.11111111,0.0,0.0,0.020202,8
499408988422037505,4,68,37,0.544118,3,0,0.617647,1.073529,0.00984542,0.01470588,0.0,0.01624232,0.037879,10
499409455814287360,1,7,6,0.857143,6,6,0.857143,0.857143,0.12738858,0.14285714,1.0,0.28571429,0.112434,7
499409692834021376,5,15,14,0.933333,8,8,0.6,1.8,0.04329169,0.06666667,0.57142857,0.13333333,0.014035,11
499410901033054208,1,9,6,0.666667,6,6,0.888889,0.666667,0.10152277,0.11111111,0.75,0.16666667,0.124486,9
499410965075886080,4,35,25,0.714286,17,17,0.742857,1.057143,0.02079384,0.02857143,0.5,0.04201681,0.096667,18
499411596255719424,4,11,10,0.909091,6,6,0.636364,1.727273,0.05963424,0.09090909,0.6,0.18181818,0.052617,8
499411738467794945,1,19,1,0.052632,1,0,0.947368,0.052632,0.05037784,0.05263158,0.0,0.00584795,0.101754,15
499411840733282304,2,22,21,0.954545,20,20,0.909091,1.0,0.04212989,0.04545455,0.95238095,0.09090909,0.098906,22
499412007573942272,0,1,0,0.0,0,0,1.0,0.0,1.0,1.0,1.0,1.0,0.24,1
499412661176926209,0,12,0,0.0,0,0,1.0,0.0,0.08333333,0.08333333,0.0,0.0,0.027778,12
499412821671968769,0,1,0,0.0,0,0,1.0,0.0,1.0,1.0,1.0,1.0,0.0,1
499424290748780546,1,9,1,0.111111,1,0,0.888889,0.111111,0.10152285,0.11111111,0.0,0.02777778,0.037037,9
499426471300329472,1,14,12,0.857143,12,12,0.928571,0.857143,0.06734012,0.07142857,0.92307692,0.13186813,0.063025,14
499427218171248641,1,20,5,0.25,3,0,0.85,0.25,0.04434592,0.05,0.0,0.02631579,0.113149,20
499427833102745600,2,11,6,0.545455,3,3,0.636364,0.636364,0.0661267,0.09090909,0.3,0.10909091,0.090909,5
499430225043009537,0,11,0,0.0,0,0,1.0,0.0,0.09090909,0.09090909,0.0,0.0,0.818182,10
499431474731683841,0,1,0,0.0,0,0,1.0,0.0,1.0,1.0,1.0,1.0,0.333333,1
499432169836531712,1,11,9,0.818182,8,8,0.818182,0.818182,0.07874013,0.09090909,0.8,0.16363636,0.107438,9
499432557906104320,4,62,52,0.83871,36,36,0.758065,1.112903,0.01246114,0.01612903,0.59016393,0.02749868,0.04704,50
499435341259223040,1,6,5,0.833333,5,5,0.833333,0.833333,0.14598557,0.16666667,1.0,0.33333333,0.010802,6
499437429690888192,3,7,5,0.714286,4,4,0.714286,1.285714,0.11494245,0.14285714,0.66666667,0.23809524,0.068571,5
499438052688023552,1,11,0,0.0,0,0,1.0,0.909091,0.09090909,0.09090909,0.0,0.0,0.08165,10
499438977774931968,4,29,23,0.793103,15,15,0.724138,1.172414,0.02626093,0.03448276,0.53571429,0.05665025,0.141922,18
499439550029381632,4,13,12,0.923077,9,9,0.692308,1.384615,0.05357422,0.07692308,0.75,0.15384615,0.024118,10
499439571520991232,2,31,22,0.709677,17,17,0.806452,0.806452,0.02709476,0.03225806,0.56666667,0.04731183,0.121457,19
499439795618480128,7,120,81,0.675,40,40,0.783333,1.308333,0.00676367,0.00833333,0.33613445,0.01134454,0.036367,58
499440386767859712,3,44,33,0.75,22,22,0.75,1.045455,0.01801561,0.02272727,0.51162791,0.03488372,0.052812,29
499441454498852864,3,18,16,0.888889,12,12,0.777778,1.277778,0.04646759,0.05555556,0.70588235,0.10457516,0.054444,16
499444325646757888,1,3,2,0.666667,2,2,0.666667,0.666667,0.25974051,0.33333333,1.0,0.66666667,0.08,3
499444395800682497,0,4,0,0.0,0,0,1.0,0.0,0.25,0.25,0.0,0.0,0.081169,4
499445575956578304,1,7,6,0.857143,6,6,0.857143,0.857143,0.12738858,0.14285714,1.0,0.28571429,0.095238,7
499446112147628032,1,7,5,0.714286,5,5,0.857143,0.714286,0.12738858,0.14285714,0.83333333,0.23809524,0.0,6
499446567229603841,3,24,5,0.208333,2,0,0.833333,0.416667,0.03649639,0.04166667,0.0,0.01811594,0.175443,16
499448210789007360,2,25,20,0.8,16,16,0.8,0.96,0.03397822,0.04,0.66666667,0.06666667,0.033333,19
499453410744483842,1,4,1,0.25,1,0,0.75,0.25,0.20618553,0.25,0.0,0.16666667,0.0,4
499453886474637312,5,28,25,0.892857,16,16,0.678571,1.428571,0.02361805,0.03571429,0.59259259,0.06613757,0.0,17
499455799723184130,2,20,8,0.4,4,0,0.8,0.65,0.04145511,0.05,0.0,0.04210526,0.009091,10
499456140044824576,2,11,9,0.818182,8,8,0.818182,0.909091,0.07818423,0.09090909,0.8,0.16363636,0.737512,11
499456913902284800,2,6,5,0.833333,4,4,0.666667,1.0,0.12689364,0.16666667,0.8,0.33333333,0.575397,6
499457882144796672,2,4,3,0.75,2,2,0.5,1.0,0.16498256,0.25,0.66666667,0.5,0.0,4
499463629251837952,1,15,0,0.0,0,0,1.0,0.933333,0.06666667,0.06666667,0.0,0.0,0.042783,14
499464258183114754,0,1,0,0.0,0,0,1.0,0.0,1.0,1.0,1.0,1.0,0.176471,1
499465611647275008,1,8,7,0.875,7,7,0.875,0.875,0.11299419,0.125,1.0,0.25,0.052727,7
499467982943186944,2,17,5,0.294118,2,0,0.764706,0.882353,0.04734285,0.05882353,0.0,0.03676471,0.024133,11
499471162058231808,0,1,0,0.0,0,0,1.0,0.0,1.0,1.0,1.0,1.0,0.0,1
499472596853743618,0,6,0,0.0,0,0,1.0,0.0,0.16666667,0.16666667,0.0,0.0,0.224747,5
499478126570004480,1,25,23,0.92,23,23,0.96,0.92,0.03868467,0.04,0.95833333,0.07666667,0.037667,23
499478537468792832,0,1,0,0.0,0,0,1.0,0.0,1.0,1.0,1.0,1.0,0.0,1
499478732315566080,0,1,0,0.0,0,0,1.0,0.0,1.0,1.0,1.0,1.0,0.25,1
499481575059619840,3,28,21,0.75,12,12,0.714286,1.035714,0.02678479,0.03571429,0.44444444,0.05555556,0.10836,13
499484255869612034,1,20,1,0.05,1,0,0.95,0.05,0.04796164,0.05,0.0,0.00526316,0.095,19
499488337338843137,1,8,1,0.125,1,0,0.875,0.125,0.11299437,0.125,0.0,0.03571429,0.0,8
499490314718310400,0,1,0,0.0,0,0,1.0,0.0,1.0,1.0,1.0,1.0,0.5,1
499494187969298432,4,25,19,0.76,10,10,0.68,1.32,0.02856725,0.04,0.41666667,0.06333333,0.531001,13
499497872564703233,0,2,0,0.0,0,0,1.0,0.0,0.5,0.5,0.0,0.0,0.636364,2
499501246907432960,4,47,39,0.829787,16,16,0.659574,1.319149,0.01534354,0.0212766,0.34782609,0.03607771,0.052128,21
499504676250066945,1,15,1,0.066667,1,0,0.933333,0.066667,0.06309148,0.06666667,0.0,0.00952381,0.871111,15
499507509171060736,1,3,0,0.0,0,0,1.0,0.666667,0.33333333,0.33333333,0.0,0.0,0.0,3
499511714438971392,6,60,38,0.633333,9,9,0.583333,1.4,0.01066283,0.01666667,0.15254237,0.02146893,0.110381,17
499512318410375168,1,9,5,0.555556,5,5,0.888889,0.555556,0.10152277,0.11111111,0.625,0.13888889,0.685185,7
499514668814467072,2,17,11,0.647059,7,7,0.764706,1.176471,0.04828666,0.05882353,0.4375,0.08088235,0.063369,10
499517463457849345,5,50,22,0.44,4,0,0.7,1.02,0.01407869,0.02,0.0,0.01795918,0.031071,21
499519101644308480,2,7,5,0.714286,4,4,0.714286,0.857143,0.11260468,0.14285714,0.66666667,0.23809524,0.047354,5
499519439206092800,3,20,12,0.6,4,4,0.7,0.8,0.03740884,0.05,0.21052632,0.06315789,0.127381,10
499520839860367360,3,17,16,0.941176,12,12,0.705882,1.235294,0.04503629,0.05882353,0.75,0.11764706,0.703361,15
499524024012386304,1,2,1,0.5,1,1,0.5,0.5,0.35087736,0.5,1.0,1.0,0.166667,2
499525020708634625,2,32,5,0.15625,1,0,0.84375,0.25,0.02704716,0.03125,0.0,0.01008065,0.617116,25
499526002469797888,2,18,15,0.833333,15,15,0.944444,0.944444,0.05305041,0.05555556,0.88235294,0.09803922,0.043724,18
499527157023277056,1,10,9,0.9,9,9,0.9,0.9,0.09216586,0.1,1.0,0.2,0.134848,10
499529014797557760,1,19,18,0.947368,18,18,0.947368,0.947368,0.05037763,0.05263158,1.0,0.10526316,0.027847,19
499530130487017472,3,25,18,0.72,12,12,0.76,0.92,0.03232705,0.04,0.5,0.06,0.844933,15
499530401136668672,2,12,10,0.833333,9,9,0.833333,0.916667,0.0725675,0.08333333,0.81818182,0.15151515,0.016667,9
499531968229683200,3,14,9,0.642857,5,5,0.714286,0.928571,0.05321762,0.07142857,0.38461538,0.0989011,0.0,8
499532858399412224,2,19,17,0.894737,17,17,0.947368,1.0,0.05037763,0.05263158,0.94444444,0.0994152,0.061404,18
499536812109742080,2,19,15,0.789474,12,12,0.789474,0.947368,0.04428572,0.05263158,0.66666667,0.0877193,0.049798,15
499540195734065152,0,1,0,0.0,0,0,1.0,0.0,1.0,1.0,1.0,1.0,0.0,1
499541439962185729,14,106,60,0.566038,5,0,0.679245,3.386792,0.00692355,0.00943396,0.0,0.01078167,0.015094,18
499542449753051136,3,18,2,0.111111,1,0,0.888889,1.111111,0.04896562,0.05555556,0.0,0.0130719,0.097729,12
499553298668859392,3,27,12,0.444444,8,8,0.851852,0.62963,0.0322786,0.03703704,0.30769231,0.03418803,0.018519,11
499553426133753857,1,8,0,0.0,0,0,1.0,0.125,0.125,0.125,0.0,0.0,0.11875,7
499553513471741954,2,6,2,0.333333,1,0,0.666667,0.5,0.11872957,0.16666667,0.0,0.13333333,0.233333,4
499553593041903616,0,1,0,0.0,0,0,1.0,0.0,1.0,1.0,1.0,1.0,0.125,1
499554114024771584,4,39,25,0.641026,7,7,0.666667,1.102564,0.01847982,0.02564103,0.18421053,0.03373819,0.015385,8
499554248292458499,1,13,1,0.076923,1,0,0.923077,0.076923,0.07220216,0.07692308,0.0,0.01282051,0.065171,13
499556227874304000,0,1,0,0.0,0,0,1.0,0.0,1.0,1.0,1.0,1.0,0.6,1
499560002341044224,10,102,73,0.715686,16,16,0.578431,2.127451,0.00640526,0.00980392,0.15841584,0.01417201,0.069088,21
499563566786433024,5,36,26,0.722222,9,9,0.694444,1.861111,0.02090197,0.02777778,0.25714286,0.04126984,0.034722,16
499564237552115712,1,5,4,0.8,4,4,0.8,0.8,0.17094005,0.2,1.0,0.4,0.011111,5
499565555645685760,1,8,7,0.875,7,7,0.875,0.875,0.11299419,0.125,1.0,0.25,0.610417,8
499567797064957952,2,38,2,0.052632,1,0,0.947368,0.921053,0.02518892,0.02631579,0.0,0.00284495,0.064664,33
499568802267672576,3,12,10,0.833333,8,8,0.75,1.083333,0.06476867,0.08333333,0.72727273,0.15151515,0.235455,12
499569344184340480,4,20,17,0.85,12,12,0.7,1.3,0.03645064,0.05,0.63157895,0.08947368,0.082593,16
499571347375136768,4,19,14,0.736842,8,8,0.684211,1.368421,0.03776196,0.05263158,0.44444444,0.08187135,0.027113,12
499571799764770816,2,36,23,0.638889,19,19,0.888889,0.833333,0.02535623,0.02777778,0.54285714,0.03650794,0.011905,29
499574200596983808,3,18,13,0.722222,8,8,0.722222,1.166667,0.04161597,0.05555556,0.47058824,0.08496732,0.199118,13
499575076468305923,2,12,2,0.166667,1,0,0.833333,0.25,0.06933605,0.08333333,0.0,0.03030303,0.113095,10
499576743967993856,2,35,31,0.885714,26,26,0.885714,0.971429,0.02578044,0.02857143,0.76470588,0.05210084,0.028567,30
499579650926858240,1,4,3,0.75,3,3,0.75,0.75,0.20618575,0.25,1.0,0.5,0.0,4
499579905508917248,1,15,14,0.933333,14,14,0.933333,0.933333,0.06309152,0.06666667,1.0,0.13333333,0.73646,15
499581469027618816,3,14,10,0.714286,5,5,0.571429,1.0,0.04570058,0.07142857,0.38461538,0.10989011,0.0,8
499581876668227584,0,1,0,0.0,0,0,1.0,0.0,1.0,1.0,1.0,1.0,0.0,1
499583349267382273,0,1,0,0.0,0,0,1.0,0.0,1.0,1.0,1.0,1.0,0.0,1
499583424114728961,2,14,4,0.285714,1,0,0.714286,0.357143,0.05517997,0.07142857,0.0,0.04395604,0.0,8
499584511710351361,0,2,0,0.0,0,0,1.0,0.0,0.5,0.5,0.0,0.0,0.0,2
499584606878715905,1,19,1,0.052632,1,0,0.947368,0.052632,0.05037784,0.05263158,0.0,0.00584795,0.12193,19
499584618165567488,2,19,12,0.631579,11,11,0.894737,0.684211,0.04815638,0.05263158,0.61111111,0.07017544,0.098684,11
499585144416514048,8,57,48,0.842105,16,3,0.701754,1.964912,0.01175628,0.01754386,0.05357143,0.03007519,0.02924,35
499586890837016579,0,9,0,0.0,0,0,1.0,0.0,0.11111111,0.11111111,0.0,0.0,0.0,8
499588291335692288,2,31,28,0.903226,26,26,0.903226,0.967742,0.02975698,0.03225806,0.86666667,0.06021505,0.107885,26
499589336816308227,0,19,0,0.0,0,0,1.0,0.0,0.05263158,0.05263158,0.0,0.0,0.039465,19
499590048313262080,2,32,27,0.84375,25,25,0.90625,0.90625,0.02889523,0.03125,0.80645161,0.05443548,0.039265,29
499590929611640832,1,12,11,0.916667,11,11,0.916667,0.916667,0.07782115,0.08333333,1.0,0.16666667,0.082371,11
499592320900431872,5,80,56,0.7,10,10,0.5125,1.225,0.00778921,0.0125,0.12658228,0.01772152,0.008333,14
499595283504701440,4,48,27,0.5625,9,9,0.791667,1.270833,0.01693093,0.02083333,0.19148936,0.02393617,0.088835,20
499596695705894912,8,53,38,0.716981,11,11,0.54717,1.830189,0.01161371,0.01886792,0.21153846,0.0275762,0.038784,11
499598115888848896,0,1,0,0.0,0,0,1.0,0.0,1.0,1.0,1.0,1.0,0.0,1
499598154581303296,6,109,52,0.477064,14,14,0.752294,1.46789,0.00711949,0.00917431,0.12962963,0.00883452,0.055596,23
499598945417703424,1,8,5,0.625,5,5,0.875,0.625,0.11299437,0.125,0.71428571,0.17857143,0.151442,7
499600140580044800,4,53,47,0.886792,38,38,0.830189,1.113208,0.01530725,0.01886792,0.73076923,0.0341074,0.875665,41
499601812005998592,1,10,6,0.6,4,4,0.7,0.6,0.07968118,0.1,0.44444444,0.13333333,0.08125,7
499601956491374594,0,6,0,0.0,0,0,1.0,0.0,0.16666667,0.16666667,0.0,0.0,0.04,6
499602333404504064,2,19,15,0.789474,14,14,0.894737,0.894737,0.04818904,0.05263158,0.77777778,0.0877193,0.0,17
499602370917978112,2,18,16,0.888889,15,15,0.888889,0.944444,0.05063764,0.05555556,0.88235294,0.10457516,0.067703,17
499602989133594624,1,2,1,0.5,1,1,0.5,0.5,0.35087736,0.5,1.0,1.0,0.25,2
499604750888083456,2,13,12,0.923077,10,10,0.846154,1.076923,0.0676945,0.07692308,0.83333333,0.15384615,0.008723,13
499605248747786240,8,39,30,0.769231,6,3,0.615385,3.282051,0.01805736,0.02564103,0.07894737,0.04048583,0.008547,6
499606278910398464,2,17,15,0.882353,13,13,0.823529,1.0,0.0508617,0.05882353,0.8125,0.11029412,0.125641,15
499606771246567424,0,1,0,0.0,0,0,1.0,0.0,1.0,1.0,1.0,1.0,0.0,1
499607500187250689,2,18,2,0.111111,2,0,0.944444,0.277778,0.05305041,0.05555556,0.0,0.0130719,0.111111,14
499608179362521088,2,16,13,0.8125,12,12,0.875,0.875,0.05630565,0.0625,0.8,0.10833333,0.133586,15
499610913112989696,3,18,12,0.666667,9,9,0.833333,0.944444,0.04668316,0.05555556,0.52941176,0.07843137,0.194797,14
499611069565112320,2,5,4,0.8,3,3,0.6,1.0,0.14407486,0.2,0.75,0.4,0.075,5
499611719090450432,6,71,45,0.633803,12,12,0.633803,1.323944,0.00996327,0.01408451,0.17142857,0.01810865,0.045383,16
499612195756728320,2,15,13,0.866667,11,11,0.8,1.0,0.05655671,0.06666667,0.78571429,0.12380952,0.121905,14
499612545909415938,3,28,8,0.285714,4,0,0.857143,0.464286,0.03105655,0.03571429,0.0,0.02116402,0.904762,21
499613731312005121,0,10,0,0.0,0,0,1.0,0.0,0.1,0.1,0.0,0.0,0.006481,9
499615655906533376,1,19,18,0.947368,18,18,0.947368,0.947368,0.05037763,0.05263158,1.0,0.10526316,0.042464,19
499619724222038016,2,17,15,0.882353,13,13,0.823529,1.0,0.0508617,0.05882353,0.8125,0.11029412,0.013072,17
499620598994444288,7,26,22,0.846154,7,7,0.461538,2.153846,0.01781787,0.03846154,0.28,0.06769231,0.104396,12
499620682502635520,5,50,34,0.68,26,26,0.82,1.0,0.0154815,0.02,0.53061224,0.0277551,0.061333,25
499621957747224576,1,11,10,0.909091,10,10,0.909091,0.909091,0.08438842,0.09090909,1.0,0.18181818,0.106061,11
499622667142844416,2,18,14,0.777778,13,13,0.888889,0.833333,0.05061861,0.05555556,0.76470588,0.09150327,0.027778,17
499626055251271682,2,15,2,0.133333,1,0,0.866667,0.333333,0.05988025,0.06666667,0.0,0.01904762,0.019907,12
499635247311781889,0,1,0,0.0,0,0,1.0,0.0,1.0,1.0,1.0,1.0,0.166667,1
499635302764662784,6,99,73,0.737374,41,41,0.737374,1.393939,0.00784398,0.01010101,0.41836735,0.01504844,0.059575,36
499636076852420608,1,3,2,0.666667,2,2,0.666667,0.666667,0.25974051,0.33333333,1.0,0.66666667,0.08,3
499637476315910146,5,61,24,0.393443,3,0,0.704918,0.622951,0.0118248,0.01639344,0.0,0.01311475,0.027322,11
499638207987089408,1,19,18,0.947368,18,18,0.947368,0.947368,0.05037763,0.05263158,1.0,0.10526316,0.063184,19
499642374428307457,0,3,0,0.0,0,0,1.0,0.0,0.33333333,0.33333333,0.0,0.0,0.833333,3
499642704687816706,1,6,1,0.166667,1,0,0.833333,0.166667,0.14598538,0.16666667,0.0,0.06666667,0.055556,6
499643185581142016,3,46,35,0.76087,29,29,0.847826,0.934783,0.01867861,0.02173913,0.64444444,0.03381643,0.011228,38
499647059688173569,3,22,6,0.272727,2,0,0.818182,0.409091,0.0373262,0.04545455,0.0,0.02597403,0.054545,16
499647397278937088,1,2,1,0.5,1,1,0.5,0.5,0.35087736,0.5,1.0,1.0,0.056701,2
499648409767538688,2,39,34,0.871795,27,27,0.846154,1.0,0.02262079,0.02564103,0.71052632,0.04588394,0.715172,30
499648712596271107,1,18,1,0.055556,1,0,0.944444,0.055556,0.05305041,0.05555556,0.0,0.00653595,0.093416,18
499649230181388289,2,39,7,0.179487,3,0,0.897436,0.307692,0.02318974,0.02564103,0.0,0.00944669,0.031981,26
499649754822103040,3,19,17,0.894737,15,15,0.842105,1.052632,0.04471956,0.05263158,0.83333333,0.0994152,0.051657,17
499649813332639744,1,5,0,0.0,0,0,1.0,0.8,0.2,0.2,0.0,0.0,0.069697,5
499649872534831104,2,17,14,0.823529,13,13,0.882353,0.882353,0.05331748,0.05882353,0.8125,0.10294118,0.082353,15
499650234914713600,1,3,2,0.666667,2,2,0.666667,0.666667,0.25974051,0.33333333,1.0,0.66666667,0.0,3
499650640314777601,0,5,0,0.0,0,0,1.0,0.0,0.2,0.2,0.0,0.0,0.045455,5
499651344622694400,2,61,50,0.819672,43,43,0.901639,0.885246,0.01503875,0.01639344,0.71666667,0.0273224,0.041703,51
499651830951841794,0,7,0,0.0,0,0,1.0,0.0,0.14285714,0.14285714,0.0,0.0,0.130159,6
499652256288235521,1,5,1,0.2,1,0,0.8,0.2,0.17094019,0.2,0.0,0.1,0.0,5
499652628825899009,3,19,7,0.368421,1,0,0.631579,0.684211,0.03440195,0.05263158,0.0,0.04093567,0.150731,12
499652797030088704,0,1,0,0.0,0,0,1.0,0.0,1.0,1.0,1.0,1.0,0.0,1
499653470417199105,0,4,0,0.0,0,0,1.0,0.0,0.25,0.25,0.0,0.0,0.066667,4
499654272342953984,1,9,2,0.222222,2,2,0.888889,0.222222,0.10152285,0.11111111,0.25,0.05555556,0.025253,8
499654313870761984,0,1,0,0.0,0,0,1.0,0.0,1.0,1.0,1.0,1.0,0.0,1
499655249398075392,4,41,35,0.853659,24,24,0.829268,1.146341,0.02064577,0.02439024,0.6,0.04268293,0.775954,24
499655603405725696,1,18,13,0.722222,13,13,0.944444,0.722222,0.05305041,0.05555556,0.76470588,0.08496732,0.064815,14
499655869412286464,3,18,13,0.722222,11,11,0.833333,1.055556,0.04850678,0.05555556,0.64705882,0.08496732,0.037037,12
499657337548701696,3,28,22,0.785714,16,16,0.785714,1.035714,0.02810204,0.03571429,0.59259259,0.05820106,0.116838,23
499657337985323009,3,24,4,0.166667,1,0,0.833333,0.333333,0.03394542,0.04166667,0.0,0.01449275,0.022727,14
499657584836874240,2,10,7,0.7,6,6,0.8,0.8,0.08459937,0.1,0.66666667,0.15555556,0.0,8
499658267493019651,2,19,1,0.052632,1,0,0.947368,0.315789,0.05037784,0.05263158,0.0,0.00584795,0.04386,17
499659628645720064,4,40,29,0.725,18,18,0.75,1.35,0.01944163,0.025,0.46153846,0.03717949,0.074921,23
499660656769921025,2,6,2,0.333333,1,0,0.666667,0.5,0.11872957,0.16666667,0.0,0.13333333,0.2211,5
499660768908832771,0,10,0,0.0,0,0,1.0,0.0,0.1,0.1,0.0,0.0,0.01134,10
499660771857809409,5,21,11,0.52381,4,0,0.714286,1.333333,0.03595368,0.04761905,0.0,0.05238095,0.18254,7
499662307560263680,2,19,14,0.736842,12,12,0.842105,0.842105,0.04614588,0.05263158,0.66666667,0.08187135,0.050125,13
499662393627410432,1,13,9,0.692308,8,8,0.846154,0.692308,0.06802726,0.07692308,0.66666667,0.11538462,0.085114,11
499663992697417728,1,13,11,0.846154,11,11,0.923077,0.846154,0.07220225,0.07692308,0.91666667,0.14102564,0.068765,13
499665704300191745,1,17,1,0.058824,1,0,0.941176,0.058824,0.05602243,0.05882353,0.0,0.00735294,0.039216,16
499665889198088192,1,9,5,0.555556,5,5,0.888889,0.555556,0.10152277,0.11111111,0.625,0.13888889,0.049383,7
499667482354143232,3,20,17,0.85,13,13,0.75,1.2,0.0397039,0.05,0.68421053,0.08947368,0.033333,17
499667557247614977,0,5,0,0.0,0,0,1.0,0.0,0.2,0.2,0.0,0.0,0.133333,5
499668221767999488,2,8,5,0.625,5,5,0.875,1.125,0.11299437,0.125,0.71428571,0.17857143,0.058442,7
499669445548449793,0,9,0,0.0,0,0,1.0,0.0,0.11111111,0.11111111,0.0,0.0,0.180864,9
499669671034257408,6,27,22,0.814815,12,12,0.62963,1.851852,0.02593569,0.03703704,0.46153846,0.06267806,0.053628,19
499671635067437056,2,22,7,0.318182,6,6,0.909091,0.454545,0.04219408,0.04545455,0.28571429,0.03030303,0.049825,10
499672226887897089,0,1,0,0.0,0,0,1.0,0.0,1.0,1.0,1.0,1.0,0.0,1
499673142114013186,5,66,15,0.227273,2,0,0.787879,0.469697,0.01228433,0.01515152,0.0,0.00699301,0.056184,51
499673760484433921,1,25,1,0.04,1,0,0.96,0.04,0.03868472,0.04,0.0,0.00333333,0.019048,25
499674159916789760,2,19,18,0.947368,17,17,0.894737,1.0,0.04821023,0.05263158,0.94444444,0.10526316,0.029352,19
499674825753772033,0,8,0,0.0,0,0,1.0,0.0,0.125,0.125,0.0,0.0,0.0625,4
499674902060744704,0,1,0,0.0,0,0,1.0,0.0,1.0,1.0,1.0,1.0,0.363636,1
499674991294951424,3,14,12,0.857143,11,11,0.857143,1.142857,0.06369429,0.07142857,0.84615385,0.13186813,0.0,13
499676350064508928,0,1,0,0.0,0,0,1.0,0.0,1.0,1.0,1.0,1.0,0.0,1
499678305134448641,0,6,0,0.0,0,0,1.0,0.0,0.16666667,0.16666667,0.0,0.0,0.0,6
499678822598340608,2,23,20,0.869565,16,16,0.826087,0.956522,0.03686978,0.04347826,0.72727273,0.07905138,0.054348,17
499679142766735362,2,33,2,0.060606,1,0,0.939394,0.121212,0.02881845,0.03030303,0.0,0.00378788,0.067075,29
499679986727411715,0,8,0,0.0,0,0,1.0,0.0,0.125,0.125,0.0,0.0,0.03,8
499681614549377024,1,17,16,0.941176,16,16,0.941176,0.941176,0.05602206,0.05882353,1.0,0.11764706,0.069853,16
499682060793937921,8,103,40,0.38835,5,0,0.747573,1.378641,0.00765526,0.00970874,0.0,0.0076147,0.056622,44
499683602452717569,2,32,2,0.0625,1,0,0.9375,0.09375,0.02905071,0.03125,0.0,0.00403226,0.097341,26
499684402616864768,2,14,11,0.785714,11,11,0.928571,1.071429,0.06734012,0.07142857,0.84615385,0.12087912,0.025974,14
499685593857531906,0,1,0,0.0,0,0,1.0,0.0,1.0,1.0,1.0,1.0,0.333333,1
499687274326786049,0,8,0,0.0,0,0,1.0,0.0,0.125,0.125,0.0,0.0,0.05,8
499687644045918210,3,42,10,0.238095,3,0,0.857143,0.380952,0.02071768,0.02380952,0.0,0.0116144,0.049735,29
499688532391526400,2,37,33,0.891892,27,27,0.864865,1.054054,0.02417967,0.02702703,0.75,0.04954955,0.083884,36
499688832300630016,6,37,25,0.675676,5,5,0.567568,1.756757,0.01754348,0.02702703,0.13888889,0.03753754,0.127027,9
499689349420568577,7,230,80,0.347826,9,0,0.778261,0.713043,0.00350933,0.00434783,0.0,0.00303778,0.033571,101
499689438092726273,1,20,3,0.15,1,0,0.85,0.15,0.04434592,0.05,0.0,0.01578947,0.073095,20
499689757652566016,3,15,14,0.933333,12,12,0.8,1.133333,0.05439548,0.06666667,0.85714286,0.13333333,0.033333,14
499689919929798657,0,18,0,0.0,0,0,1.0,0.0,0.05555556,0.05555556,0.0,0.0,0.047222,15
499690032601772032,0,1,0,0.0,0,0,1.0,0.0,1.0,1.0,1.0,1.0,0.0,1
499690323883589632,1,8,5,0.625,5,5,0.875,0.625,0.11299437,0.125,0.71428571,0.17857143,0.149621,8
499690351875981313,0,3,0,0.0,0,0,1.0,0.0,0.33333333,0.33333333,0.0,0.0,0.0,3
499690604302192640,1,10,8,0.8,8,8,0.9,0.8,0.09216586,0.1,0.88888889,0.17777778,0.053333,10
499690835059814400,0,1,0,0.0,0,0,1.0,0.0,1.0,1.0,1.0,1.0,0.0,1
499690869784846336,1,19,0,0.0,0,0,1.0,0.842105,0.05263158,0.05263158,0.0,0.0,0.043557,19
499691224169590784,3,14,11,0.785714,8,8,0.785714,1.214286,0.05977061,0.07142857,0.61538462,0.12087912,0.111317,11
499691429359517696,2,12,11,0.916667,10,10,0.833333,1.0,0.07260977,0.08333333,0.90909091,0.16666667,0.098367,12
499691501136650240,1,5,4,0.8,4,4,0.8,0.8,0.17094005,0.2,1.0,0.4,0.1,5
499691556652449792,2,14,12,0.857143,10,10,0.785714,0.928571,0.05789539,0.07142857,0.76923077,0.13186813,0.035714,12
499691593985957888,1,3,2,0.666667,2,2,0.666667,0.666667,0.25974051,0.33333333,1.0,0.66666667,0.383117,3
499691638424608768,1,6,5,0.833333,5,5,0.833333,0.833333,0.14598557,0.16666667,1.0,0.33333333,0.083333,6
499691702660374528,2,51,46,0.901961,44,44,0.960784,0.960784,0.01896942,0.01960784,0.88,0.03607843,0.050711,49
499691814358888448,2,17,15,0.882353,14,14,0.882353,0.941176,0.0533288,0.05882353,0.875,0.11029412,0.04751,16
499692099005325312,1,8,7,0.875,7,7,0.875,0.875,0.11299419,0.125,1.0,0.25,0.0,8
499692589143298049,6,49,20,0.408163,3,0,0.693878,1.0,0.0150124,0.02040816,0.0,0.0170068,0.057228,30
499692788993511424,4,32,26,0.8125,15,15,0.71875,1.3125,0.02442618,0.03125,0.48387097,0.05241935,0.08242,19
499692915954704384,3,34,29,0.852941,23,23,0.794118,1.058824,0.02495286,0.02941176,0.6969697,0.0516934,0.067974,27
499693137670205440,2,23,16,0.695652,15,15,0.913043,0.826087,0.04040703,0.04347826,0.68181818,0.06324111,0.013527,19
499693411503726592,2,18,17,0.944444,16,16,0.888889,1.0,0.05064538,0.05555556,0.94117647,0.11111111,0.01659,18
499693751720501248,1,26,25,0.961538,25,25,0.961538,0.961538,0.03724391,0.03846154,1.0,0.07692308,0.023504,25
499693808515182592,0,1,0,0.0,0,0,1.0,0.0,1.0,1.0,1.0,1.0,0.66,1
499694783691239424,3,39,33,0.846154,24,24,0.794872,1.230769,0.0212574,0.02564103,0.63157895,0.04453441,0.026068,33
499695028407922689,1,15,2,0.133333,1,0,0.866667,0.133333,0.05988025,0.06666667,0.0,0.01904762,0.0,11
499695074855624704,2,13,11,0.846154,9,9,0.769231,1.0,0.06365145,0.07692308,0.75,0.14102564,0.013986,11
499695460358311936,1,16,0,0.0,0,0,1.0,0.9375,0.0625,0.0625,0.0,0.0,0.082846,16
499695682476060673,1,10,1,0.1,1,0,0.9,0.1,0.09216586,0.1,0.0,0.02222222,0.071111,10
499695918547861504,3,229,164,0.716157,122,122,0.855895,0.9869,0.00377812,0.00436681,0.53508772,0.00628208,0.048379,125
499696137708658688,1,9,8,0.888889,8,8,0.888889,0.888889,0.10152277,0.11111111,1.0,0.22222222,0.0,7
499696525808001024,2,35,33,0.942857,31,31,0.914286,1.0,0.02659815,0.02857143,0.91176471,0.05546218,0.061614,34
499696550541795328,2,23,20,0.869565,14,14,0.826087,1.043478,0.03729558,0.04347826,0.63636364,0.07905138,0.030193,17
499696733979688961,3,38,12,0.315789,2,0,0.710526,0.447368,0.01966409,0.02631579,0.0,0.0170697,0.036184,27
499696744155062272,8,116,91,0.784483,53,53,0.732759,1.431034,0.00656313,0.00862069,0.46086957,0.01364318,0.032777,74
499696948296028160,6,177,120,0.677966,14,14,0.581921,1.655367,0.00368826,0.00564972,0.07954545,0.00770416,0.044221,46
499697037156171776,3,51,43,0.843137,31,31,0.803922,1.078431,0.01655014,0.01960784,0.62,0.03372549,0.03811,35
499697194325114881,0,8,0,0.0,0,0,1.0,0.0,0.125,0.125,0.0,0.0,0.014423,7
499697498072420352,4,79,28,0.35443,3,0,0.78481,1.025316,0.01021266,0.01265823,0.0,0.00908796,0.016878,27
499697648866045953,0,2,0,0.0,0,0,1.0,0.0,0.5,0.5,0.0,0.0,0.75,2
499697652385464320,3,18,17,0.944444,13,13,0.777778,1.277778,0.04488162,0.05555556,0.76470588,0.11111111,0.087963,16
499697729225105408,1,8,7,0.875,7,7,0.875,0.875,0.11299419,0.125,1.0,0.25,0.077907,8
499697848737210369,0,8,0,0.0,0,0,1.0,0.0,0.125,0.125,0.0,0.0,0.03,8
499697887434248192,1,21,20,0.952381,20,20,0.952381,0.952381,0.04576647,0.04761905,1.0,0.0952381,0.003086,20
499698311306043392,12,72,50,0.694444,5,5,0.555556,3.569444,0.00832782,0.01388889,0.07042254,0.01956182,0.006944,16
499698357397237762,1,16,3,0.1875,2,0,0.875,0.1875,0.05649718,0.0625,0.0,0.025,0.03125,10
499698366402789376,2,4,2,0.5,2,2,0.75,1.0,0.20618553,0.25,0.66666667,0.33333333,0.0,4
499698817567293440,2,19,15,0.789474,12,12,0.789474,0.894737,0.0444042,0.05263158,0.66666667,0.0877193,0.013158,17
499698825020592129,3,19,5,0.263158,1,0,0.736842,0.578947,0.03841467,0.05263158,0.0,0.02923977,0.048872,11
499698828845780993,1,20,3,0.15,1,0,0.85,0.15,0.04434592,0.05,0.0,0.01578947,0.091835,17
499698964925796352,1,17,0,0.0,0,0,1.0,0.941176,0.05882353,0.05882353,0.0,0.0,0.082294,14
499699006298419200,1,2,1,0.5,1,1,0.5,0.5,0.35087736,0.5,1.0,1.0,0.181818,2
499699052389208065,4,28,7,0.25,2,0,0.785714,0.464286,0.02770962,0.03571429,0.0,0.01851852,0.10119,16
499699107615997952,2,14,1,0.071429,1,0,0.928571,1.0,0.06734006,0.07142857,0.0,0.01098901,0.066071,12
499699270883110913,0,1,0,0.0,0,0,1.0,0.0,1.0,1.0,1.0,1.0,0.0,1
499699366660423680,3,17,15,0.882353,12,12,0.764706,1.117647,0.04696136,0.05882353,0.75,0.11029412,0.118474,16
499699435551866880,1,5,4,0.8,4,4,0.8,0.8,0.17094005,0.2,1.0,0.4,0.127273,5
499699479688544257,0,10,0,0.0,0,0,1.0,0.0,0.1,0.1,0.0,0.0,0.507302,10
499699779426066432,2,21,14,0.666667,12,12,0.857143,0.761905,0.04246286,0.04761905,0.6,0.06666667,0.043908,13
499699803576881152,2,13,1,0.076923,1,0,0.923077,1.076923,0.07220216,0.07692308,0.0,0.01282051,0.008547,12
499699989237747712,2,19,15,0.789474,15,15,0.947368,0.894737,0.05037784,0.05263158,0.83333333,0.0877193,0.019139,19
499700083265269763,2,11,4,0.363636,2,0,0.727273,0.454545,0.07006488,0.09090909,0.0,0.07272727,0.11157,10
499700209484828672,1,19,18,0.947368,18,18,0.947368,0.947368,0.05037763,0.05263158,1.0,0.10526316,0.049708,17
499700213792387073,1,7,1,0.142857,1,0,0.857143,0.142857,0.12738858,0.14285714,0.0,0.04761905,0.302381,7
499700279412281345,1,7,1,0.142857,1,0,0.857143,0.142857,0.12738858,0.14285714,0.0,0.04761905,0.057143,7
499700579527299073,2,46,11,0.23913,3,0,0.847826,0.326087,0.01872835,0.02173913,0.0,0.01062802,0.029176,19
499700824432717824,1,14,10,0.714286,7,7,0.785714,0.714286,0.06042289,0.07142857,0.53846154,0.10989011,0.0,9
499700838127120386,4,44,14,0.318182,2,0,0.772727,0.727273,0.01819023,0.02272727,0.0,0.01479915,0.021143,21
499700861900435456,1,18,17,0.944444,17,17,0.944444,0.944444,0.05305013,0.05555556,1.0,0.11111111,0.006173,18
499700906384842752,1,2,0,0.0,0,0,1.0,0.5,0.5,0.5,0.0,0.0,0.12,2
499701114195808257,1,21,3,0.142857,1,0,0.857143,0.142857,0.04246286,0.04761905,0.0,0.01428571,0.051347,19
499701408904798208,2,16,10,0.625,6,6,0.8125,0.875,0.05356067,0.0625,0.4,0.08333333,0.044643,9
499701423135678464,2,7,6,0.857143,5,5,0.714286,1.0,0.11306466,0.14285714,0.83333333,0.28571429,0.0,7
499701576395919360,0,1,0,0.0,0,0,1.0,0.0,1.0,1.0,1.0,1.0,0.111111,1
499701669437784064,2,18,16,0.888889,14,14,0.833333,1.0,0.0484186,0.05555556,0.82352941,0.10457516,0.050705,18
499702088512049152,0,1,0,0.0,0,0,1.0,0.0,1.0,1.0,1.0,1.0,0.0,1
499702134279913472,2,16,14,0.875,13,13,0.875,1.0625,0.05632038,0.0625,0.86666667,0.11666667,0.067708,16
499702153909256193,0,1,0,0.0,0,0,1.0,0.0,1.0,1.0,1.0,1.0,0.0,1
499702206455488513,0,4,0,0.0,0,0,1.0,0.0,0.25,0.25,0.0,0.0,0.06,4
499702384424022016,2,22,16,0.727273,12,12,0.772727,0.863636,0.0369922,0.04545455,0.57142857,0.06926407,0.006494,16
499702462865874944,3,39,7,0.179487,2,0,0.846154,1.128205,0.02249151,0.02564103,0.0,0.00944669,0.082051,32
499703033174179840,1,10,9,0.9,9,9,0.9,0.9,0.09216586,0.1,1.0,0.2,0.128571,10
499703127193305088,2,15,11,0.733333,6,6,0.666667,0.866667,0.04976883,0.06666667,0.42857143,0.1047619,0.0,8
499703128540061699,1,19,1,0.052632,1,0,0.947368,0.105263,0.05037784,0.05263158,0.0,0.00584795,0.012183,18
499703156889362432,0,1,0,0.0,0,0,1.0,0.0,1.0,1.0,1.0,1.0,0.0,1
499703254637219841,2,17,3,0.176471,1,0,0.823529,0.235294,0.04932788,0.05882353,0.0,0.02205882,0.062092,10
499703369108553730,2,15,3,0.2,1,0,0.8,0.333333,0.05698002,0.06666667,0.0,0.02857143,0.011111,9
499703651079045121,0,1,0,0.0,0,0,1.0,0.0,1.0,1.0,1.0,1.0,0.111111,1
499703794805276672,1,19,17,0.894737,17,17,0.947368,0.894737,0.05037763,0.05263158,0.94444444,0.0994152,0.032895,19
499704226294300672,0,1,0,0.0,0,0,1.0,0.0,1.0,1.0,1.0,1.0,0.064815,1
499704241741520897,3,19,3,0.157895,1,0,0.842105,0.368421,0.04640375,0.05263158,0.0,0.01754386,0.002924,17
499704336935821314,1,10,2,0.2,2,0,0.9,0.3,0.09216586,0.1,0.0,0.04444444,0.081731,6
499704416937975809,5,29,7,0.241379,2,0,0.827586,0.758621,0.0283211,0.03448276,0.0,0.01724138,0.006897,11
499704570134941697,0,1,0,0.0,0,0,1.0,0.0,1.0,1.0,1.0,1.0,0.0,1
499704658139435008,0,1,0,0.0,0,0,1.0,0.0,1.0,1.0,1.0,1.0,0.0,1
499704667195322368,1,16,15,0.9375,15,15,0.9375,0.9375,0.05934721,0.0625,1.0,0.125,0.111269,16
499704780366036992,2,17,15,0.882353,14,14,0.882353,0.941176,0.0533288,0.05882353,0.875,0.11029412,0.1,13
499705041238765568,6,24,16,0.666667,8,8,0.625,1.291667,0.02617477,0.04166667,0.34782609,0.05797101,0.0,9
499705042178691072,2,15,13,0.866667,12,12,0.866667,0.933333,0.05966513,0.06666667,0.85714286,0.12380952,0.023369,14
499705246642622465,1,19,1,0.052632,1,0,0.947368,0.052632,0.05037784,0.05263158,0.0,0.00584795,0.010526,19
499705269434085376,4,8,7,0.875,2,2,0.25,2.0,0.05721073,0.125,0.28571429,0.25,0.0,3
499705545583263744,0,1,0,0.0,0,0,1.0,0.0,1.0,1.0,1.0,1.0,0.0,1
499705599454883840,1,8,7,0.875,7,7,0.875,0.875,0.11299419,0.125,1.0,0.25,0.035714,8
499705746377150464,1,4,1,0.25,1,1,0.75,0.25,0.20618553,0.25,0.33333333,0.16666667,0.363095,3
499705810076053504,3,26,20,0.769231,15,15,0.807692,1.038462,0.03090497,0.03846154,0.6,0.06153846,0.023504,18
499705915227271168,3,8,6,0.75,5,5,0.75,1.25,0.10309287,0.125,0.71428571,0.21428571,0.025,7
499705963126202368,2,18,15,0.833333,14,14,0.888889,0.944444,0.05076139,0.05555556,0.82352941,0.09803922,0.033162,16
499706059691663360,2,18,11,0.611111,8,8,0.777778,0.666667,0.04653257,0.05555556,0.47058824,0.07189542,0.077441,10
499706065769201666,2,39,5,0.128205,4,0,0.948718,0.153846,0.0244615,0.02564103,0.0,0.00674764,0.031469,33
499706211093471232,1,19,15,0.789474,15,15,0.947368,0.789474,0.05037784,0.05263158,0.83333333,0.0877193,0.045455,19
499706350759206912,1,15,12,0.8,12,12,0.933333,0.8,0.06309152,0.06666667,0.85714286,0.11428571,0.025,14
499706705354448897,1,23,5,0.217391,2,0,0.826087,0.217391,0.03787885,0.04347826,0.0,0.01976285,0.751449,19
499706791396392960,1,17,16,0.941176,16,16,0.941176,0.941176,0.05602206,0.05882353,1.0,0.11764706,0.050654,16
500069586063335424,2,20,14,0.7,12,12,0.85,0.75,0.04422776,0.05,0.63157895,0.07368421,0.057937,15
500070108099002368,1,19,17,0.894737,17,17,0.947368,0.894737,0.05037763,0.05263158,0.94444444,0.0994152,0.124318,18
500070699768496128,3,33,29,0.878788,23,23,0.818182,1.181818,0.02521363,0.03030303,0.71875,0.05492424,0.044012,27
500070716650565632,0,1,0,0.0,0,0,1.0,0.0,1.0,1.0,1.0,1.0,0.0,1
500070913836982272,0,1,0,0.0,0,0,1.0,0.0,1.0,1.0,1.0,1.0,0.2,1
500071770192216065,0,21,0,0.0,0,0,1.0,0.0,0.04761905,0.04761905,0.0,0.0,0.034713,21
500072098178813954,1,7,1,0.142857,1,0,0.857143,0.142857,0.12738858,0.14285714,0.0,0.04761905,0.010989,7
500072137374171136,0,1,0,0.0,0,0,1.0,0.0,1.0,1.0,1.0,1.0,0.2,1
500072155166814209,0,6,0,0.0,0,0,1.0,0.0,0.16666667,0.16666667,0.0,0.0,0.083333,6
500072334578159616,2,18,12,0.666667,8,8,0.722222,0.777778,0.04335983,0.05555556,0.47058824,0.07843137,0.0,11
500072455931588611,0,17,0,0.0,0,0,1.0,0.0,0.05882353,0.05882353,0.0,0.0,0.057423,16
500073002101665792,1,6,5,0.833333,5,5,0.833333,0.833333,0.14598557,0.16666667,1.0,0.33333333,0.122222,6
500073277273165824,3,9,8,0.888889,5,5,0.666667,1.333333,0.08252756,0.11111111,0.625,0.22222222,0.089947,8
500074069354905600,8,34,31,0.911765,10,10,0.5,3.147059,0.01615003,0.02941176,0.3030303,0.05525847,0.061673,20
500160181184249856,2,8,6,0.75,6,6,0.875,1.0,0.11299419,0.125,0.85714286,0.21428571,0.098684,8
500162426998755330,1,19,3,0.157895,2,0,0.894737,0.210526,0.04830915,0.05263158,0.0,0.01754386,0.060095,17
500163501961142275,1,9,1,0.111111,1,0,0.888889,0.111111,0.10152285,0.11111111,0.0,0.02777778,0.100741,8
500163615555878912,2,19,16,0.842105,14,14,0.894737,1.052632,0.04818904,0.05263158,0.77777778,0.09356725,0.179825,17
500164348963459072,0,1,0,0.0,0,0,1.0,0.0,1.0,1.0,1.0,1.0,0.789474,1
500165620835840000,1,19,17,0.894737,17,17,0.947368,0.894737,0.05037763,0.05263158,0.94444444,0.0994152,0.019006,17
500171743466901505,2,12,4,0.333333,2,0,0.75,0.416667,0.06706338,0.08333333,0.0,0.06060606,0.263889,9
500175929902395392,6,22,18,0.818182,6,2,0.681818,3.5,0.03232969,0.04545455,0.0952381,0.07792208,0.060606,4
500176026882678784,1,10,9,0.9,9,9,0.9,0.9,0.09216586,0.1,1.0,0.2,0.086,9
500176071476936704,1,17,16,0.941176,16,16,0.941176,0.941176,0.05602206,0.05882353,1.0,0.11764706,0.024668,16
500176354185187328,1,2,1,0.5,1,1,0.5,0.5,0.35087736,0.5,1.0,1.0,0.0,2
500177556768034816,9,43,40,0.930233,30,30,0.744186,1.790698,0.01477925,0.02325581,0.71428571,0.04429679,0.025893,34
500180625312083968,3,5,4,0.8,2,2,0.4,1.4,0.11184682,0.2,0.5,0.4,0.0,4
500180740127342592,1,8,7,0.875,7,7,0.875,0.875,0.11299419,0.125,1.0,0.25,0.03125,7
500183912384319489,0,18,0,0.0,0,0,1.0,0.0,0.05555556,0.05555556,0.0,0.0,0.0,17
500186504279625728,1,4,3,0.75,3,3,0.75,0.75,0.20618575,0.25,1.0,0.5,0.083333,4
500186818374270976,1,8,7,0.875,7,7,0.875,0.875,0.11299419,0.125,1.0,0.25,0.08125,8
500189389855916032,2,16,15,0.9375,14,14,0.875,1.0,0.05633301,0.0625,0.93333333,0.125,0.020833,14
500192488003354624,1,14,12,0.857143,12,12,0.928571,0.857143,0.06734012,0.07142857,0.92307692,0.13186813,0.0,12
500197999205965824,1,17,16,0.941176,16,16,0.941176,0.941176,0.05602206,0.05882353,1.0,0.11764706,0.067354,14
500210207986028544,0,1,0,0.0,0,0,1.0,0.0,1.0,1.0,1.0,1.0,0.0,1
500212911856295940,0,3,0,0.0,0,0,1.0,0.0,0.33333333,0.33333333,0.0,0.0,0.222222,3
500213598149672960,2,10,8,0.8,8,8,0.9,1.0,0.09216586,0.1,0.88888889,0.17777778,0.12799,8
500217516611108864,0,1,0,0.0,0,0,1.0,0.0,1.0,1.0,1.0,1.0,0.5,1
500221671245377537,2,14,2,0.142857,1,0,0.857143,0.214286,0.06089209,0.07142857,0.0,0.02197802,0.022222,13
500224586064343040,2,8,7,0.875,6,6,0.75,1.0,0.10182859,0.125,0.85714286,0.25,0.169326,8
500225210667122690,0,1,0,0.0,0,0,1.0,0.0,1.0,1.0,1.0,1.0,0.307692,1
500231335668383744,2,13,2,0.153846,1,0,0.846154,0.923077,0.06802726,0.07692308,0.0,0.02564103,0.024615,10
500231484725161984,2,16,13,0.8125,12,12,0.875,0.875,0.05630565,0.0625,0.8,0.10833333,0.078125,14
500234112054341632,5,59,43,0.728814,22,22,0.711864,1.271186,0.01299074,0.01694915,0.37931034,0.0251315,0.054816,33
500234390723915776,1,39,36,0.923077,36,36,0.974359,0.923077,0.0250941,0.02564103,0.94736842,0.048583,0.068438,35
500235112785924096,1,18,14,0.777778,13,13,0.888889,0.777778,0.05076139,0.05555556,0.76470588,0.09150327,0.896296,15
500236187395571713,1,11,0,0.0,0,0,1.0,0.181818,0.09090909,0.09090909,0.0,0.0,0.074545,11
500236774103605248,2,25,20,0.8,14,14,0.8,0.92,0.03412791,0.04,0.58333333,0.06666667,0.033333,20
500237448798949376,2,21,14,0.666667,13,13,0.904762,0.714286,0.04394525,0.04761905,0.65,0.06666667,0.909166,12
500239327004471296,0,1,0,0.0,0,0,1.0,0.0,1.0,1.0,1.0,1.0,0.0,1
500239577387659265,2,9,2,0.222222,1,0,0.777778,0.333333,0.08754628,0.11111111,0.0,0.05555556,0.0,8
500240534481666049,0,10,0,0.0,0,0,1.0,0.0,0.1,0.1,0.0,0.0,0.0,10
500242061279637504,1,19,15,0.789474,15,15,0.947368,0.789474,0.05037784,0.05263158,0.83333333,0.0877193,0.867746,16
500246996163129344,3,30,8,0.266667,4,0,0.833333,1.166667,0.02904391,0.03333333,0.0,0.0183908,0.050926,25
500247508195749888,1,5,4,0.8,4,4,0.8,0.8,0.17094005,0.2,1.0,0.4,0.083333,5
500247666924986369,2,18,2,0.111111,1,0,0.888889,0.166667,0.04896562,0.05555556,0.0,0.0130719,0.887731,17
500249081286250496,0,1,0,0.0,0,0,1.0,0.0,1.0,1.0,1.0,1.0,0.52381,1
500249630664560640,3,33,26,0.787879,16,16,0.878788,1.242424,0.02729073,0.03030303,0.5,0.04924242,0.118687,25
500250188221779968,0,1,0,0.0,0,0,1.0,0.0,1.0,1.0,1.0,1.0,0.0,1
500250935885852673,0,1,0,0.0,0,0,1.0,0.0,1.0,1.0,1.0,1.0,0.0,1
500251242124173312,2,19,13,0.684211,10,10,0.789474,0.736842,0.04324795,0.05263158,0.55555556,0.07602339,0.730332,12
500251503903662082,0,3,0,0.0,0,0,1.0,0.0,0.33333333,0.33333333,0.0,0.0,0.0,3
500251535943942145,1,10,0,0.0,0,0,1.0,0.1,0.1,0.1,0.0,0.0,0.883333,9
500252508884070400,1,2,1,0.5,1,1,0.5,0.5,0.35087736,0.5,1.0,1.0,0.0,2
500254607470518272,1,16,14,0.875,14,14,0.9375,0.875,0.05934721,0.0625,0.93333333,0.11666667,0.678158,14
500254671337193474,0,4,0,0.0,0,0,1.0,0.0,0.25,0.25,0.0,0.0,0.0625,4
500255282757632000,2,12,11,0.916667,9,9,0.833333,1.083333,0.0725675,0.08333333,0.81818182,0.16666667,0.011905,11
500256984768475136,4,20,9,0.45,2,0,0.7,1.55,0.03569893,0.05,0.0,0.04736842,0.007143,10
500257166478282752,2,9,1,0.111111,1,0,0.888889,1.0,0.10152285,0.11111111,0.0,0.02777778,0.113492,8
500257318219837440,0,1,0,0.0,0,0,1.0,0.0,1.0,1.0,1.0,1.0,0.0,1
500258409988763649,0,8,0,0.0,0,0,1.0,0.0,0.125,0.125,0.0,0.0,0.879762,7
500260514807947264,1,5,4,0.8,4,4,0.8,0.8,0.17094005,0.2,1.0,0.4,0.9,5
500261600579043328,1,3,2,0.666667,2,2,0.666667,0.666667,0.25974051,0.33333333,1.0,0.66666667,0.060606,3
500263561298710528,1,18,13,0.722222,12,12,0.888889,0.722222,0.05076139,0.05555556,0.70588235,0.08496732,0.02963,15
500263680026869760,6,22,19,0.863636,12,12,0.636364,1.590909,0.02832599,0.04545455,0.57142857,0.08225108,0.93007,14
500264535471980544,4,20,8,0.4,5,0,0.8,1.3,0.04145511,0.05,0.0,0.04210526,0.076196,13
500264892134207493,0,1,0,0.0,0,0,1.0,0.0,1.0,1.0,1.0,1.0,0.166667,1
500265950667870209,0,15,0,0.0,0,0,1.0,0.0,0.06666667,0.06666667,0.0,0.0,0.135556,14
500266427840864256,2,19,16,0.842105,16,16,0.947368,0.947368,0.05037784,0.05263158,0.88888889,0.09356725,0.905263,18
500266967102914560,1,9,8,0.888889,8,8,0.888889,0.888889,0.10152277,0.11111111,1.0,0.22222222,0.13933,9
500266977814790144,2,14,1,0.071429,1,0,0.928571,1.071429,0.06734006,0.07142857,0.0,0.01098901,0.0,13
500269950876286976,1,19,17,0.894737,16,16,0.894737,0.894737,0.04830915,0.05263158,0.88888889,0.0994152,0.108674,18
500270055540916224,7,36,31,0.861111,22,22,0.75,1.5,0.02121674,0.02777778,0.62857143,0.04920635,0.013889,17
500270284117925888,1,5,4,0.8,4,4,0.8,0.8,0.17094005,0.2,1.0,0.4,0.094545,5
500270456830562305,0,3,0,0.0,0,0,1.0,0.0,0.33333333,0.33333333,0.0,0.0,0.0,3
500270780832174080,1,16,15,0.9375,15,15,0.9375,0.9375,0.05934721,0.0625,1.0,0.125,0.734186,15
500271532279877632,3,18,11,0.611111,11,11,0.944444,1.222222,0.05305041,0.05555556,0.64705882,0.07189542,0.094907,16
500272350906957824,0,1,0,0.0,0,0,1.0,0.0,1.0,1.0,1.0,1.0,0.0,1
500272399867068416,1,5,4,0.8,4,4,0.8,0.8,0.17094005,0.2,1.0,0.4,0.1,5
500273257262886912,2,33,32,0.969697,31,31,0.939394,1.0,0.02879904,0.03030303,0.96875,0.06060606,0.939277,30
500274132756738048,1,6,5,0.833333,5,5,0.833333,0.833333,0.14598557,0.16666667,1.0,0.33333333,0.116667,6
500274697485824000,1,16,15,0.9375,15,15,0.9375,0.9375,0.05934721,0.0625,1.0,0.125,0.051373,14
500275363558064128,0,1,0,0.0,0,0,1.0,0.0,1.0,1.0,1.0,1.0,1.0,1
500275854434639872,2,11,9,0.818182,9,9,0.909091,1.0,0.08438817,0.09090909,0.9,0.16363636,0.030303,11
500276114011742208,2,17,15,0.882353,14,14,0.882353,0.941176,0.0533288,0.05882353,0.875,0.11029412,0.059715,16
500277301607542785,0,7,0,0.0,0,0,1.0,0.0,0.14285714,0.14285714,0.0,0.0,0.0,7
500277311652913152,2,7,1,0.142857,1,0,0.857143,1.0,0.12738858,0.14285714,0.0,0.04761905,0.0,7
500277382461530112,1,14,8,0.571429,7,7,0.857143,0.571429,0.06369429,0.07142857,0.53846154,0.08791209,0.035714,10
500277421506306048,4,19,17,0.894737,7,7,0.526316,1.684211,0.03230486,0.05263158,0.38888889,0.0994152,0.062297,11
500277472068263937,0,18,0,0.0,0,0,1.0,0.0,0.05555556,0.05555556,0.0,0.0,0.057143,17
500277477986828288,1,4,3,0.75,3,3,0.75,0.75,0.20618575,0.25,1.0,0.5,0.166667,4
500277481119956992,3,36,27,0.75,18,18,0.75,1.027778,0.02146563,0.02777778,0.51428571,0.04285714,0.051034,21
500277526590423041,1,23,3,0.130435,1,0,0.869565,0.130435,0.03913895,0.04347826,0.0,0.01185771,0.892512,22
500277563072475136,3,13,1,0.076923,1,0,0.923077,1.076923,0.07220216,0.07692308,0.0,0.01282051,0.961538,11
500277625773121536,1,5,0,0.0,0,0,1.0,0.8,0.2,0.2,0.0,0.0,0.7,5
500277808883830784,2,14,12,0.857143,12,12,0.928571,1.0,0.06734012,0.07142857,0.92307692,0.13186813,0.915816,13
500277854341697536,2,9,0,0.0,0,0,1.0,0.666667,0.11111111,0.11111111,0.0,0.0,0.111111,5
500277940253634561,2,19,5,0.263158,3,0,0.842105,0.368421,0.04538923,0.05263158,0.0,0.02923977,0.759552,18
500278045597368320,2,16,13,0.8125,11,11,0.8125,0.875,0.05371819,0.0625,0.73333333,0.10833333,0.826667,14
500278169828470784,3,35,27,0.771429,17,17,0.685714,1.057143,0.02136641,0.02857143,0.5,0.04537815,0.87551,20
500278365031370752,1,9,0,0.0,0,0,1.0,0.777778,0.11111111,0.11111111,0.0,0.0,0.702924,9
500278485001457664,1,3,2,0.666667,2,2,0.666667,0.666667,0.25974051,0.33333333,1.0,0.66666667,1.0,3
500278858156085248,3,7,6,0.857143,4,4,0.571429,1.285714,0.09428049,0.14285714,0.66666667,0.28571429,0.85119,5
500278944881725440,1,9,8,0.888889,8,8,0.888889,0.888889,0.10152277,0.11111111,1.0,0.22222222,0.898323,9
500278978557804544,1,13,0,0.0,0,0,1.0,0.615385,0.07692308,0.07692308,0.0,0.0,0.115385,10
500279160795721728,9,95,54,0.568421,15,15,0.694737,1.536842,0.00788637,0.01052632,0.15957447,0.01209406,0.890967,30
500279189405433858,2,38,5,0.131579,2,0,0.894737,0.157895,0.02374027,0.02631579,0.0,0.00711238,0.880358,22
500279519455219712,2,16,9,0.5625,7,7,0.8125,0.6875,0.05331505,0.0625,0.46666667,0.075,0.792614,13
500279571988877312,1,3,2,0.666667,2,2,0.666667,0.666667,0.25974051,0.33333333,1.0,0.66666667,0.166667,3
500279951275606017,0,1,0,0.0,0,0,1.0,0.0,1.0,1.0,1.0,1.0,0.666667,1
500280176924557314,0,1,0,0.0,0,0,1.0,0.0,1.0,1.0,1.0,1.0,0.0,1
500280249629036544,4,28,12,0.428571,2,0,0.678571,1.392857,0.02588031,0.03571429,0.0,0.03174603,0.920238,13
500280304146612224,0,1,0,0.0,0,0,1.0,0.0,1.0,1.0,1.0,1.0,0.5,1
500280422295937024,1,14,11,0.785714,11,11,0.928571,0.785714,0.06734012,0.07142857,0.84615385,0.12087912,0.985714,14
500280477920796672,5,39,32,0.820513,25,25,0.820513,1.153846,0.02095007,0.02564103,0.65789474,0.04318489,0.927778,33
500280658665537537,6,60,38,0.633333,4,0,0.55,1.566667,0.01000908,0.01666667,0.0,0.02146893,0.983333,15
500280809652514816,10,228,139,0.609649,8,4,0.666667,2.057018,0.0031457,0.00438596,0.01762115,0.00537136,0.993017,6
500280838710247424,3,39,31,0.794872,22,22,0.794872,1.076923,0.02083025,0.02564103,0.57894737,0.04183536,0.863462,30
500280847912955904,1,3,2,0.666667,2,2,0.666667,0.666667,0.25974051,0.33333333,1.0,0.66666667,0.444444,3
500281037486698498,1,15,0,0.0,0,0,1.0,0.066667,0.06666667,0.06666667,0.0,0.0,0.08,14
500281094239817728,1,6,5,0.833333,5,5,0.833333,0.833333,0.14598557,0.16666667,1.0,0.33333333,0.761111,6
500281131057811456,4,21,19,0.904762,15,15,0.809524,1.238095,0.03864447,0.04761905,0.75,0.09047619,0.876984,15
500281856559161344,5,38,2,0.052632,1,0,0.947368,1.184211,0.02518892,0.02631579,0.0,0.00284495,0.847807,33
500282606316158976,1,5,3,0.6,3,3,0.8,0.6,0.17094005,0.2,0.75,0.3,0.133333,4
500282674200604672,1,9,8,0.888889,8,8,0.888889,0.888889,0.10152277,0.11111111,1.0,0.22222222,0.190572,9
500283013541163008,3,25,20,0.8,11,11,0.72,1.2,0.03075354,0.04,0.45833333,0.06666667,0.156381,13
500283291493494784,6,29,25,0.862069,19,19,0.758621,1.413793,0.02418446,0.03448276,0.67857143,0.06157635,0.95493,23
500283314230419456,2,13,10,0.769231,10,10,0.923077,0.923077,0.07220225,0.07692308,0.83333333,0.12820513,0.746593,11
500283831803326464,2,7,4,0.571429,2,2,0.714286,0.857143,0.1103601,0.14285714,0.33333333,0.19047619,0.846617,4
500283877567770624,0,1,0,0.0,0,0,1.0,0.0,1.0,1.0,1.0,1.0,0.625,1
500284091305299968,0,1,0,0.0,0,0,1.0,0.0,1.0,1.0,1.0,1.0,1.0,1
500284377490665472,1,4,3,0.75,3,3,0.75,0.75,0.20618575,0.25,1.0,0.5,0.628182,4
500284494201757696,4,67,47,0.701493,27,27,0.761194,1.029851,0.01163328,0.01492537,0.40909091,0.02125735,0.909597,36
500284699546517505,3,16,3,0.1875,1,0,0.8125,0.375,0.04852212,0.0625,0.0,0.025,0.678207,13
500284699760427009,6,32,11,0.34375,2,0,0.71875,1.09375,0.02121201,0.03125,0.0,0.02217742,0.868092,13
500284871541940225,0,8,0,0.0,0,0,1.0,0.0,0.125,0.125,0.0,0.0,0.813333,8
500285282650832896,2,10,9,0.9,8,8,0.8,1.0,0.08481539,0.1,0.88888889,0.2,0.11,9
500285732578013185,0,1,0,0.0,0,0,1.0,0.0,1.0,1.0,1.0,1.0,1.0,1
500285919539511296,1,18,17,0.944444,17,17,0.944444,0.944444,0.05305013,0.05555556,1.0,0.11111111,0.875176,18
500285938824908801,2,8,2,0.25,1,0,0.75,0.375,0.09594626,0.125,0.0,0.07142857,0.958333,7
500285962342367232,9,42,37,0.880952,22,22,0.714286,2.571429,0.01650662,0.02380952,0.53658537,0.04297329,0.038095,25
500286058664579072,4,74,48,0.648649,21,21,0.743243,1.067568,0.01065458,0.01351351,0.28767123,0.0177712,0.933065,24
500286059918274561,1,18,2,0.111111,1,0,0.888889,0.111111,0.05076139,0.05555556,0.0,0.0130719,0.842593,14
500286170035523585,0,1,0,0.0,0,0,1.0,0.0,1.0,1.0,1.0,1.0,0.0,1
500286293688193024,4,15,10,0.666667,4,4,0.6,1.4,0.04357884,0.06666667,0.28571429,0.0952381,0.933333,8
500286460210462720,1,48,32,0.666667,29,29,0.9375,0.666667,0.0197824,0.02083333,0.61702128,0.02836879,0.044934,35
500286805720449025,1,13,2,0.153846,1,0,0.846154,0.230769,0.06802726,0.07692308,0.0,0.02564103,0.761905,12
500286865963245568,1,10,9,0.9,9,9,0.9,0.9,0.09216586,0.1,1.0,0.2,0.085606,10
500286984162525184,10,130,61,0.469231,7,7,0.653846,1.530769,0.00560477,0.00769231,0.05426357,0.0072749,0.950586,14
500287224957898752,6,12,6,0.5,2,0,0.583333,2.166667,0.0481905,0.08333333,0.0,0.09090909,0.663636,6
500287295485128704,0,1,0,0.0,0,0,1.0,0.0,1.0,1.0,1.0,1.0,0.5,1
500287313256402945,1,5,1,0.2,1,0,0.8,0.2,0.17094019,0.2,0.0,0.1,1.0,4
500287479015292928,2,12,5,0.416667,5,5,0.916667,0.583333,0.077821,0.08333333,0.45454545,0.07575758,1.0,8
500287491182579712,2,20,19,0.95,16,16,0.9,1.1,0.04598726,0.05,0.84210526,0.1,0.768506,18
500287538578587648,4,13,11,0.846154,7,7,0.692308,1.461538,0.0554969,0.07692308,0.58333333,0.14102564,0.534341,9
500287595403022336,2,11,2,0.181818,2,0,0.909091,0.909091,0.08438817,0.09090909,0.0,0.03636364,0.818182,8
500287815734013952,1,16,0,0.0,0,0,1.0,0.9375,0.0625,0.0625,0.0,0.0,0.826042,13
500287857727377408,1,4,3,0.75,3,3,0.75,0.75,0.20618575,0.25,1.0,0.5,0.875,4
500288263320768512,1,8,6,0.75,6,6,0.875,0.75,0.11299419,0.125,0.85714286,0.21428571,0.791667,8
500288284195426305,0,1,0,0.0,0,0,1.0,0.0,1.0,1.0,1.0,1.0,0.24,1
500288349924782080,1,18,10,0.555556,9,9,0.888889,0.555556,0.05076139,0.05555556,0.52941176,0.06535948,0.803241,13
500288581081260032,1,5,4,0.8,4,4,0.8,0.8,0.17094005,0.2,1.0,0.4,0.766667,5
500288693031419904,5,32,25,0.78125,19,19,0.78125,1.125,0.02262041,0.03125,0.61290323,0.05040323,0.076754,21
500288971197263873,1,19,3,0.157895,2,0,0.894737,0.157895,0.04830915,0.05263158,0.0,0.01754386,0.947368,16
500289088285863936,2,14,1,0.071429,1,0,0.928571,0.785714,0.06734006,0.07142857,0.0,0.01098901,0.20119,9
500289154581008384,1,8,7,0.875,7,7,0.875,0.875,0.11299419,0.125,1.0,0.25,0.607576,8
500289307257868288,2,17,14,0.823529,13,13,0.882353,1.0,0.05331748,0.05882353,0.8125,0.10294118,0.701821,12
500290098647547904,1,15,14,0.933333,14,14,0.933333,0.933333,0.06309152,0.06666667,1.0,0.13333333,0.061333,14
500290456845299714,3,38,12,0.315789,3,0,0.736842,0.421053,0.02059342,0.02631579,0.0,0.0170697,0.946366,22
500290464621559808,1,18,16,0.888889,16,16,0.944444,0.888889,0.05305041,0.05555556,0.94117647,0.10457516,0.932226,17
500290867681587200,2,19,18,0.947368,17,17,0.894737,1.0,0.04821023,0.05263158,0.94444444,0.10526316,0.715539,18
500290977798836225,2,21,4,0.190476,2,0,0.857143,0.285714,0.04182134,0.04761905,0.0,0.01904762,0.785354,16
500291013521334272,0,1,0,0.0,0,0,1.0,0.0,1.0,1.0,1.0,1.0,1.0,1
500291056445845504,0,1,0,0.0,0,0,1.0,0.0,1.0,1.0,1.0,1.0,0.666667,1
500291116403789824,2,14,10,0.714286,4,4,0.571429,0.928571,0.04910523,0.07142857,0.30769231,0.10989011,0.687642,10
500292129802186752,1,6,0,0.0,0,0,1.0,0.833333,0.16666667,0.16666667,0.0,0.0,0.0,6
500292202845982720,7,59,44,0.745763,7,7,0.576271,2.983051,0.01088202,0.01694915,0.12068966,0.02571596,0.779202,13
500292426154528770,0,1,0,0.0,0,0,1.0,0.0,1.0,1.0,1.0,1.0,0.5,1
500292684192686080,1,7,6,0.857143,6,6,0.857143,0.857143,0.12738858,0.14285714,1.0,0.28571429,0.083333,7
500292806175236096,1,19,16,0.842105,15,15,0.894737,0.842105,0.04830915,0.05263158,0.83333333,0.09356725,0.777973,16
500292917957648384,4,42,30,0.714286,12,12,0.642857,1.309524,0.01628293,0.02380952,0.29268293,0.03484321,0.845166,20
500293392060780546,4,136,54,0.397059,4,0,0.720588,0.742647,0.00567377,0.00735294,0.0,0.00588235,0.893421,21
500293511632388097,0,2,0,0.0,0,0,1.0,0.0,0.5,0.5,0.0,0.0,0.0,2
500293830827331584,5,47,35,0.744681,20,20,0.723404,1.255319,0.01536026,0.0212766,0.43478261,0.03237743,0.079394,21
500293872162205697,2,9,3,0.333333,1,0,0.666667,0.444444,0.08148297,0.11111111,0.0,0.08333333,1.0,6
500294349872062464,10,44,33,0.75,8,8,0.5,3.272727,0.01194056,0.02272727,0.18604651,0.03488372,0.912809,18
500294693356175360,2,35,21,0.6,15,15,0.857143,0.628571,0.02544643,0.02857143,0.44117647,0.03529412,0.896088,19
500294803402137600,3,19,17,0.894737,14,14,0.842105,1.157895,0.04470683,0.05263158,0.77777778,0.0994152,0.833333,15
500295333486657536,2,29,3,0.103448,1,0,0.896552,1.0,0.03169571,0.03448276,0.0,0.00738916,0.837028,24
500295393301647360,3,9,7,0.777778,5,5,0.666667,1.333333,0.08551038,0.11111111,0.625,0.19444444,0.708586,6
500295570393542657,2,38,7,0.184211,3,0,0.868421,0.210526,0.0232707,0.02631579,0.0,0.00995733,0.033686,19
500296080710705152,5,34,6,0.176471,1,0,0.823529,1.294118,0.02286226,0.02941176,0.0,0.01069519,0.856863,26
500296090671796224,5,28,18,0.642857,8,8,0.642857,1.428571,0.02405388,0.03571429,0.2962963,0.04761905,0.02381,12
500296158476906496,2,18,16,0.888889,12,12,0.777778,1.0,0.04646759,0.05555556,0.70588235,0.10457516,0.785399,15
500296369224310784,3,17,14,0.823529,13,13,0.882353,1.058824,0.05347588,0.05882353,0.8125,0.10294118,0.096872,15
500296692713783298,1,19,1,0.052632,1,0,0.947368,0.105263,0.05037784,0.05263158,0.0,0.00584795,0.847619,16
500296988077076480,3,39,25,0.641026,14,14,0.794872,0.948718,0.02124441,0.02564103,0.36842105,0.03373819,0.021368,17
500297243371798528,6,127,87,0.685039,26,26,0.685039,1.622047,0.00573695,0.00787402,0.20634921,0.01087364,0.033041,38
500297358908071936,5,49,13,0.265306,2,0,0.77551,1.367347,0.01537293,0.02040816,0.0,0.01105442,0.775959,30
500298091627823104,3,36,25,0.694444,13,13,0.75,1.0,0.02213084,0.02777778,0.37142857,0.03968254,0.905261,23
500298315368390657,0,7,0,0.0,0,0,1.0,0.0,0.14285714,0.14285714,0.0,0.0,0.852041,7
500298588992593920,3,19,15,0.789474,12,12,0.789474,1.052632,0.04452316,0.05263158,0.66666667,0.0877193,0.938596,10
500298752469770240,6,44,34,0.772727,14,14,0.568182,1.590909,0.01478598,0.02272727,0.3255814,0.0359408,0.893804,18
500298847550472194,7,64,21,0.328125,3,0,0.734375,0.90625,0.01080939,0.015625,0.0,0.01041667,0.889974,33
500298981558063107,0,24,0,0.0,0,0,1.0,0.0,0.04166667,0.04166667,0.0,0.0,0.8619,23
500299227969646592,2,19,16,0.842105,12,12,0.736842,1.0,0.04267915,0.05263158,0.66666667,0.09356725,0.194737,13
500299904817049600,1,20,19,0.95,19,19,0.95,0.95,0.04796147,0.05,1.0,0.1,0.854167,19
500300813835988992,1,15,12,0.8,12,12,0.933333,0.8,0.06309152,0.06666667,0.85714286,0.11428571,0.944444,13
500300944891199488,0,1,0,0.0,0,0,1.0,0.0,1.0,1.0,1.0,1.0,1.0,1
500301418406744064,2,18,15,0.833333,14,14,0.888889,0.888889,0.0506288,0.05555556,0.82352941,0.09803922,0.741821,17
500301494340419585,0,1,0,0.0,0,0,1.0,0.0,1.0,1.0,1.0,1.0,0.833333,1
500301519854379008,1,6,5,0.833333,5,5,0.833333,0.833333,0.14598557,0.16666667,1.0,0.33333333,0.944444,5
500301870145880064,1,18,16,0.888889,16,16,0.944444,0.888889,0.05305041,0.05555556,0.94117647,0.10457516,0.027778,16
500302115458523136,1,4,0,0.0,0,0,1.0,0.75,0.25,0.25,0.0,0.0,1.0,4
500302383747194880,7,138,93,0.673913,9,9,0.666667,1.862319,0.00516115,0.00724638,0.06569343,0.00983815,0.038243,15
500302577557573632,3,19,11,0.578947,2,2,0.578947,0.947368,0.03536753,0.05263158,0.11111111,0.06432749,0.0,3
500303238810574849,0,17,0,0.0,0,0,1.0,0.0,0.05882353,0.05882353,0.0,0.0,0.897059,14
500303431928922113,1,18,1,0.055556,1,0,0.944444,0.055556,0.05305041,0.05555556,0.0,0.00653595,0.736532,17
500303864495882240,4,19,12,0.631579,7,7,0.789474,1.157895,0.04443816,0.05263158,0.38888889,0.07017544,0.157519,10
500305514447003649,0,11,0,0.0,0,0,1.0,0.0,0.09090909,0.09090909,0.0,0.0,0.661137,10
500306187624407040,0,1,0,0.0,0,0,1.0,0.0,1.0,1.0,1.0,1.0,0.181818,1
500306548841660416,5,39,27,0.692308,16,16,0.769231,1.179487,0.01993666,0.02564103,0.42105263,0.03643725,0.015728,21
500306837103968257,6,66,34,0.515152,4,0,0.636364,1.333333,0.01044676,0.01515152,0.0,0.01585082,0.096854,15
500307001629745152,6,89,52,0.58427,4,0,0.595506,1.797753,0.00737065,0.01123596,0.0,0.01327886,0.982076,10
500307273659318272,1,11,8,0.727273,8,8,0.909091,0.727273,0.08438817,0.09090909,0.8,0.14545455,0.0,10
500307863894786048,1,6,5,0.833333,5,5,0.833333,0.833333,0.14598557,0.16666667,1.0,0.33333333,0.055556,6
500308076004929537,2,19,9,0.473684,3,0,0.736842,0.736842,0.04235262,0.05263158,0.0,0.05263158,0.813283,12
500308546815131648,6,104,54,0.519231,9,9,0.701923,1.019231,0.00728963,0.00961538,0.08737864,0.01008215,0.031731,17
500308574703452160,7,72,38,0.527778,4,4,0.666667,1.472222,0.00978945,0.01388889,0.05633803,0.01486698,0.928273,12
500308705083400193,3,18,6,0.333333,2,0,0.777778,0.611111,0.04387739,0.05555556,0.0,0.03921569,0.944444,15
500308708988301312,1,16,14,0.875,13,13,0.875,0.875,0.05649709,0.0625,0.86666667,0.11666667,0.650618,15
500308900957405185,0,1,0,0.0,0,0,1.0,0.0,1.0,1.0,1.0,1.0,0.181818,1
500309193526882306,0,16,0,0.0,0,0,1.0,0.0,0.0625,0.0625,0.0,0.0,0.878788,12
500309222635360256,3,37,27,0.72973,23,23,0.864865,0.864865,0.02375666,0.02702703,0.63888889,0.04054054,0.868049,26
500309381930844160,1,18,8,0.444444,7,7,0.888889,0.611111,0.05076139,0.05555556,0.41176471,0.05228758,0.921935,7
500309745350508545,1,11,1,0.090909,1,0,0.909091,0.090909,0.08438817,0.09090909,0.0,0.01818182,0.797544,10
500310127896199168,1,14,10,0.714286,10,10,0.928571,0.714286,0.06734012,0.07142857,0.76923077,0.10989011,0.891514,11
500310319844298752,0,1,0,0.0,0,0,1.0,0.0,1.0,1.0,1.0,1.0,0.714286,1
500311153583853570,0,1,0,0.0,0,0,1.0,0.0,1.0,1.0,1.0,1.0,1.0,1
500311883669585920,1,14,13,0.928571,13,13,0.928571,0.928571,0.06734012,0.07142857,1.0,0.14285714,0.018141,13
500312651797233665,2,24,0,0.0,0,0,1.0,0.125,0.04166667,0.04166667,0.0,0.0,0.077778,13
500312670260957185,2,13,3,0.230769,1,0,0.769231,0.307692,0.06145338,0.07692308,0.0,0.03846154,0.811966,10
500313811195158528,1,10,9,0.9,9,9,0.9,0.9,0.09216586,0.1,1.0,0.2,0.123148,9
500314015609147392,0,1,0,0.0,0,0,1.0,0.0,1.0,1.0,1.0,1.0,0.666667,1
500314545345552384,2,13,12,0.923077,10,10,0.769231,1.076923,0.06371645,0.07692308,0.83333333,0.15384615,0.0,12
500314788610985984,1,3,2,0.666667,2,2,0.666667,0.666667,0.25974051,0.33333333,1.0,0.66666667,0.227273,3
500314823117115393,0,7,0,0.0,0,0,1.0,0.0,0.14285714,0.14285714,0.0,0.0,0.029667,7
500315237375954944,6,35,9,0.257143,2,0,0.8,1.657143,0.02350259,0.02857143,0.0,0.01512605,0.081868,20
500315291168276480,1,8,7,0.875,7,7,0.875,0.875,0.11299419,0.125,1.0,0.25,0.791667,8
500315532382707712,2,9,8,0.888889,7,7,0.777778,1.0,0.09256502,0.11111111,0.875,0.22222222,0.037037,9
500315536937324544,1,2,0,0.0,0,0,1.0,0.5,0.5,0.5,0.0,0.0,0.0,2
500315609171636225,0,16,0,0.0,0,0,1.0,0.0,0.0625,0.0625,0.0,0.0,0.096065,16
500315907567001600,0,1,0,0.0,0,0,1.0,0.0,1.0,1.0,1.0,1.0,0.064815,1
500315984910372864,2,19,9,0.473684,6,6,0.842105,0.526316,0.0456387,0.05263158,0.33333333,0.05263158,0.069298,15
500316005089181697,3,24,6,0.25,2,0,0.791667,0.375,0.03373728,0.04166667,0.0,0.02173913,0.909722,15
500316260081889282,1,17,2,0.117647,1,0,0.882353,0.117647,0.05347594,0.05882353,0.0,0.01470588,0.044118,14
500316380063748096,2,19,17,0.894737,15,15,0.842105,0.947368,0.04630024,0.05263158,0.83333333,0.0994152,0.111598,17
500317579060449280,5,47,37,0.787234,24,24,0.723404,1.106383,0.01516738,0.0212766,0.52173913,0.03422757,0.021277,27
500317687239966722,1,18,2,0.111111,1,0,0.888889,0.111111,0.05076139,0.05555556,0.0,0.0130719,0.177469,16
500318003024494596,0,16,0,0.0,0,0,1.0,0.0,0.0625,0.0625,0.0,0.0,0.095916,16
500318336719134720,4,34,24,0.705882,10,10,0.735294,1.382353,0.0229276,0.02941176,0.3030303,0.04278075,0.003813,14
500318966422589440,1,10,9,0.9,9,9,0.9,0.9,0.09216586,0.1,1.0,0.2,0.031481,10
500318980007948288,5,47,32,0.680851,13,13,0.680851,1.404255,0.0158446,0.0212766,0.2826087,0.02960222,0.0895,22
500319233558192128,1,7,6,0.857143,6,6,0.857143,0.857143,0.12738858,0.14285714,1.0,0.28571429,0.158163,7
500319675797209088,2,12,11,0.916667,10,10,0.833333,1.0,0.07260977,0.08333333,0.90909091,0.16666667,0.853632,11
500319801344929795,1,17,5,0.294118,2,0,0.823529,0.294118,0.05115098,0.05882353,0.0,0.03676471,0.746499,16
500320235841265665,0,16,0,0.0,0,0,1.0,0.0,0.0625,0.0625,0.0,0.0,0.162105,15
500320286341099523,0,19,0,0.0,0,0,1.0,0.0,0.05263158,0.05263158,0.0,0.0,0.10284,19
500320316602974210,2,19,6,0.315789,5,0,0.894737,0.578947,0.04667996,0.05263158,0.0,0.03508772,0.001754,14
500320616428601344,1,12,0,0.0,0,0,1.0,0.916667,0.08333333,0.08333333,0.0,0.0,0.047917,12
500320680810795009,1,6,1,0.166667,1,0,0.833333,0.166667,0.14598538,0.16666667,0.0,0.06666667,0.944444,6
500321184269881345,0,11,0,0.0,0,0,1.0,0.0,0.09090909,0.09090909,0.0,0.0,0.660381,10
500321506371850240,0,1,0,0.0,0,0,1.0,0.0,1.0,1.0,1.0,1.0,0.5,1
500322242296041473,4,18,9,0.5,4,0,0.777778,1.444444,0.04377314,0.05555556,0.0,0.05882353,0.0,4
500322285916401664,2,8,7,0.875,6,6,0.75,1.0,0.10182859,0.125,0.85714286,0.25,0.0,7
500322373359661056,3,18,11,0.611111,9,9,0.833333,1.388889,0.04828461,0.05555556,0.52941176,0.07189542,0.085317,13
500322486362202112,1,21,20,0.952381,20,20,0.952381,0.952381,0.04576647,0.04761905,1.0,0.0952381,0.874603,19
500324234821124096,1,18,17,0.944444,17,17,0.944444,0.944444,0.05305013,0.05555556,1.0,0.11111111,0.799537,17
500324836355608576,0,1,0,0.0,0,0,1.0,0.0,1.0,1.0,1.0,1.0,1.0,1
500325111497777152,5,22,8,0.363636,3,0,0.772727,1.954545,0.03677111,0.04545455,0.0,0.03463203,0.118357,17
500325220193153024,1,12,9,0.75,9,9,0.916667,0.75,0.077821,0.08333333,0.81818182,0.13636364,0.791667,11
500326267640905728,1,4,3,0.75,3,3,0.75,0.75,0.20618575,0.25,1.0,0.5,0.702381,4
500326873407455233,0,5,0,0.0,0,0,1.0,0.0,0.2,0.2,0.0,0.0,0.036364,4
500327106824245249,0,8,0,0.0,0,0,1.0,0.0,0.125,0.125,0.0,0.0,0.744318,8
500327120770301952,2,19,1,0.052632,1,0,0.947368,0.947368,0.05037784,0.05263158,0.0,0.00584795,0.864662,18
500327581514993665,2,34,9,0.264706,2,0,0.764706,0.323529,0.02408334,0.02941176,0.0,0.01604278,0.138346,23
500328049058279424,8,175,110,0.628571,26,26,0.657143,1.36,0.00395732,0.00571429,0.14942529,0.00722496,0.051856,43
500328451929559041,3,11,5,0.454545,2,0,0.727273,1.0,0.06693067,0.09090909,0.0,0.09090909,0.10983,7
500328583194509315,0,15,0,0.0,0,0,1.0,0.0,0.06666667,0.06666667,0.0,0.0,0.066667,14
500328758201815041,2,25,1,0.04,1,0,0.96,0.12,0.03868472,0.04,0.0,0.00333333,0.809048,23
500329800725442562,0,19,0,0.0,0,0,1.0,0.0,0.05263158,0.05263158,0.0,0.0,0.029506,16
500329864017498114,2,44,6,0.136364,2,0,0.909091,0.204545,0.02078029,0.02272727,0.0,0.00634249,0.065972,30
500331134040162304,1,19,16,0.842105,16,16,0.947368,0.842105,0.05037784,0.05263158,0.88888889,0.09356725,0.157439,15
500331472277225472,3,27,24,0.888889,14,14,0.777778,1.296296,0.03063913,0.03703704,0.53846154,0.06837607,0.046296,22
500332042648055808,2,27,23,0.851852,20,20,0.888889,0.962963,0.03375843,0.03703704,0.76923077,0.06552707,0.800617,23
500332097064550400,2,31,22,0.709677,16,16,0.870968,0.741935,0.02891793,0.03225806,0.53333333,0.04731183,0.05394,24
500332933098385408,2,9,5,0.555556,4,4,0.777778,0.888889,0.09190646,0.11111111,0.5,0.13888889,0.925926,5
500334308867858432,3,19,16,0.842105,13,13,0.842105,1.105263,0.04547427,0.05263158,0.72222222,0.09356725,0.041056,14
500335355904540674,5,118,39,0.330508,2,0,0.728814,0.788136,0.00639438,0.00847458,0.0,0.00564972,0.92615,35
500335761615355906,0,12,0,0.0,0,0,1.0,0.0,0.08333333,0.08333333,0.0,0.0,0.041667,10
500335927248429056,3,13,5,0.384615,3,3,0.769231,0.923077,0.06332787,0.07692308,0.25,0.06410256,0.205128,4
500336040440516608,5,19,15,0.789474,6,6,0.684211,1.684211,0.03825918,0.05263158,0.33333333,0.0877193,0.899248,11
500336373833170945,2,18,2,0.111111,1,0,0.888889,0.388889,0.05076139,0.05555556,0.0,0.0130719,0.842593,11
500339209715335169,0,6,0,0.0,0,0,1.0,0.0,0.16666667,0.16666667,0.0,0.0,0.87037,3
500339512082698240,4,23,21,0.913043,8,8,0.695652,1.565217,0.03128526,0.04347826,0.36363636,0.08300395,0.916667,15
500339589601431552,0,1,0,0.0,0,0,1.0,0.0,1.0,1.0,1.0,1.0,0.0,1
500339591392817152,2,37,2,0.054054,1,0,0.945946,1.027027,0.0258398,0.02702703,0.0,0.003003,0.066409,37
500341884678836224,2,10,9,0.9,8,8,0.8,1.0,0.08481539,0.1,0.88888889,0.2,0.813333,10
500343812863311872,3,38,33,0.868421,28,28,0.868421,0.947368,0.02324487,0.02631579,0.75675676,0.04694168,0.857268,28
500344846612447233,1,21,2,0.095238,1,0,0.904762,0.142857,0.04405285,0.04761905,0.0,0.00952381,0.902381,10
500345408150065153,1,19,1,0.052632,1,0,0.947368,0.052632,0.05037784,0.05263158,0.0,0.00584795,0.047149,18
500347114975944705,5,104,39,0.375,3,0,0.721154,0.759615,0.00742217,0.00961538,0.0,0.00728155,0.976496,24
500347379938492416,4,62,28,0.451613,10,10,0.790323,0.919355,0.01308789,0.01612903,0.16393443,0.01480698,0.114925,17
500347484154372097,1,12,2,0.166667,1,0,0.833333,0.166667,0.07299269,0.08333333,0.0,0.03030303,0.094444,11
500347920210989057,8,123,57,0.463415,3,0,0.658537,1.837398,0.0053888,0.00813008,0.0,0.00759696,0.866243,40
500347948635791360,2,9,8,0.888889,6,6,0.777778,1.111111,0.09241783,0.11111111,0.75,0.22222222,0.079365,7
500349179848560640,4,159,98,0.616352,26,26,0.748428,1.09434,0.00499387,0.00628931,0.16455696,0.00780193,0.054133,43
500349993539358720,1,3,2,0.666667,2,2,0.666667,0.666667,0.25974051,0.33333333,1.0,0.66666667,0.0,3
500350150695743489,3,30,13,0.433333,7,0,0.833333,0.966667,0.02859395,0.03333333,0.0,0.02988506,0.017778,19
500350460122136576,5,87,65,0.747126,31,31,0.655172,1.402299,0.00804607,0.01149425,0.36046512,0.01737503,0.035705,39
500350777844457473,1,40,2,0.05,1,0,0.95,0.05,0.02398082,0.025,0.0,0.0025641,0.826917,38
500351760402493440,1,11,7,0.636364,6,6,0.818182,0.636364,0.07874013,0.09090909,0.6,0.12727273,0.939394,10
500352655827279874,1,19,1,0.052632,1,0,0.947368,0.052632,0.05037784,0.05263158,0.0,0.00584795,0.096491,16
500352850329751552,0,1,0,0.0,0,0,1.0,0.0,1.0,1.0,1.0,1.0,0.0,1
500353227951718401,0,1,0,0.0,0,0,1.0,0.0,1.0,1.0,1.0,1.0,0.0,1
500353295903637504,1,17,13,0.764706,11,11,0.882353,0.764706,0.05347588,0.05882353,0.6875,0.09558824,0.088235,11
500353815132897280,1,7,6,0.857143,6,6,0.857143,0.857143,0.12738858,0.14285714,1.0,0.28571429,0.034286,6
500354471525109760,3,14,12,0.857143,9,9,0.714286,1.142857,0.05449201,0.07142857,0.69230769,0.13186813,0.800595,12
500354773133299713,1,25,3,0.12,1,0,0.88,0.12,0.0362976,0.04,0.0,0.01,0.986667,23
500354853680340993,3,15,5,0.333333,2,0,0.733333,0.8,0.05330134,0.06666667,0.0,0.04761905,0.966667,8
500355259341242370,3,71,27,0.380282,8,0,0.788732,0.56338,0.01150785,0.01408451,0.0,0.01086519,0.044762,47
500355828227252225,6,83,36,0.433735,5,0,0.686747,1.168675,0.00859534,0.01204819,0.0,0.0105789,0.006024,30
500356642329071616,3,47,40,0.851064,34,34,0.87234,1.042553,0.01889446,0.0212766,0.73913043,0.03700278,0.883989,34
500357314722156544,2,18,1,0.055556,1,0,0.944444,1.0,0.05305041,0.05555556,0.0,0.00653595,0.063492,18
500357713260724224,3,18,13,0.722222,9,9,0.777778,1.111111,0.04571295,0.05555556,0.52941176,0.08496732,0.755144,11
500358061698347008,1,6,5,0.833333,5,5,0.833333,0.833333,0.14598557,0.16666667,1.0,0.33333333,0.9,6
500358195408551936,1,12,0,0.0,0,0,1.0,0.916667,0.08333333,0.08333333,0.0,0.0,0.864583,12
500358258654470146,1,16,1,0.0625,1,0,0.9375,0.0625,0.05934721,0.0625,0.0,0.00833333,0.048611,16
500358526804316160,4,32,26,0.8125,13,13,0.71875,1.1875,0.02413323,0.03125,0.41935484,0.05241935,0.830592,17
500358655834062848,2,24,22,0.916667,20,20,0.875,1.0,0.03756264,0.04166667,0.86956522,0.07971014,0.697145,24
500358907383275520,1,20,19,0.95,19,19,0.95,0.95,0.04796147,0.05,1.0,0.1,0.80125,20
500358977046474754,2,12,3,0.25,2,0,0.833333,0.333333,0.07111748,0.08333333,0.0,0.04545455,0.958333,8
500359006331092994,0,1,0,0.0,0,0,1.0,0.0,1.0,1.0,1.0,1.0,0.4,1
500359075045990401,1,15,2,0.133333,1,0,0.866667,0.133333,0.05988025,0.06666667,0.0,0.01904762,0.777778,14
500359088757555200,0,1,0,0.0,0,0,1.0,0.0,1.0,1.0,1.0,1.0,0.875,1
500359117132017665,1,42,1,0.02381,1,0,0.97619,0.119048,0.02333722,0.02380952,0.0,0.00116144,0.834271,34
500359125310922753,1,13,1,0.076923,1,0,0.923077,0.076923,0.07220216,0.07692308,0.0,0.01282051,0.951049,10
500359223557890048,1,13,11,0.846154,11,11,0.923077,0.846154,0.07220225,0.07692308,0.91666667,0.14102564,0.858974,13
500359312447787009,0,9,0,0.0,0,0,1.0,0.0,0.11111111,0.11111111,0.0,0.0,0.935185,7
500359323588239360,2,19,15,0.789474,14,14,0.894737,0.842105,0.04818904,0.05263158,0.77777778,0.0877193,0.9,17
500359356589019136,1,6,0,0.0,0,0,1.0,0.833333,0.16666667,0.16666667,0.0,0.0,0.763889,6
500359377585704961,3,19,5,0.263158,1,0,0.736842,0.473684,0.03841467,0.05263158,0.0,0.02923977,0.986842,16
500359508531884033,2,22,4,0.181818,2,0,0.863636,0.272727,0.04073321,0.04545455,0.0,0.01731602,0.814394,17
500359673334493185,0,1,0,0.0,0,0,1.0,0.0,1.0,1.0,1.0,1.0,0.0,1
500359897557790720,1,17,16,0.941176,16,16,0.941176,0.941176,0.05602206,0.05882353,1.0,0.11764706,0.063025,17
500359983301939200,3,5,4,0.8,2,1,0.4,1.6,0.11184682,0.2,0.25,0.4,0.7,4
500360018928353280,3,23,19,0.826087,16,16,0.826087,0.956522,0.03675647,0.04347826,0.72727273,0.07509881,0.913043,18
500360094924931073,2,18,2,0.111111,1,0,0.888889,0.277778,0.05076139,0.05555556,0.0,0.0130719,0.803704,13
500360095738626049,1,19,1,0.052632,1,0,0.947368,0.052632,0.05037784,0.05263158,0.0,0.00584795,0.993421,16
500360244187635712,6,33,26,0.787879,8,8,0.484848,2.060606,0.01645083,0.03030303,0.25,0.04924242,0.876974,12
500360248767840256,2,19,16,0.842105,15,15,0.894737,1.0,0.04819704,0.05263158,0.83333333,0.09356725,0.674081,16
500360308289187840,1,19,17,0.894737,17,17,0.947368,0.894737,0.05037763,0.05263158,0.94444444,0.0994152,0.064536,19
500360558806568960,3,41,37,0.902439,34,34,0.902439,0.97561,0.02214259,0.02439024,0.85,0.04512195,0.119293,37
500360596995731456,2,16,14,0.875,13,13,0.875,0.9375,0.05632038,0.0625,0.86666667,0.11666667,0.96875,15
500360632093646848,1,8,7,0.875,7,7,0.875,0.875,0.11299419,0.125,1.0,0.25,0.171875,8
500360684253638656,1,3,2,0.666667,2,2,0.666667,0.666667,0.25974051,0.33333333,1.0,0.66666667,0.322222,3
500360889347096576,0,1,0,0.0,0,0,1.0,0.0,1.0,1.0,1.0,1.0,0.5,1
500360978387976192,2,17,11,0.647059,8,8,0.764706,0.764706,0.04858941,0.05882353,0.5,0.08088235,0.893137,10
500361302238564352,6,129,42,0.325581,3,0,0.79845,1.069767,0.00622913,0.00775194,0.0,0.00508721,0.987403,10
500361647144574976,0,1,0,0.0,0,0,1.0,0.0,1.0,1.0,1.0,1.0,0.0,1
500361668132892673,2,6,1,0.166667,1,0,0.833333,0.666667,0.14598538,0.16666667,0.0,0.06666667,0.953704,5
500361847070269441,1,16,1,0.0625,1,0,0.9375,0.0625,0.05934721,0.0625,0.0,0.00833333,0.875,15
500362044324208640,0,1,0,0.0,0,0,1.0,0.0,1.0,1.0,1.0,1.0,0.0,1
500362083221786625,0,1,0,0.0,0,0,1.0,0.0,1.0,1.0,1.0,1.0,0.6,1
500362377062547457,0,19,0,0.0,0,0,1.0,0.0,0.05263158,0.05263158,0.0,0.0,0.156931,18
500362679039840257,2,28,8,0.285714,2,0,0.75,0.392857,0.02825252,0.03571429,0.0,0.02116402,0.065051,21
500363023958409216,1,7,5,0.714286,5,5,0.857143,0.714286,0.12738858,0.14285714,0.83333333,0.23809524,0.095238,7
500363024926900224,1,5,4,0.8,4,4,0.8,0.8,0.17094005,0.2,1.0,0.4,0.171429,4
500363097698086912,1,5,4,0.8,4,4,0.8,0.8,0.17094005,0.2,1.0,0.4,0.0,5
500363126294863876,1,9,1,0.111111,1,0,0.888889,0.111111,0.10152285,0.11111111,0.0,0.02777778,0.833333,9
500363141034020865,0,19,0,0.0,0,0,1.0,0.0,0.05263158,0.05263158,0.0,0.0,0.104549,19
500363602943942657,0,17,0,0.0,0,0,1.0,0.0,0.05882353,0.05882353,0.0,0.0,0.029412,17
500363740311982081,0,20,0,0.0,0,0,1.0,0.0,0.05,0.05,0.0,0.0,0.815417,20
500363831957135360,2,33,27,0.818182,26,26,0.939394,0.848485,0.02879535,0.03030303,0.8125,0.05113636,0.857484,30
500364003734867970,0,8,0,0.0,0,0,1.0,0.0,0.125,0.125,0.0,0.0,0.075,7
500364250461003777,1,11,1,0.090909,1,0,0.909091,0.090909,0.08438817,0.09090909,0.0,0.01818182,0.935065,7
500364290545958912,2,19,16,0.842105,14,14,0.842105,0.947368,0.04618252,0.05263158,0.77777778,0.09356725,0.861016,17
500364705622671360,3,16,12,0.75,8,8,0.8125,1.0625,0.0528912,0.0625,0.53333333,0.1,0.063802,14
500364914796802048,0,1,0,0.0,0,0,1.0,0.0,1.0,1.0,1.0,1.0,0.0,1
500364921607974913,1,22,1,0.045455,1,0,0.954545,0.045455,0.04376368,0.04545455,0.0,0.004329,0.843802,18
500365059390836736,6,19,8,0.421053,3,0,0.736842,2.263158,0.03766021,0.05263158,0.0,0.04678363,0.065789,13
500365170796158976,4,43,32,0.744186,14,14,0.767442,1.372093,0.01921054,0.02325581,0.33333333,0.03543743,0.02021,23
500365332351971328,2,15,9,0.6,8,8,0.866667,0.933333,0.05955817,0.06666667,0.57142857,0.08571429,0.0,14
500366171716067328,6,30,25,0.833333,20,20,0.8,1.566667,0.02788729,0.03333333,0.68965517,0.05747126,0.006944,24
500366207552196608,1,9,8,0.888889,8,8,0.888889,0.888889,0.10152277,0.11111111,1.0,0.22222222,0.157407,9
500366333461422080,1,14,11,0.785714,11,11,0.928571,0.785714,0.06734012,0.07142857,0.84615385,0.12087912,0.933333,13
500366417674268673,1,20,2,0.1,1,0,0.9,0.1,0.04608293,0.05,0.0,0.01052632,0.069583,17
500367267901632512,1,3,2,0.666667,2,2,0.666667,0.666667,0.25974051,0.33333333,1.0,0.66666667,0.510101,3
500367591773179904,1,10,9,0.9,9,9,0.9,0.9,0.09216586,0.1,1.0,0.2,0.0125,10
500368204376850432,0,1,0,0.0,0,0,1.0,0.0,1.0,1.0,1.0,1.0,0.4,1
500368579875704832,1,6,5,0.833333,5,5,0.833333,0.833333,0.14598557,0.16666667,1.0,0.33333333,0.782828,6
500368724579192832,3,19,14,0.736842,10,10,0.789474,1.105263,0.04393435,0.05263158,0.55555556,0.08187135,0.0,11
500368901365317633,1,18,2,0.111111,2,0,0.944444,0.111111,0.05305041,0.05555556,0.0,0.0130719,0.088805,14
500368969854103552,0,1,0,0.0,0,0,1.0,0.0,1.0,1.0,1.0,1.0,0.0,1
500369097360953345,2,18,2,0.111111,1,0,0.888889,0.166667,0.04896562,0.05555556,0.0,0.0130719,0.015432,17
500369391339724802,1,19,1,0.052632,1,0,0.947368,0.052632,0.05037784,0.05263158,0.0,0.00584795,0.727538,18
500369479482630145,0,18,0,0.0,0,0,1.0,0.0,0.05555556,0.05555556,0.0,0.0,0.901916,18
500369693203378176,2,15,14,0.933333,12,12,0.8,1.066667,0.05659168,0.06666667,0.85714286,0.13333333,0.081481,14
500370188970524672,6,52,38,0.730769,5,5,0.519231,1.923077,0.01132298,0.01923077,0.09803922,0.02865762,0.133949,10
500370960093302784,2,10,9,0.9,8,8,0.8,1.0,0.08481539,0.1,0.88888889,0.2,0.743194,10
500371149713178625,0,21,0,0.0,0,0,1.0,0.0,0.04761905,0.04761905,0.0,0.0,0.801291,21
500371231183745025,7,88,47,0.534091,2,0,0.636364,1.488636,0.00781595,0.01136364,0.0,0.01227795,0.929622,16
500372391407931392,1,7,4,0.571429,4,4,0.857143,0.571429,0.12738858,0.14285714,0.66666667,0.19047619,0.857143,5
500374427448516609,0,4,0,0.0,0,0,1.0,0.0,0.25,0.25,0.0,0.0,0.81,4
500375190535421953,1,7,1,0.142857,1,0,0.857143,0.142857,0.12738858,0.14285714,0.0,0.04761905,0.904762,7
500375440285237248,1,11,10,0.909091,10,10,0.909091,0.909091,0.08438842,0.09090909,1.0,0.18181818,0.632486,11
500375545918803970,6,22,5,0.227273,1,0,0.772727,0.954545,0.03079741,0.04545455,0.0,0.02164502,0.755628,15
500375737439096833,1,20,3,0.15,3,0,0.95,0.15,0.04796164,0.05,0.0,0.01578947,0.1,18
500375839498723328,2,39,19,0.487179,15,15,0.897436,0.641026,0.02316386,0.02564103,0.39473684,0.02564103,0.853827,21
500376174095511552,6,64,30,0.46875,5,0,0.734375,1.375,0.01182211,0.015625,0.0,0.01488095,0.090087,16
500376891623079937,2,17,2,0.117647,1,0,0.882353,0.235294,0.05347594,0.05882353,0.0,0.01470588,0.057473,15
500377145349521411,0,15,0,0.0,0,0,1.0,0.0,0.06666667,0.06666667,0.0,0.0,0.891667,14
500377191029673984,0,1,0,0.0,0,0,1.0,0.0,1.0,1.0,1.0,1.0,0.5,1
500377192841609217,4,23,6,0.26087,3,0,0.826087,0.73913,0.03438955,0.04347826,0.0,0.02371542,0.041063,13
500377906305327104,4,16,14,0.875,9,9,0.6875,1.25,0.04441353,0.0625,0.6,0.11666667,0.861458,11
500378223977721856,2,17,15,0.882353,13,13,0.823529,0.941176,0.04932788,0.05882353,0.8125,0.11029412,0.862465,14
500378338582884352,3,22,3,0.136364,1,0,0.863636,1.090909,0.03956875,0.04545455,0.0,0.01298701,0.66158,17
500378522398244865,1,18,7,0.388889,7,0,0.944444,0.388889,0.05305041,0.05555556,0.0,0.04575163,0.8,18
500378522788315137,1,21,2,0.095238,1,0,0.904762,0.095238,0.04405285,0.04761905,0.0,0.00952381,0.873144,17
500378874656854016,1,36,31,0.861111,30,30,0.944444,0.861111,0.02652521,0.02777778,0.85714286,0.04920635,0.018519,28
500379055594946561,1,16,1,0.0625,1,0,0.9375,0.0625,0.05934721,0.0625,0.0,0.00833333,0.841518,15
500379259698176000,1,19,16,0.842105,16,16,0.947368,0.842105,0.05037784,0.05263158,0.88888889,0.09356725,0.098246,19
500380282097520640,1,3,2,0.666667,2,2,0.666667,0.666667,0.25974051,0.33333333,1.0,0.66666667,0.0,3
500380708783665152,1,17,1,0.058824,1,0,0.941176,0.764706,0.05602243,0.05882353,0.0,0.00735294,0.034174,15
500380881563811840,2,19,15,0.789474,9,9,0.736842,1.0,0.04157523,0.05263158,0.5,0.0877193,0.109649,13
500381163866062848,2,8,7,0.875,6,6,0.75,1.0,0.10182859,0.125,0.85714286,0.25,0.827851,7
500382073593405442,4,99,39,0.393939,5,0,0.717172,0.858586,0.00777764,0.01010101,0.0,0.00803958,0.054149,51
500382265076379649,11,50,30,0.6,4,0,0.6,3.32,0.01273001,0.02,0.0,0.0244898,0.942,13
500382270340214784,2,20,19,0.95,18,18,0.9,1.0,0.04599789,0.05,0.94736842,0.1,0.033333,18
500382437655207936,9,45,24,0.533333,3,0,0.6,2.533333,0.01401366,0.02222222,0.0,0.02424242,0.00144,13
500382853147164672,3,41,25,0.609756,11,11,0.780488,0.926829,0.0199503,0.02439024,0.275,0.0304878,0.145819,16
500383514567925760,2,18,17,0.944444,16,16,0.888889,1.0,0.05064538,0.05555556,0.94117647,0.11111111,0.875,17
500383956362334208,2,19,14,0.736842,13,13,0.894737,0.789474,0.04817981,0.05263158,0.72222222,0.08187135,0.084433,16
500384393362698241,1,9,1,0.111111,1,0,0.888889,0.111111,0.10152285,0.11111111,0.0,0.02777778,0.083333,9
500384777514799104,1,11,10,0.909091,10,10,0.909091,0.909091,0.08438842,0.09090909,1.0,0.18181818,0.189794,10
500385585807499266,0,19,0,0.0,0,0,1.0,0.0,0.05263158,0.05263158,0.0,0.0,0.078947,15
500385868041842688,6,9,6,0.666667,2,2,0.444444,2.666667,0.06158235,0.11111111,0.25,0.16666667,0.977778,4
500385877684539393,0,7,0,0.0,0,0,1.0,0.0,0.14285714,0.14285714,0.0,0.0,0.084524,7
500386524416856064,1,11,10,0.909091,10,10,0.909091,0.909091,0.08438842,0.09090909,1.0,0.18181818,0.079654,10
500386619564650496,0,1,0,0.0,0,0,1.0,0.0,1.0,1.0,1.0,1.0,0.0,1
500386978467414016,2,14,12,0.857143,11,11,0.857143,0.928571,0.06342891,0.07142857,0.84615385,0.13186813,0.137987,12
500387844758994946,0,1,0,0.0,0,0,1.0,0.0,1.0,1.0,1.0,1.0,0.333333,1
500387959468982273,2,18,2,0.111111,1,0,0.888889,0.166667,0.04896562,0.05555556,0.0,0.0130719,0.027778,17
500388199064420352,4,25,8,0.32,2,0,0.72,1.36,0.03092078,0.04,0.0,0.02666667,0.674242,15
500388477763325952,3,17,2,0.117647,1,0,0.882353,1.0,0.0514867,0.05882353,0.0,0.01470588,0.694958,16
500388703114895360,3,39,29,0.74359,15,15,0.717949,1.153846,0.01979326,0.02564103,0.39473684,0.0391363,0.807977,24
500389488217309184,4,37,33,0.891892,21,21,0.702703,1.351351,0.01984348,0.02702703,0.58333333,0.04954955,0.938063,24
500390232756617216,1,11,10,0.909091,10,10,0.909091,0.909091,0.08438842,0.09090909,1.0,0.18181818,0.106061,11
500391222075076610,4,53,24,0.45283,4,0,0.698113,1.056604,0.01371944,0.01886792,0.0,0.01741655,0.911968,17
500391462073532416,2,18,17,0.944444,16,16,0.888889,1.0,0.05064538,0.05555556,0.94117647,0.11111111,0.077675,17
500392971636719618,0,1,0,0.0,0,0,1.0,0.0,1.0,1.0,1.0,1.0,0.0,1
500393152444772352,2,8,2,0.25,1,0,0.75,0.875,0.10309287,0.125,0.0,0.07142857,0.854167,6
500393439482368000,3,30,20,0.666667,15,15,0.8,0.8,0.02780887,0.03333333,0.51724138,0.04597701,0.061905,20
500393530960121857,0,10,0,0.0,0,0,1.0,0.0,0.1,0.1,0.0,0.0,0.0,10
500394005419409408,6,16,15,0.9375,8,8,0.5625,2.0625,0.0373244,0.0625,0.53333333,0.125,0.078125,10
500394061887709184,2,16,11,0.6875,9,9,0.8125,0.75,0.05367609,0.0625,0.6,0.09166667,0.65,10
500395231305826306,0,1,0,0.0,0,0,1.0,0.0,1.0,1.0,1.0,1.0,0.0,1
500395288335360001,1,17,1,0.058824,1,0,0.941176,0.117647,0.05602243,0.05882353,0.0,0.00735294,0.062745,13
500396027342376960,4,19,14,0.736842,7,7,0.789474,1.421053,0.04289374,0.05263158,0.38888889,0.08187135,0.068922,10
500396175753633792,1,13,11,0.846154,11,11,0.923077,0.846154,0.07220225,0.07692308,0.91666667,0.14102564,0.057692,12
500396366829735936,1,6,0,0.0,0,0,1.0,0.833333,0.16666667,0.16666667,0.0,0.0,0.083333,5
500396427378298880,3,61,53,0.868852,46,46,0.868852,0.983607,0.0144256,0.01639344,0.76666667,0.02896175,0.03669,50
500397058541379584,0,1,0,0.0,0,0,1.0,0.0,1.0,1.0,1.0,1.0,0.0,1
500397785246466048,5,45,21,0.466667,8,8,0.711111,0.822222,0.01694035,0.02222222,0.18181818,0.02121212,0.893651,16
500398504075071488,9,43,35,0.813953,18,18,0.674419,2.302326,0.01476307,0.02325581,0.42857143,0.03875969,0.827971,23
500398901028196354,0,19,0,0.0,0,0,1.0,0.0,0.05263158,0.05263158,0.0,0.0,0.131579,14
500399181627162624,2,26,25,0.961538,24,24,0.923077,1.0,0.0360619,0.03846154,0.96,0.07692308,0.08604,24
500399997113098240,1,18,16,0.888889,16,16,0.944444,0.888889,0.05305041,0.05555556,0.94117647,0.10457516,0.202249,16
500400102125879296,4,44,26,0.590909,8,8,0.636364,0.931818,0.01529779,0.02272727,0.18604651,0.02748414,0.035985,16
500402449501286400,3,42,33,0.785714,27,27,0.833333,0.97619,0.02018258,0.02380952,0.65853659,0.03832753,0.087731,32
500402804910206976,1,18,16,0.888889,16,16,0.944444,0.888889,0.05305041,0.05555556,0.94117647,0.10457516,0.052189,18
500402908740210688,2,17,13,0.764706,12,12,0.882353,0.823529,0.05330432,0.05882353,0.75,0.09558824,0.068627,16
500403838877462528,1,19,17,0.894737,17,17,0.947368,0.894737,0.05037763,0.05263158,0.94444444,0.0994152,0.158772,18
500404132394459136,1,8,0,0.0,0,0,1.0,0.625,0.125,0.125,0.0,0.0,0.737121,7
500404509592387585,0,1,0,0.0,0,0,1.0,0.0,1.0,1.0,1.0,1.0,0.0,1
500405384503238656,1,10,9,0.9,9,9,0.9,0.9,0.09216586,0.1,1.0,0.2,0.096538,10
500405877460193280,1,3,2,0.666667,2,2,0.666667,0.666667,0.25974051,0.33333333,1.0,0.66666667,0.222222,3
500406581855801345,1,9,1,0.111111,1,0,0.888889,0.111111,0.10152285,0.11111111,0.0,0.02777778,0.138889,7
500407038800056321,5,59,27,0.457627,4,0,0.677966,1.0,0.01270073,0.01694915,0.0,0.01578025,0.042935,34
500408184562257920,2,27,20,0.740741,16,16,0.814815,0.814815,0.03190781,0.03703704,0.61538462,0.05698006,0.074846,15
500408607561629698,3,30,5,0.166667,1,0,0.833333,0.3,0.02700407,0.03333333,0.0,0.01149425,0.817735,23
500408829696544768,5,47,30,0.638298,6,6,0.595745,1.212766,0.01409764,0.0212766,0.13043478,0.02775208,0.10594,13
500409399865651201,1,13,4,0.307692,2,0,0.846154,0.307692,0.06802726,0.07692308,0.0,0.05128205,0.213271,13
500409565473943553,0,1,0,0.0,0,0,1.0,0.0,1.0,1.0,1.0,1.0,0.0,1
500411055315910656,5,13,11,0.846154,5,5,0.615385,2.307692,0.05409121,0.07692308,0.41666667,0.14102564,0.12071,7
500411513727750148,0,11,0,0.0,0,0,1.0,0.0,0.09090909,0.09090909,0.0,0.0,0.01049,11
500413012822745090,0,1,0,0.0,0,0,1.0,0.0,1.0,1.0,1.0,1.0,0.384615,1
500413489882484736,2,11,2,0.181818,1,0,0.818182,1.090909,0.07874013,0.09090909,0.0,0.03636364,0.090909,11
500413818368184321,1,19,1,0.052632,1,0,0.947368,0.105263,0.05037784,0.05263158,0.0,0.00584795,0.822614,15
500413956230365185,0,19,0,0.0,0,0,1.0,0.0,0.05263158,0.05263158,0.0,0.0,0.057815,19
500416861016580096,0,1,0,0.0,0,0,1.0,0.0,1.0,1.0,1.0,1.0,0.0,1
500417151346696192,4,53,44,0.830189,37,37,0.867925,1.018868,0.01684912,0.01886792,0.71153846,0.03193033,0.91195,35
500419556629041152,2,19,0,0.0,0,0,1.0,0.894737,0.05263158,0.05263158,0.0,0.0,0.030702,16
500420356621213696,2,54,41,0.759259,25,25,0.740741,0.925926,0.01497096,0.01851852,0.47169811,0.02865129,0.028643,39
500420906670256128,1,13,7,0.538462,6,6,0.846154,0.538462,0.06802726,0.07692308,0.5,0.08974359,0.053846,9
500421515678978049,0,1,0,0.0,0,0,1.0,0.0,1.0,1.0,1.0,1.0,0.0,1
500421926079066112,3,15,14,0.933333,11,11,0.8,1.266667,0.05436555,0.06666667,0.78571429,0.13333333,0.856566,13
500422447623966721,0,1,0,0.0,0,0,1.0,0.0,1.0,1.0,1.0,1.0,0.5,1
500422971320963072,1,18,14,0.777778,14,14,0.944444,0.777778,0.05305041,0.05555556,0.82352941,0.09150327,0.912346,16
500426437392732161,0,4,0,0.0,0,0,1.0,0.0,0.25,0.25,0.0,0.0,0.382576,4
500426667446513666,2,28,1,0.035714,1,0,0.964286,0.107143,0.03466205,0.03571429,0.0,0.0026455,0.080357,26
500427783848615936,6,47,16,0.340426,2,0,0.723404,1.595745,0.01611711,0.0212766,0.0,0.01480111,0.09959,26
500427786159681536,2,18,4,0.222222,3,0,0.888889,0.944444,0.05076139,0.05555556,0.0,0.02614379,0.580071,12
500429525558505473,1,37,2,0.054054,1,0,0.945946,0.054054,0.0258398,0.02702703,0.0,0.003003,0.083449,26
500430445830365184,2,14,13,0.928571,12,12,0.857143,1.0,0.0634511,0.07142857,0.92307692,0.14285714,0.067766,14
500430673099104256,7,61,45,0.737705,15,15,0.57377,1.918033,0.00982235,0.01639344,0.25,0.02459016,0.016257,27
500431179925823489,3,60,13,0.216667,2,0,0.8,0.333333,0.01370199,0.01666667,0.0,0.00734463,0.00609,21
524922078638903296,6,51,39,0.764706,5,5,0.627451,2.196078,0.01328134,0.01960784,0.1,0.03058824,0.013072,12
524922499466022913,1,16,1,0.0625,1,0,0.9375,0.0625,0.05934721,0.0625,0.0,0.00833333,0.107008,15
524922507380670464,2,7,6,0.857143,5,5,0.714286,1.0,0.11306466,0.14285714,0.83333333,0.28571429,0.810606,7
524922729485848576,5,37,22,0.594595,8,8,0.702703,1.351351,0.01981711,0.02702703,0.22222222,0.03303303,0.975676,14
524923148576518144,3,23,5,0.217391,2,0,0.826087,1.086957,0.03513821,0.04347826,0.0,0.01976285,0.189441,16
524923293711998976,3,24,21,0.875,16,16,0.791667,1.125,0.03476339,0.04166667,0.69565217,0.07608696,0.86713,19
524923341359300608,2,23,19,0.826087,18,18,0.913043,0.913043,0.04048582,0.04347826,0.81818182,0.07509881,0.927866,20
524923403183333376,1,20,19,0.95,19,19,0.95,0.95,0.04796147,0.05,1.0,0.1,0.0,20
524923462398513152,2,14,1,0.071429,1,0,0.928571,1.0,0.06734006,0.07142857,0.0,0.01098901,0.920408,14
524923480173981696,1,10,7,0.7,7,7,0.9,0.7,0.09216586,0.1,0.77777778,0.15555556,0.969231,9
524923610851729408,1,2,1,0.5,1,1,0.5,0.5,0.35087736,0.5,1.0,1.0,0.47619,2
524923676484177920,1,11,10,0.909091,10,10,0.909091,0.909091,0.08438842,0.09090909,1.0,0.18181818,0.893939,11
524923678472286209,0,9,0,0.0,0,0,1.0,0.0,0.11111111,0.11111111,0.0,0.0,0.867521,8
524924034124107776,1,9,7,0.777778,7,7,0.888889,0.777778,0.10152277,0.11111111,0.875,0.19444444,0.982323,8
524924225463668738,1,19,2,0.105263,1,0,0.894737,0.105263,0.04830915,0.05263158,0.0,0.01169591,0.98452,18
524924346411020288,1,6,5,0.833333,5,5,0.833333,0.833333,0.14598557,0.16666667,1.0,0.33333333,0.777778,6
524924619812511746,4,10,5,0.5,1,0,0.5,1.1,0.05504256,0.1,0.0,0.11111111,0.649567,5
524924660480487424,6,32,30,0.9375,14,14,0.71875,1.90625,0.02321469,0.03125,0.4516129,0.06048387,0.102269,18
524924954287296512,1,6,5,0.833333,5,5,0.833333,0.833333,0.14598557,0.16666667,1.0,0.33333333,0.380556,6
524924987774631936,1,3,0,0.0,0,0,1.0,0.666667,0.33333333,0.33333333,0.0,0.0,0.464103,3
524925033626738688,1,8,7,0.875,7,7,0.875,0.875,0.11299419,0.125,1.0,0.25,0.770833,8
524925050739490816,1,12,11,0.916667,11,11,0.916667,0.916667,0.07782115,0.08333333,1.0,0.16666667,0.89154,12
524925124303396864,4,27,18,0.666667,9,9,0.703704,1.296296,0.02655388,0.03703704,0.34615385,0.05128205,0.840228,14
524925215235911680,1,19,18,0.947368,18,18,0.947368,0.947368,0.05037763,0.05263158,1.0,0.10526316,0.915655,19
524925223226081282,0,5,0,0.0,0,0,1.0,0.0,0.2,0.2,0.0,0.0,0.471429,3
524925553489760256,2,10,9,0.9,8,8,0.8,1.0,0.08481539,0.1,0.88888889,0.2,0.835,10
524925600318754816,2,12,11,0.916667,10,10,0.833333,1.0,0.07260977,0.08333333,0.90909091,0.16666667,0.140377,11
524925730053181440,4,19,14,0.736842,9,9,0.736842,1.421053,0.04034821,0.05263158,0.5,0.08187135,0.899522,13
524925987239120897,0,5,0,0.0,0,0,1.0,0.0,0.2,0.2,0.0,0.0,0.9,5
524926184069808129,0,9,0,0.0,0,0,1.0,0.0,0.11111111,0.11111111,0.0,0.0,0.932479,9
524926235030589440,1,7,6,0.857143,6,6,0.857143,0.857143,0.12738858,0.14285714,1.0,0.28571429,0.924877,7
524926279309860864,3,24,21,0.875,16,16,0.75,1.166667,0.03251261,0.04166667,0.69565217,0.07608696,0.948607,22
524926301678096384,1,3,2,0.666667,2,2,0.666667,0.666667,0.25974051,0.33333333,1.0,0.66666667,0.958333,3
524926445496197120,3,21,15,0.714286,11,11,0.761905,0.904762,0.03729042,0.04761905,0.55,0.07142857,0.94888,15
524926472432410625,0,4,0,0.0,0,0,1.0,0.0,0.25,0.25,0.0,0.0,0.616071,4
524926528342487041,3,24,6,0.25,1,0,0.75,0.458333,0.03136602,0.04166667,0.0,0.02173913,0.04375,16
524926643325132800,2,17,14,0.823529,13,13,0.882353,0.882353,0.05331748,0.05882353,0.8125,0.10294118,0.851201,15
524926698165633024,1,8,7,0.875,7,7,0.875,0.875,0.11299419,0.125,1.0,0.25,0.108333,8
524926768054956032,0,1,0,0.0,0,0,1.0,0.0,1.0,1.0,1.0,1.0,1.0,1
524927281048080385,3,43,14,0.325581,2,0,0.744186,0.55814,0.01824002,0.02325581,0.0,0.01550388,0.792826,20
524927288077746176,4,21,15,0.714286,12,12,0.809524,1.333333,0.03980499,0.04761905,0.6,0.07142857,0.910291,16
524927356830760961,0,4,0,0.0,0,0,1.0,0.0,0.25,0.25,0.0,0.0,0.807692,4
524927695633666049,1,11,1,0.090909,1,0,0.909091,0.090909,0.08438817,0.09090909,0.0,0.01818182,0.909091,11
524927789892653056,1,8,7,0.875,7,7,0.875,0.875,0.11299419,0.125,1.0,0.25,0.125,8
524927809773649922,0,18,0,0.0,0,0,1.0,0.0,0.05555556,0.05555556,0.0,0.0,0.079649,18
524928119955013632,1,11,10,0.909091,10,10,0.909091,0.909091,0.08438842,0.09090909,1.0,0.18181818,0.985537,11
524928195011698688,0,1,0,0.0,0,0,1.0,0.0,1.0,1.0,1.0,1.0,1.0,1
524928223499784192,5,31,20,0.645161,12,12,0.83871,1.451613,0.02712142,0.03225806,0.4,0.04301075,0.047849,23
524928297986433024,1,4,3,0.75,3,3,0.75,0.75,0.20618575,0.25,1.0,0.5,0.0,4
524928863714168832,1,4,3,0.75,3,3,0.75,0.75,0.20618575,0.25,1.0,0.5,0.237245,4
524928878075457536,1,25,5,0.2,2,0,0.88,0.6,0.0362976,0.04,0.0,0.01666667,0.889708,16
524928960615186432,1,20,17,0.85,17,17,0.95,0.85,0.04796164,0.05,0.89473684,0.08947368,0.240379,15
524929014621032451,1,19,1,0.052632,1,0,0.947368,0.052632,0.05037784,0.05263158,0.0,0.00584795,0.220232,15
524929106987991040,1,10,8,0.8,8,8,0.9,0.8,0.09216586,0.1,0.88888889,0.17777778,0.95,10
524929497205055488,1,13,7,0.538462,7,7,0.923077,0.538462,0.07220216,0.07692308,0.58333333,0.08974359,0.925641,13
524929550493712384,3,28,24,0.857143,16,16,0.75,1.142857,0.0279169,0.03571429,0.59259259,0.06349206,0.047601,17
524929559909916672,2,18,17,0.944444,16,16,0.888889,1.0,0.05064538,0.05555556,0.94117647,0.11111111,0.064815,18
524929769469538305,0,2,0,0.0,0,0,1.0,0.0,0.5,0.5,0.0,0.0,0.651515,2
524929796862918656,1,19,18,0.947368,18,18,0.947368,0.947368,0.05037763,0.05263158,1.0,0.10526316,0.916099,19
524929893759737856,5,45,36,0.8,13,13,0.6,1.577778,0.01426238,0.02222222,0.29545455,0.03636364,0.928712,17
524930293921107969,0,10,0,0.0,0,0,1.0,0.0,0.1,0.1,0.0,0.0,0.760498,8
524930400272265216,1,5,3,0.6,3,3,0.8,0.6,0.17094005,0.2,0.75,0.3,0.129412,5
524930499790131200,4,11,10,0.909091,6,6,0.636364,1.727273,0.05963424,0.09090909,0.6,0.18181818,0.096565,8
524930538009006081,1,15,4,0.266667,3,0,0.866667,0.266667,0.05988025,0.06666667,0.0,0.03809524,0.842026,13
524930575472136192,1,8,7,0.875,7,7,0.875,0.875,0.11299419,0.125,1.0,0.25,0.834683,8
524930594950479873,0,2,0,0.0,0,0,1.0,0.0,0.5,0.5,0.0,0.0,0.0,2
524930671220105216,3,20,17,0.85,13,13,0.75,1.1,0.0397039,0.05,0.68421053,0.08947368,0.913095,15
524930678983753728,4,18,17,0.944444,10,10,0.611111,1.555556,0.03788116,0.05555556,0.58823529,0.11111111,0.0,14
524930851747164160,5,79,50,0.632911,10,10,0.696203,1.101266,0.00915063,0.01265823,0.12820513,0.0162285,0.051477,45
524931019745812480,2,6,3,0.5,2,2,0.666667,0.833333,0.12405035,0.16666667,0.4,0.2,1.0,4
524931083797004288,1,4,3,0.75,3,3,0.75,0.75,0.20618575,0.25,1.0,0.5,0.529167,4
524931110279852032,1,5,4,0.8,4,4,0.8,0.8,0.17094005,0.2,1.0,0.4,0.768603,5
524931324763992064,3,8,7,0.875,5,5,0.625,1.25,0.0866565,0.125,0.71428571,0.25,1.0,6
524931752725585921,0,3,0,0.0,0,0,1.0,0.0,0.33333333,0.33333333,0.0,0.0,0.958333,3
524931830173421568,1,2,1,0.5,1,1,0.5,0.5,0.35087736,0.5,1.0,1.0,1.0,2
524931913426157568,4,30,20,0.666667,10,10,0.666667,1.1,0.02267765,0.03333333,0.34482759,0.04597701,0.919216,17
524932056560963584,1,4,3,0.75,3,3,0.75,0.75,0.20618575,0.25,1.0,0.5,0.947368,4
524932292406681601,3,45,20,0.444444,3,0,0.666667,0.688889,0.01598909,0.02222222,0.0,0.02020202,0.048148,24
524932327907270656,2,6,3,0.5,2,2,0.666667,0.666667,0.12405035,0.16666667,0.4,0.2,0.669444,4
524932558275235840,1,5,4,0.8,4,4,0.8,0.8,0.17094005,0.2,1.0,0.4,0.25,5
524932574909857792,1,10,9,0.9,9,9,0.9,0.9,0.09216586,0.1,1.0,0.2,0.946667,6
524932635177795585,2,19,2,0.105263,1,0,0.894737,0.157895,0.04667991,0.05263158,0.0,0.01169591,0.213463,18
524932792925569024,2,13,12,0.923077,11,11,0.846154,1.0,0.0677246,0.07692308,0.91666667,0.15384615,0.881352,11
524932935137628160,10,36,26,0.722222,9,9,0.611111,2.5,0.01892618,0.02777778,0.25714286,0.04126984,0.986111,16
524933380929245184,2,24,19,0.791667,12,12,0.666667,0.916667,0.0322784,0.04166667,0.52173913,0.06884058,0.903846,18
524933399828369409,0,8,0,0.0,0,0,1.0,0.0,0.125,0.125,0.0,0.0,0.879902,8
524933534692442112,1,3,2,0.666667,2,2,0.666667,0.666667,0.25974051,0.33333333,1.0,0.66666667,0.204082,3
524933600433938432,3,15,8,0.533333,3,3,0.666667,1.2,0.05011426,0.06666667,0.21428571,0.07619048,0.148889,6
524933657493250048,1,13,12,0.923077,12,12,0.923077,0.923077,0.07220225,0.07692308,1.0,0.15384615,0.889401,13
524933764330586112,0,1,0,0.0,0,0,1.0,0.0,1.0,1.0,1.0,1.0,0.0,1
524934004152082432,3,12,10,0.833333,7,7,0.666667,1.083333,0.06129906,0.08333333,0.63636364,0.15151515,0.215409,10
524934090542182400,8,21,19,0.904762,8,8,0.571429,3.142857,0.02738527,0.04761905,0.4,0.09047619,0.276545,12
524934142958788608,9,68,46,0.676471,3,3,0.529412,2.25,0.00877684,0.01470588,0.04477612,0.02019315,0.049195,15
524934300459077632,1,5,4,0.8,4,4,0.8,0.8,0.17094005,0.2,1.0,0.4,0.188462,5
524934381828603904,3,10,9,0.9,6,6,0.6,1.3,0.06912913,0.1,0.66666667,0.2,0.735,9
524934419270742017,0,12,0,0.0,0,0,1.0,0.0,0.08333333,0.08333333,0.0,0.0,0.136111,12
524934507892580352,3,18,2,0.111111,1,0,0.888889,0.833333,0.04896562,0.05555556,0.0,0.0130719,0.074074,13
524934648473079808,1,5,3,0.6,2,2,0.6,0.6,0.14925385,0.2,0.5,0.3,0.0,3
524934673760530432,1,4,3,0.75,3,3,0.75,0.75,0.20618575,0.25,1.0,0.5,0.7125,4
524934827909210112,1,4,3,0.75,3,3,0.75,0.75,0.20618575,0.25,1.0,0.5,1.0,3
524934897367285760,2,20,17,0.85,17,17,0.95,0.95,0.04796164,0.05,0.89473684,0.08947368,0.2025,20
524934941914968064,3,23,19,0.826087,16,16,0.826087,1.043478,0.03781414,0.04347826,0.72727273,0.07509881,0.91195,14
524935023380545537,0,2,0,0.0,0,0,1.0,0.0,0.5,0.5,0.0,0.0,0.166667,2
524935085863481344,2,22,2,0.090909,1,0,0.909091,0.727273,0.04219408,0.04545455,0.0,0.00865801,0.896763,17
524935146806738944,1,11,0,0.0,0,0,1.0,0.818182,0.09090909,0.09090909,0.0,0.0,0.0,11
524935216134369281,0,4,0,0.0,0,0,1.0,0.0,0.25,0.25,0.0,0.0,0.916667,4
524935246647926784,1,5,4,0.8,4,4,0.8,0.8,0.17094005,0.2,1.0,0.4,0.883871,5
524935345998422016,1,12,9,0.75,9,9,0.916667,0.75,0.077821,0.08333333,0.81818182,0.13636364,0.860345,12
524935485370929152,3,20,9,0.45,4,0,0.7,1.25,0.03767196,0.05,0.0,0.04736842,0.884722,6
524935586025861121,1,6,1,0.166667,1,0,0.833333,0.166667,0.14598538,0.16666667,0.0,0.06666667,0.916667,5
524935633463037953,0,3,0,0.0,0,0,1.0,0.0,0.33333333,0.33333333,0.0,0.0,0.670455,3
524935731148775424,1,3,2,0.666667,2,2,0.666667,0.666667,0.25974051,0.33333333,1.0,0.66666667,0.503704,3
524935758143324160,1,5,4,0.8,4,4,0.8,0.8,0.17094005,0.2,1.0,0.4,0.968421,5
524935769614331904,3,16,15,0.9375,13,13,0.8125,1.125,0.05161207,0.0625,0.86666667,0.125,0.845954,13
524935791794221057,2,12,2,0.166667,2,0,0.916667,0.416667,0.077821,0.08333333,0.0,0.03030303,0.874444,11
524935816603107328,1,6,5,0.833333,5,5,0.833333,0.833333,0.14598557,0.16666667,1.0,0.33333333,0.797484,6
524935906596499456,6,34,29,0.852941,18,18,0.705882,1.882353,0.02050531,0.02941176,0.54545455,0.0516934,0.080675,22
524935943925796866,0,2,0,0.0,0,0,1.0,0.0,0.5,0.5,0.0,0.0,0.55,2
524936008870400000,2,9,8,0.888889,7,7,0.777778,1.0,0.09256502,0.11111111,0.875,0.22222222,0.155271,9
524936075870228480,1,6,5,0.833333,5,5,0.833333,0.833333,0.14598557,0.16666667,1.0,0.33333333,0.256944,6
524936137589411840,1,2,1,0.5,1,1,0.5,0.5,0.35087736,0.5,1.0,1.0,0.531746,2
524936365427806208,3,20,14,0.7,9,9,0.7,0.9,0.0367116,0.05,0.47368421,0.07368421,0.953529,12
524936456742379520,1,6,5,0.833333,5,5,0.833333,0.833333,0.14598557,0.16666667,1.0,0.33333333,0.193452,6
524936592159698944,1,2,0,0.0,0,0,1.0,0.5,0.5,0.5,0.0,0.0,0.806122,2
524936793633083394,0,20,0,0.0,0,0,1.0,0.0,0.05,0.05,0.0,0.0,0.860417,19
524936872666353664,5,30,25,0.833333,17,17,0.733333,1.4,0.02561848,0.03333333,0.5862069,0.05747126,0.946364,22
524936881348558849,1,18,1,0.055556,1,0,0.944444,0.055556,0.05305041,0.05555556,0.0,0.00653595,0.151996,16
524936931059056640,1,4,3,0.75,3,3,0.75,0.75,0.20618575,0.25,1.0,0.5,0.160714,4
524936966492942336,2,17,1,0.058824,1,0,0.941176,1.0,0.05602243,0.05882353,0.0,0.00735294,0.874711,17
524937114539282433,0,4,0,0.0,0,0,1.0,0.0,0.25,0.25,0.0,0.0,0.0,4
524937204552843268,2,19,5,0.263158,2,0,0.842105,0.368421,0.04640375,0.05263158,0.0,0.02923977,0.926316,11
524937243518312448,0,1,0,0.0,0,0,1.0,0.0,1.0,1.0,1.0,1.0,0.5,1
524937330923417600,1,13,10,0.769231,10,10,0.923077,0.769231,0.07220225,0.07692308,0.83333333,0.12820513,0.778309,13
524937421180653568,2,6,4,0.666667,3,3,0.666667,0.833333,0.12593147,0.16666667,0.6,0.26666667,0.111111,4
524937542131793920,3,7,6,0.857143,4,4,0.571429,1.285714,0.09428049,0.14285714,0.66666667,0.28571429,0.952381,6
524937560276344832,2,10,8,0.8,6,6,0.7,0.9,0.07534376,0.1,0.66666667,0.17777778,0.111142,8
524937574281121793,0,10,0,0.0,0,0,1.0,0.0,0.1,0.1,0.0,0.0,0.134848,9
524937594090844160,1,18,16,0.888889,16,16,0.944444,0.888889,0.05305041,0.05555556,0.94117647,0.10457516,0.782112,16
524937597206790144,1,2,0,0.0,0,0,1.0,0.5,0.5,0.5,0.0,0.0,0.0,2
524937635698327553,3,24,9,0.375,5,0,0.833333,0.666667,0.03522385,0.04166667,0.0,0.0326087,0.0,20
524937675115999232,1,4,2,0.5,2,2,0.75,0.5,0.20618553,0.25,0.66666667,0.33333333,0.125,3
524937968138878976,3,21,15,0.714286,10,10,0.714286,1.047619,0.03689947,0.04761905,0.5,0.07142857,0.857003,15
524938009834450945,0,3,0,0.0,0,0,1.0,0.0,0.33333333,0.33333333,0.0,0.0,0.5,3
524938107142283264,1,11,10,0.909091,10,10,0.909091,0.909091,0.08438842,0.09090909,1.0,0.18181818,0.954545,9
524938137320312832,1,13,12,0.923077,12,12,0.923077,0.923077,0.07220225,0.07692308,1.0,0.15384615,0.128571,11
524938146119966720,0,1,0,0.0,0,0,1.0,0.0,1.0,1.0,1.0,1.0,0.666667,1
524938162900967424,3,7,6,0.857143,4,4,0.571429,1.285714,0.09428049,0.14285714,0.66666667,0.28571429,0.82959,6
524938282732642305,0,2,0,0.0,0,0,1.0,0.0,0.5,0.5,0.0,0.0,0.9375,2
524938288277118976,2,21,20,0.952381,19,19,0.904762,1.0,0.04397921,0.04761905,0.95,0.0952381,0.047619,21
524938433262006272,1,8,6,0.75,6,6,0.875,0.75,0.11299419,0.125,0.85714286,0.21428571,0.870833,8
524938857180303360,1,5,4,0.8,4,4,0.8,0.8,0.17094005,0.2,1.0,0.4,0.833333,4
524939142485262337,1,18,2,0.111111,1,0,0.888889,0.277778,0.05076139,0.05555556,0.0,0.0130719,0.162795,14
524939327399559170,0,3,0,0.0,0,0,1.0,0.0,0.33333333,0.33333333,0.0,0.0,0.886667,3
524939347699585025,0,18,0,0.0,0,0,1.0,0.0,0.05555556,0.05555556,0.0,0.0,0.0,16
524939362048290817,0,1,0,0.0,0,0,1.0,0.0,1.0,1.0,1.0,1.0,0.0,1
524939378552864768,1,9,8,0.888889,8,8,0.888889,0.888889,0.10152277,0.11111111,1.0,0.22222222,0.794444,9
524939818347028480,1,2,1,0.5,1,1,0.5,0.5,0.35087736,0.5,1.0,1.0,0.333333,2
524939821815721984,3,13,9,0.692308,7,7,0.769231,1.153846,0.06430854,0.07692308,0.58333333,0.11538462,0.074233,9
524940014065811456,5,21,18,0.857143,11,11,0.666667,1.857143,0.03342374,0.04761905,0.55,0.08571429,0.821227,13
524940030109036544,2,13,1,0.076923,1,0,0.923077,1.0,0.07220216,0.07692308,0.0,0.01282051,0.897436,13
524940077978640384,2,20,17,0.85,14,14,0.8,0.95,0.04136663,0.05,0.73684211,0.08947368,0.89375,17
524940452383170560,1,7,6,0.857143,6,6,0.857143,0.857143,0.12738858,0.14285714,1.0,0.28571429,0.27033,7
524940623594287104,1,18,16,0.888889,15,15,0.888889,0.888889,0.05076139,0.05555556,0.88235294,0.10457516,0.0,16
524940659778920448,1,7,6,0.857143,6,6,0.857143,0.857143,0.12738858,0.14285714,1.0,0.28571429,0.961538,7
524940716733370374,1,20,2,0.1,1,0,0.9,0.1,0.04608293,0.05,0.0,0.01052632,0.805571,18
524940803601227777,1,11,1,0.090909,1,0,0.909091,0.090909,0.08438817,0.09090909,0.0,0.01818182,0.0,11
524940940721418240,1,5,4,0.8,4,4,0.8,0.8,0.17094005,0.2,1.0,0.4,0.05,5
524941041301225472,2,13,10,0.769231,10,10,0.923077,0.923077,0.07220225,0.07692308,0.83333333,0.12820513,0.766026,12
524941119403335681,2,27,9,0.333333,4,0,0.777778,0.407407,0.02981064,0.03703704,0.0,0.02564103,0.224614,17
524941124893700096,1,5,4,0.8,4,4,0.8,0.8,0.17094005,0.2,1.0,0.4,0.95,5
524941132237910016,1,3,2,0.666667,2,2,0.666667,0.666667,0.25974051,0.33333333,1.0,0.66666667,1.0,3
524941272549969920,2,20,17,0.85,16,16,0.9,1.0,0.04598726,0.05,0.84210526,0.08947368,0.007143,19
524941318389501953,3,11,3,0.272727,1,0,0.727273,0.545455,0.06406523,0.09090909,0.0,0.05454545,0.139394,9
524941504796962816,3,31,19,0.612903,13,13,0.774194,0.967742,0.02694211,0.03225806,0.43333333,0.04086022,0.879765,18
524941529928839168,1,7,6,0.857143,6,6,0.857143,0.857143,0.12738858,0.14285714,1.0,0.28571429,0.842857,7
524941720249978880,4,30,25,0.833333,16,16,0.7,1.233333,0.02354941,0.03333333,0.55172414,0.05747126,0.935915,22
524941727753568257,0,11,0,0.0,0,0,1.0,0.0,0.09090909,0.09090909,0.0,0.0,0.901515,11
524942058042449920,0,1,0,0.0,0,0,1.0,0.0,1.0,1.0,1.0,1.0,1.0,1
524942149973188608,3,20,18,0.9,13,13,0.7,1.15,0.03840763,0.05,0.68421053,0.09473684,0.80625,16
524942353355005952,1,8,0,0.0,0,0,1.0,0.75,0.125,0.125,0.0,0.0,1.0,7
524942470472548352,1,4,0,0.0,0,0,1.0,0.75,0.25,0.25,0.0,0.0,0.891304,4
524942548066791424,1,5,4,0.8,4,4,0.8,0.8,0.17094005,0.2,1.0,0.4,0.735,5
524942687003484161,0,9,0,0.0,0,0,1.0,0.0,0.11111111,0.11111111,0.0,0.0,0.214286,8
524942802908876801,2,6,3,0.5,2,0,0.666667,0.666667,0.12405035,0.16666667,0.0,0.2,0.0,2
524942851944493056,1,2,1,0.5,1,1,0.5,0.5,0.35087736,0.5,1.0,1.0,0.3,2
524942946765131776,1,5,3,0.6,3,3,0.8,0.6,0.17094005,0.2,0.75,0.3,0.8,4
524942952733220865,0,11,0,0.0,0,0,1.0,0.0,0.09090909,0.09090909,0.0,0.0,0.104545,11
524943012602716160,1,17,16,0.941176,16,16,0.941176,0.941176,0.05602206,0.05882353,1.0,0.11764706,0.933824,17
524943063937208320,1,2,1,0.5,1,1,0.5,0.5,0.35087736,0.5,1.0,1.0,0.8,2
524943114885427203,0,3,0,0.0,0,0,1.0,0.0,0.33333333,0.33333333,0.0,0.0,1.0,3
524943132409212928,3,19,17,0.894737,13,13,0.789474,1.157895,0.04295377,0.05263158,0.72222222,0.0994152,0.962753,18
524943226948820992,2,10,8,0.8,7,7,0.8,0.9,0.08472267,0.1,0.77777778,0.17777778,0.180556,9
524943490887991296,1,8,7,0.875,7,7,0.875,0.875,0.11299419,0.125,1.0,0.25,0.958333,8
524943504192311296,1,4,3,0.75,3,3,0.75,0.75,0.20618575,0.25,1.0,0.5,1.0,4
524943615437848576,3,31,24,0.774194,16,16,0.741935,1.129032,0.02558617,0.03225806,0.53333333,0.0516129,0.068894,20
524943638812299265,0,1,0,0.0,0,0,1.0,0.0,1.0,1.0,1.0,1.0,0.0,1
524943658748219392,2,14,11,0.785714,9,9,0.857143,0.928571,0.06337026,0.07142857,0.69230769,0.12087912,0.104592,13
524943721302089728,3,20,15,0.75,8,8,0.75,1.4,0.03886346,0.05,0.42105263,0.07894737,0.758444,8
524943804051496961,0,19,0,0.0,0,0,1.0,0.0,0.05263158,0.05263158,0.0,0.0,0.065789,19
524943812339437569,0,6,0,0.0,0,0,1.0,0.0,0.16666667,0.16666667,0.0,0.0,0.808333,6
524943886553468929,3,17,5,0.294118,1,0,0.705882,0.529412,0.04161163,0.05882353,0.0,0.03676471,0.795859,12
524943976902971392,0,1,0,0.0,0,0,1.0,0.0,1.0,1.0,1.0,1.0,0.0,1
524944006577668096,1,4,3,0.75,3,3,0.75,0.75,0.20618575,0.25,1.0,0.5,0.916667,4
524944146025312256,3,19,17,0.894737,14,14,0.789474,1.105263,0.04297465,0.05263158,0.77777778,0.0994152,0.077632,17
524944178586091520,1,3,2,0.666667,2,2,0.666667,0.666667,0.25974051,0.33333333,1.0,0.66666667,0.0,3
524944399890124801,5,23,9,0.391304,2,0,0.652174,1.086957,0.02903586,0.04347826,0.0,0.03557312,0.942358,11
524944537618485248,1,11,9,0.818182,9,9,0.909091,0.818182,0.08438817,0.09090909,0.9,0.16363636,0.454127,9
524944544681705472,1,10,8,0.8,7,7,0.8,0.8,0.08547003,0.1,0.77777778,0.17777778,0.849709,9
524944569528750080,3,18,17,0.944444,13,13,0.777778,1.222222,0.04567043,0.05555556,0.76470588,0.11111111,0.826058,14
524944571256434688,1,2,1,0.5,1,1,0.5,0.5,0.35087736,0.5,1.0,1.0,0.0,2
524944610985263104,2,19,16,0.842105,8,8,0.842105,0.947368,0.04621003,0.05263158,0.44444444,0.09356725,0.030075,18
524944637489086464,1,7,6,0.857143,6,6,0.857143,0.857143,0.12738858,0.14285714,1.0,0.28571429,0.85619,7
524944788525973505,0,3,0,0.0,0,0,1.0,0.0,0.33333333,0.33333333,0.0,0.0,0.071429,3
524944881941495809,2,23,4,0.173913,1,0,0.826087,0.217391,0.03686978,0.04347826,0.0,0.01581028,0.876228,22
524944978288852992,1,8,7,0.875,7,7,0.875,0.875,0.11299419,0.125,1.0,0.25,0.058036,8
524944981753356288,2,12,9,0.75,8,8,0.833333,1.0,0.07251472,0.08333333,0.72727273,0.13636364,0.130952,11
524945095322513408,1,7,4,0.571429,4,4,0.857143,0.571429,0.12738858,0.14285714,0.66666667,0.19047619,0.009524,6
524945101542678529,1,9,2,0.222222,1,0,0.777778,0.222222,0.09345797,0.11111111,0.0,0.05555556,0.012346,5
524945170777645059,0,13,0,0.0,0,0,1.0,0.0,0.07692308,0.07692308,0.0,0.0,0.853846,13
524945197705461763,2,20,2,0.1,1,0,0.9,0.15,0.04459811,0.05,0.0,0.01052632,0.832857,17
524945225253675008,1,10,9,0.9,9,9,0.9,0.9,0.09216586,0.1,1.0,0.2,0.054762,10
524945585539776512,3,17,15,0.882353,11,11,0.705882,1.176471,0.04499358,0.05882353,0.6875,0.11029412,0.117647,14
524945665827545089,0,8,0,0.0,0,0,1.0,0.0,0.125,0.125,0.0,0.0,0.9375,8
524945676443340800,1,7,6,0.857143,6,6,0.857143,0.857143,0.12738858,0.14285714,1.0,0.28571429,0.811111,7
524945684966166528,1,11,10,0.909091,10,10,0.909091,0.909091,0.08438842,0.09090909,1.0,0.18181818,0.834872,11
524945814796644352,2,18,2,0.111111,1,0,0.888889,1.055556,0.05076139,0.05555556,0.0,0.0130719,0.080281,18
524945879455653889,2,18,3,0.166667,1,0,0.833333,0.222222,0.04700919,0.05555556,0.0,0.01960784,0.854646,16
524946179390701568,1,13,12,0.923077,12,12,0.923077,0.923077,0.07220225,0.07692308,1.0,0.15384615,0.820763,13
524946336190586880,1,10,8,0.8,7,7,0.8,0.8,0.08547003,0.1,0.77777778,0.17777778,0.958491,9
524946461621235712,4,8,5,0.625,2,2,0.625,1.75,0.0916485,0.125,0.28571429,0.17857143,0.185227,6
524946609453678593,3,21,5,0.238095,1,0,0.761905,0.380952,0.03661789,0.04761905,0.0,0.02380952,0.844284,16
524946753154727936,1,7,0,0.0,0,0,1.0,0.857143,0.14285714,0.14285714,0.0,0.0,0.195803,7
524946808271671297,0,4,0,0.0,0,0,1.0,0.0,0.25,0.25,0.0,0.0,0.0,4
524946921547628545,5,30,11,0.366667,2,0,0.666667,0.933333,0.02221546,0.03333333,0.0,0.02528736,0.912535,19
524947030616313856,4,57,39,0.684211,15,15,0.77193,1.298246,0.0141082,0.01754386,0.26785714,0.02443609,0.011985,31
524947036228317184,2,8,6,0.75,4,4,0.625,0.875,0.0931914,0.125,0.57142857,0.21428571,0.09375,6
524947071770435585,1,5,1,0.2,1,0,0.8,0.2,0.17094019,0.2,0.0,0.1,0.05,5
524947129354420225,4,18,8,0.444444,2,0,0.611111,0.944444,0.03417796,0.05555556,0.0,0.05228758,0.250421,11
524947149134774272,1,3,2,0.666667,2,2,0.666667,0.666667,0.25974051,0.33333333,1.0,0.66666667,0.855556,3
524947196131966976,2,19,15,0.789474,13,13,0.842105,1.052632,0.04628425,0.05263158,0.72222222,0.0877193,0.893275,16
524947368865964033,0,1,0,0.0,0,0,1.0,0.0,1.0,1.0,1.0,1.0,0.0,1
524947414050816000,2,4,3,0.75,2,2,0.5,1.0,0.16498256,0.25,0.66666667,0.5,0.125,4
524947416869388288,1,4,3,0.75,3,3,0.75,0.75,0.20618575,0.25,1.0,0.5,1.0,4
524947424482435073,2,19,3,0.157895,2,0,0.894737,0.263158,0.04667991,0.05263158,0.0,0.01754386,0.822402,18
524947475858472960,1,7,5,0.714286,5,5,0.857143,0.714286,0.12738858,0.14285714,0.83333333,0.23809524,0.166667,6
524947502903345153,0,4,0,0.0,0,0,1.0,0.0,0.25,0.25,0.0,0.0,0.875,4
524947604690702336,1,6,0,0.0,0,0,1.0,0.833333,0.16666667,0.16666667,0.0,0.0,0.0,6
524947674164760577,3,21,5,0.238095,1,0,0.761905,0.428571,0.03960398,0.04761905,0.0,0.02380952,0.927438,15
524947716393414656,7,104,71,0.682692,13,13,0.663462,1.798077,0.00671137,0.00961538,0.12621359,0.01325616,0.0,24
524947744809418752,1,5,0,0.0,0,0,1.0,0.8,0.2,0.2,0.0,0.0,0.77,5
524947867975561216,4,18,15,0.833333,7,7,0.611111,1.222222,0.03656146,0.05555556,0.41176471,0.09803922,0.874718,10
524947870735429632,1,7,6,0.857143,6,6,0.857143,0.857143,0.12738858,0.14285714,1.0,0.28571429,0.846667,7
524947964620701696,1,12,6,0.5,6,6,0.916667,0.5,0.077821,0.08333333,0.54545455,0.09090909,0.902778,8
524947971679744000,3,9,7,0.777778,6,6,0.777778,1.222222,0.09241783,0.11111111,0.75,0.19444444,0.775,8
524948206023880704,5,25,23,0.92,17,17,0.72,1.4,0.02849978,0.04,0.70833333,0.07666667,0.865636,17
524948264148160513,1,11,0,0.0,0,0,1.0,0.090909,0.09090909,0.09090909,0.0,0.0,0.879679,10
524948264886759424,2,9,8,0.888889,7,7,0.777778,1.0,0.09256502,0.11111111,0.875,0.22222222,1.0,9
524948268355051520,1,4,3,0.75,3,3,0.75,0.75,0.20618575,0.25,1.0,0.5,0.916667,4
524948520605069312,1,20,16,0.8,15,15,0.9,0.8,0.04608293,0.05,0.78947368,0.08421053,0.130392,17
524948554344054785,0,5,0,0.0,0,0,1.0,0.0,0.2,0.2,0.0,0.0,0.795,5
524948618776944640,1,11,10,0.909091,10,10,0.909091,0.909091,0.08438842,0.09090909,1.0,0.18181818,0.0,11
524948703850029056,1,4,3,0.75,3,3,0.75,0.75,0.20618575,0.25,1.0,0.5,0.857505,4
524948710812581888,2,20,18,0.9,15,15,0.85,1.05,0.04415739,0.05,0.78947368,0.09473684,0.088333,20
524948790227517440,1,9,8,0.888889,8,8,0.888889,0.888889,0.10152277,0.11111111,1.0,0.22222222,0.06499,9
524948866773184512,1,4,3,0.75,3,3,0.75,0.75,0.20618575,0.25,1.0,0.5,0.675,3
524948941956448257,2,9,2,0.222222,1,0,0.777778,0.333333,0.08754628,0.11111111,0.0,0.05555556,0.779461,7
524949003834634240,1,2,1,0.5,1,1,0.5,0.5,0.35087736,0.5,1.0,1.0,0.0,2
524949021744713728,1,5,4,0.8,4,4,0.8,0.8,0.17094005,0.2,1.0,0.4,0.935,5
524949026064850944,2,8,2,0.25,1,0,0.75,0.875,0.10309287,0.125,0.0,0.07142857,0.921875,6
524949028728221698,3,17,4,0.235294,1,0,0.764706,0.470588,0.04452526,0.05882353,0.0,0.02941176,0.010592,11
524949069945634816,1,13,11,0.846154,11,11,0.923077,0.846154,0.07220225,0.07692308,0.91666667,0.14102564,0.925049,13
524949073154301952,1,11,0,0.0,0,0,1.0,0.909091,0.09090909,0.09090909,0.0,0.0,0.878788,11
524949136173694976,4,19,16,0.842105,10,10,0.631579,1.315789,0.03564909,0.05263158,0.55555556,0.09356725,0.026316,12
524949243883425793,3,27,6,0.222222,3,0,0.851852,0.481481,0.0316775,0.03703704,0.0,0.01709402,0.031746,21
524949306101743616,2,8,7,0.875,6,6,0.75,1.0,0.10182859,0.125,0.85714286,0.25,0.822917,7
524949315245322241,0,1,0,0.0,0,0,1.0,0.0,1.0,1.0,1.0,1.0,1.0,1
524949339131904000,6,75,29,0.386667,4,4,0.72,0.986667,0.0100398,0.01333333,0.05405405,0.01045045,0.964451,10
524949435886096385,0,16,0,0.0,0,0,1.0,0.0,0.0625,0.0625,0.0,0.0,0.035714,16
524949439367380993,0,4,0,0.0,0,0,1.0,0.0,0.25,0.25,0.0,0.0,0.736395,4
524949443607412737,0,5,0,0.0,0,0,1.0,0.0,0.2,0.2,0.0,0.0,0.9,5
524949526487265280,3,20,19,0.95,16,16,0.8,1.15,0.04123515,0.05,0.84210526,0.1,0.879615,18
524949628689461249,1,10,0,0.0,0,0,1.0,0.1,0.1,0.1,0.0,0.0,0.832222,10
524949733983657984,1,6,5,0.833333,5,5,0.833333,0.833333,0.14598557,0.16666667,1.0,0.33333333,0.852041,6
524949828711620608,1,13,12,0.923077,12,12,0.923077,0.923077,0.07220225,0.07692308,1.0,0.15384615,0.803877,13
524949837729787905,0,4,0,0.0,0,0,1.0,0.0,0.25,0.25,0.0,0.0,0.767647,4
524949884143927296,1,11,10,0.909091,10,10,0.909091,0.909091,0.08438842,0.09090909,1.0,0.18181818,0.060606,10
524949887591653376,2,13,11,0.846154,8,8,0.769231,1.0,0.06393751,0.07692308,0.66666667,0.14102564,0.948718,11
524949897221795840,4,25,22,0.88,16,16,0.72,1.16,0.03014732,0.04,0.66666667,0.07333333,0.1385,17
524949939755810817,3,7,2,0.285714,1,0,0.714286,0.857143,0.10612886,0.14285714,0.0,0.0952381,0.0,4
524950117192044544,1,4,0,0.0,0,0,1.0,0.75,0.25,0.25,0.0,0.0,0.0,4
524950159160250368,2,21,19,0.904762,17,17,0.857143,0.952381,0.04238629,0.04761905,0.85,0.09047619,0.281367,19
524950203476869120,1,2,1,0.5,1,1,0.5,0.5,0.35087736,0.5,1.0,1.0,0.25,2
524950264303075328,1,5,3,0.6,3,3,0.8,0.6,0.17094005,0.2,0.75,0.3,0.744828,5
524950321064607744,1,5,1,0.2,1,0,0.8,0.4,0.17094019,0.2,0.0,0.1,0.18,4
524950339074523137,2,23,5,0.217391,2,0,0.826087,0.26087,0.03686978,0.04347826,0.0,0.01976285,0.10766,20
524950395110842369,2,9,1,0.111111,1,0,0.888889,0.333333,0.10152285,0.11111111,0.0,0.02777778,0.0,7
524950404283772930,1,20,3,0.15,1,0,0.85,0.15,0.04434592,0.05,0.0,0.01578947,0.793197,17
524950428598153216,0,1,0,0.0,0,0,1.0,0.0,1.0,1.0,1.0,1.0,0.875,1
524950455743291392,1,20,19,0.95,19,19,0.95,0.95,0.04796147,0.05,1.0,0.1,0.0,20
524950507023245313,0,4,0,0.0,0,0,1.0,0.0,0.25,0.25,0.0,0.0,0.0,4
524950584349454337,0,8,0,0.0,0,0,1.0,0.0,0.125,0.125,0.0,0.0,0.972222,8
524950679274942464,5,19,18,0.947368,12,12,0.736842,1.736842,0.03932599,0.05263158,0.66666667,0.10526316,0.0,15
524950887119482882,1,16,1,0.0625,1,0,0.9375,0.125,0.05934721,0.0625,0.0,0.00833333,0.886819,15
524950899899113473,1,11,1,0.090909,1,0,0.909091,0.090909,0.08438817,0.09090909,0.0,0.01818182,0.936364,11
524951279760867328,1,5,4,0.8,4,4,0.8,0.8,0.17094005,0.2,1.0,0.4,0.1,5
524951314556796929,1,20,1,0.05,1,0,0.95,0.05,0.04796164,0.05,0.0,0.00526316,0.939295,19
524951419175309312,1,8,7,0.875,7,7,0.875,0.875,0.11299419,0.125,1.0,0.25,0.916667,8
524951439417044992,1,8,6,0.75,6,6,0.875,0.75,0.11299419,0.125,0.85714286,0.21428571,0.0,8
524951456362012672,1,3,2,0.666667,2,2,0.666667,0.666667,0.25974051,0.33333333,1.0,0.66666667,0.0,3
524951585231994880,2,19,16,0.842105,15,15,0.894737,0.894737,0.04819704,0.05263158,0.83333333,0.09356725,0.964912,17
524951625556066304,2,16,12,0.75,9,9,0.8125,0.9375,0.05344576,0.0625,0.6,0.1,0.807134,13
524951696376487936,1,6,0,0.0,0,0,1.0,0.833333,0.16666667,0.16666667,0.0,0.0,0.203254,6
524951711941922818,4,17,3,0.176471,1,0,0.823529,0.588235,0.04627675,0.05882353,0.0,0.02205882,0.914072,14
524951893467234304,1,7,6,0.857143,6,6,0.857143,0.857143,0.12738858,0.14285714,1.0,0.28571429,0.954545,7
524951948337098752,1,7,0,0.0,0,0,1.0,0.857143,0.14285714,0.14285714,0.0,0.0,0.142857,7
524952005157347328,1,4,3,0.75,3,3,0.75,0.75,0.20618575,0.25,1.0,0.5,0.208333,4
524952094986350592,0,1,0,0.0,0,0,1.0,0.0,1.0,1.0,1.0,1.0,1.0,1
524952154482946048,1,2,1,0.5,1,1,0.5,0.5,0.35087736,0.5,1.0,1.0,0.543011,2
524952322703900672,1,19,18,0.947368,18,18,0.947368,0.947368,0.05037763,0.05263158,1.0,0.10526316,0.0,16
524952341561491459,1,13,2,0.153846,1,0,0.846154,0.153846,0.06802726,0.07692308,0.0,0.02564103,0.881538,9
524952407625957376,0,1,0,0.0,0,0,1.0,0.0,1.0,1.0,1.0,1.0,1.0,1
524952437137092608,2,20,19,0.95,18,18,0.9,1.0,0.04599789,0.05,0.94736842,0.1,0.961667,20
524952808110694400,2,7,6,0.857143,5,5,0.714286,1.0,0.11306466,0.14285714,0.83333333,0.28571429,0.040816,6
524952883343925249,2,22,6,0.272727,3,0,0.863636,0.409091,0.04014252,0.04545455,0.0,0.02597403,0.933006,18
524952995034042368,3,13,10,0.769231,9,9,0.846154,1.076923,0.06802726,0.07692308,0.75,0.12820513,0.919414,12
524953017389707264,4,36,30,0.833333,9,9,0.611111,1.5,0.01888045,0.02777778,0.25714286,0.04761905,0.925415,17
524953077456318464,2,8,6,0.75,6,6,0.875,1.0,0.11299419,0.125,0.85714286,0.21428571,0.0,8
524953110285152256,4,12,11,0.916667,8,8,0.666667,1.416667,0.05652425,0.08333333,0.72727273,0.16666667,0.97549,10
524953391634866176,1,8,7,0.875,7,7,0.875,0.875,0.11299419,0.125,1.0,0.25,0.903846,8
524953508978909185,0,20,0,0.0,0,0,1.0,0.0,0.05,0.05,0.0,0.0,0.075,20
524953530193301505,0,19,0,0.0,0,0,1.0,0.0,0.05263158,0.05263158,0.0,0.0,0.094222,19
524953569762766848,5,42,28,0.666667,8,8,0.619048,1.380952,0.01637255,0.02380952,0.19512195,0.03252033,0.167216,14
524953604717686784,2,20,18,0.9,17,17,0.9,0.95,0.04599289,0.05,0.89473684,0.09473684,0.731892,20
524953767402553345,0,6,0,0.0,0,0,1.0,0.0,0.16666667,0.16666667,0.0,0.0,0.211111,6
524953840127574016,4,19,15,0.789474,11,11,0.736842,1.263158,0.03914865,0.05263158,0.61111111,0.0877193,0.930223,15
524953918166794240,2,8,7,0.875,6,6,0.75,1.0,0.10182859,0.125,0.85714286,0.25,0.808333,8
524954028287877121,0,8,0,0.0,0,0,1.0,0.0,0.125,0.125,0.0,0.0,0.872549,7
524954105471840256,1,4,3,0.75,3,3,0.75,0.75,0.20618575,0.25,1.0,0.5,0.125,4
524954161054756864,1,12,11,0.916667,11,11,0.916667,0.916667,0.07782115,0.08333333,1.0,0.16666667,0.055556,12
524954241547632640,1,11,10,0.909091,10,10,0.909091,0.909091,0.08438842,0.09090909,1.0,0.18181818,0.116574,11
524954262657581057,1,7,0,0.0,0,0,1.0,0.142857,0.14285714,0.14285714,0.0,0.0,0.0,7
524954313337364480,1,3,2,0.666667,2,2,0.666667,0.666667,0.25974051,0.33333333,1.0,0.66666667,0.133333,3
524954586696933377,1,17,2,0.117647,1,0,0.882353,0.117647,0.05347594,0.05882353,0.0,0.01470588,0.923529,11
524954623145431041,0,5,0,0.0,0,0,1.0,0.0,0.2,0.2,0.0,0.0,0.630476,5
524954630279925760,2,15,12,0.8,9,9,0.733333,0.933333,0.05207569,0.06666667,0.64285714,0.11428571,0.918636,12
524954661703680000,1,7,4,0.571429,4,4,0.857143,0.714286,0.12738858,0.14285714,0.66666667,0.19047619,0.325974,6
524954833648771072,2,13,12,0.923077,9,9,0.846154,1.153846,0.06765775,0.07692308,0.75,0.15384615,0.929688,13
524955062486196224,1,5,4,0.8,4,4,0.8,0.8,0.17094005,0.2,1.0,0.4,0.714286,4
524955083297931264,2,7,6,0.857143,5,5,0.714286,1.0,0.11306466,0.14285714,0.83333333,0.28571429,0.0,7
524955102554361856,3,16,14,0.875,8,8,0.625,1.375,0.04353603,0.0625,0.53333333,0.11666667,0.040625,15
524955159840182272,1,12,11,0.916667,11,11,0.916667,0.916667,0.07782115,0.08333333,1.0,0.16666667,0.813194,10
524955170200121344,1,4,0,0.0,0,0,1.0,0.75,0.25,0.25,0.0,0.0,0.214286,4
524955243185176576,3,10,9,0.9,6,6,0.6,1.3,0.06912913,0.1,0.66666667,0.2,0.028571,7
524955251464736768,3,12,10,0.833333,7,7,0.666667,1.166667,0.06091371,0.08333333,0.63636364,0.15151515,0.02381,9
524955304199352320,1,3,2,0.666667,2,2,0.666667,0.666667,0.25974051,0.33333333,1.0,0.66666667,1.0,3
524955317201666048,1,6,4,0.666667,4,4,0.833333,0.666667,0.14598557,0.16666667,0.8,0.26666667,0.117647,5
524955385480753153,2,15,2,0.133333,1,0,0.866667,0.2,0.05739707,0.06666667,0.0,0.01904762,0.0,14
524955386697515008,4,35,23,0.657143,14,14,0.742857,0.857143,0.02227496,0.02857143,0.41176471,0.03865546,0.144762,20
524955388190662657,2,30,7,0.233333,1,0,0.766667,0.333333,0.02726838,0.03333333,0.0,0.01609195,0.13,24
524955557686284288,1,4,3,0.75,3,3,0.75,0.75,0.20618575,0.25,1.0,0.5,0.761765,4
524955620538343426,1,15,2,0.133333,1,0,0.866667,0.133333,0.05988025,0.06666667,0.0,0.01904762,0.930159,9
524955850591334403,0,9,0,0.0,0,0,1.0,0.0,0.11111111,0.11111111,0.0,0.0,0.055556,9
524955871689052160,1,2,1,0.5,1,1,0.5,0.5,0.35087736,0.5,1.0,1.0,0.0,2
524956007324082177,0,4,0,0.0,0,0,1.0,0.0,0.25,0.25,0.0,0.0,0.159091,4
524956129017995264,6,34,25,0.735294,16,16,0.735294,1.382353,0.02214641,0.02941176,0.48484848,0.04456328,0.959064,19
524956168754843648,1,7,6,0.857143,6,6,0.857143,0.857143,0.12738858,0.14285714,1.0,0.28571429,0.096939,7
524956294395224064,8,28,25,0.892857,3,2,0.392857,4.857143,0.01932684,0.03571429,0.07407407,0.06613757,0.95063,7
524956372199555072,2,9,5,0.555556,3,3,0.666667,0.666667,0.08148297,0.11111111,0.375,0.13888889,0.961111,5
524956383318650880,2,20,17,0.85,16,16,0.9,0.9,0.04598726,0.05,0.84210526,0.08947368,0.853205,18
524956415589621760,1,2,1,0.5,1,1,0.5,0.5,0.35087736,0.5,1.0,1.0,0.4375,2
524956449836130304,1,3,2,0.666667,2,2,0.666667,0.666667,0.25974051,0.33333333,1.0,0.66666667,0.0,3
524956518404198400,2,6,5,0.833333,4,4,0.666667,1.0,0.12689364,0.16666667,0.8,0.33333333,0.1,6
524956648151191553,0,5,0,0.0,0,0,1.0,0.0,0.2,0.2,0.0,0.0,0.0,5
524956731638841344,2,10,1,0.1,1,0,0.9,0.9,0.09216586,0.1,0.0,0.02222222,0.083333,8
524957105296404480,4,14,13,0.928571,10,10,0.714286,1.357143,0.05090346,0.07142857,0.76923077,0.14285714,0.225397,12
524957429889777665,2,15,4,0.266667,3,0,0.866667,0.333333,0.059029,0.06666667,0.0,0.03809524,0.872984,12
524957517294886912,2,19,18,0.947368,17,17,0.894737,1.0,0.04821023,0.05263158,0.94444444,0.10526316,0.754617,16
524957554829717504,1,2,1,0.5,1,1,0.5,0.5,0.35087736,0.5,1.0,1.0,0.0,2
524957566502445056,1,9,8,0.888889,8,8,0.888889,0.888889,0.10152277,0.11111111,1.0,0.22222222,0.944444,9
524957647653863424,1,6,5,0.833333,5,5,0.833333,0.833333,0.14598557,0.16666667,1.0,0.33333333,0.890152,6
524957752138149888,4,38,26,0.684211,8,8,0.684211,1.131579,0.01914449,0.02631579,0.21621622,0.03698435,0.948657,8
524957773810135040,1,13,12,0.923077,12,12,0.923077,0.923077,0.07220225,0.07692308,1.0,0.15384615,0.128205,13
524957872296583168,3,27,20,0.740741,15,15,0.777778,1.148148,0.02968916,0.03703704,0.57692308,0.05698006,0.042121,22
524957925157384192,1,10,9,0.9,9,9,0.9,0.9,0.09216586,0.1,1.0,0.2,0.02,10
524957974226550784,1,6,4,0.666667,4,4,0.833333,0.666667,0.14598557,0.16666667,0.8,0.26666667,0.083333,6
524957978806743040,4,39,35,0.897436,13,13,0.717949,1.692308,0.02001822,0.02564103,0.34210526,0.04723347,0.091982,32
524958128392376320,2,14,8,0.571429,7,7,0.857143,0.785714,0.06327829,0.07142857,0.53846154,0.08791209,0.746224,9
524958173245870080,1,4,3,0.75,3,3,0.75,0.75,0.20618575,0.25,1.0,0.5,0.225,4
524958227768020992,1,7,6,0.857143,6,6,0.857143,0.857143,0.12738858,0.14285714,1.0,0.28571429,0.928571,7
524958238316298240,6,36,29,0.805556,17,17,0.75,1.777778,0.02048732,0.02777778,0.48571429,0.04603175,0.09638,23
524958250706681856,0,1,0,0.0,0,0,1.0,0.0,1.0,1.0,1.0,1.0,0.0,1
524958383468978176,1,2,1,0.5,1,1,0.5,0.5,0.35087736,0.5,1.0,1.0,0.0,2
524958384060366849,0,19,0,0.0,0,0,1.0,0.0,0.05263158,0.05263158,0.0,0.0,0.08134,19
524958409381384192,1,20,19,0.95,19,19,0.95,0.95,0.04796147,0.05,1.0,0.1,0.025,20
524958498770395137,4,47,12,0.255319,2,0,0.765957,0.553191,0.01708893,0.0212766,0.0,0.01110083,0.074877,14
524958516822671360,2,14,13,0.928571,12,12,0.857143,1.0,0.0634511,0.07142857,0.92307692,0.14285714,0.073413,14
524958599433691136,2,10,2,0.2,1,0,0.8,0.8,0.08547003,0.1,0.0,0.04444444,0.563077,6
524958741259886592,5,9,6,0.666667,3,3,0.555556,1.888889,0.06631892,0.11111111,0.375,0.16666667,0.133333,5
524958743000125440,1,3,2,0.666667,2,2,0.666667,0.666667,0.25974051,0.33333333,1.0,0.66666667,0.759637,3
524958992330522624,3,12,10,0.833333,9,9,0.833333,1.166667,0.07299278,0.08333333,0.81818182,0.15151515,0.06746,11
524959027516932096,3,19,16,0.842105,10,10,0.789474,1.368421,0.04286628,0.05263158,0.55555556,0.09356725,0.903702,10
524959090125320193,5,11,5,0.454545,2,0,0.636364,1.727273,0.05459202,0.09090909,0.0,0.09090909,0.0,8
524959332656349187,1,9,1,0.111111,1,0,0.888889,0.111111,0.10152285,0.11111111,0.0,0.02777778,1.0,7
524959390332239872,1,10,9,0.9,9,9,0.9,0.9,0.09216586,0.1,1.0,0.2,0.221373,10
524959630158725120,3,25,22,0.88,18,18,0.8,1.04,0.03189872,0.04,0.75,0.07333333,0.930513,21
524959715957424128,1,5,4,0.8,4,4,0.8,0.8,0.17094005,0.2,1.0,0.4,0.066667,5
524959778125385728,3,22,16,0.727273,15,15,0.909091,1.181818,0.04219408,0.04545455,0.71428571,0.06926407,0.04697,22
524959809402331137,0,20,0,0.0,0,0,1.0,0.0,0.05,0.05,0.0,0.0,0.929038,20
524959836778536961,0,5,0,0.0,0,0,1.0,0.0,0.2,0.2,0.0,0.0,0.92,5
524960221694005248,1,3,2,0.666667,2,2,0.666667,0.666667,0.25974051,0.33333333,1.0,0.66666667,0.2,3
524960245509287936,2,11,2,0.181818,2,0,0.909091,1.090909,0.08438817,0.09090909,0.0,0.03636364,0.045455,11
524960247518330881,2,16,2,0.125,1,0,0.875,0.1875,0.05428147,0.0625,0.0,0.01666667,1.0,12
524960277348233216,1,11,10,0.909091,10,10,0.909091,0.909091,0.08438842,0.09090909,1.0,0.18181818,0.060606,11
524960580944560128,1,8,7,0.875,7,7,0.875,0.875,0.11299419,0.125,1.0,0.25,0.0625,8
524960814944747520,2,20,17,0.85,15,15,0.85,0.9,0.0442513,0.05,0.78947368,0.08947368,0.213333,19
524960851493924864,1,7,6,0.857143,6,6,0.857143,0.857143,0.12738858,0.14285714,1.0,0.28571429,0.228022,7
524961016904294400,3,19,18,0.947368,16,16,0.842105,1.105263,0.0447307,0.05263158,0.88888889,0.10526316,0.0,16
524961055211286528,1,10,9,0.9,9,9,0.9,0.9,0.09216586,0.1,1.0,0.2,0.081111,10
524961070465945600,1,8,7,0.875,7,7,0.875,0.875,0.11299419,0.125,1.0,0.25,0.139031,8
524961362448240642,0,4,0,0.0,0,0,1.0,0.0,0.25,0.25,0.0,0.0,0.729839,4
524961408740380672,1,4,3,0.75,3,3,0.75,0.75,0.20618575,0.25,1.0,0.5,0.784091,4
524961513006964736,1,2,0,0.0,0,0,1.0,0.5,0.5,0.5,0.0,0.0,0.333333,2
524961561677680640,1,6,4,0.666667,3,3,0.666667,0.666667,0.12987025,0.16666667,0.6,0.26666667,0.285714,4
524961589406216192,4,29,21,0.724138,14,14,0.758621,0.965517,0.02632265,0.03448276,0.5,0.05172414,0.01949,19
524961659685588995,0,5,0,0.0,0,0,1.0,0.0,0.2,0.2,0.0,0.0,0.842449,5
524961721744900097,6,24,7,0.291667,1,0,0.708333,0.958333,0.02574015,0.04166667,0.0,0.02536232,0.965593,18
524961908903149568,1,6,3,0.5,3,3,0.833333,0.5,0.14598538,0.16666667,0.6,0.2,0.95,6
524962072262881280,1,22,20,0.909091,19,19,0.909091,0.909091,0.04219408,0.04545455,0.9047619,0.08658009,0.851565,20
524962142563610625,0,6,0,0.0,0,0,1.0,0.0,0.16666667,0.16666667,0.0,0.0,0.944444,6
524962199543230464,4,20,16,0.8,9,9,0.75,1.5,0.0389618,0.05,0.47368421,0.08421053,0.890782,10
524962450786226176,4,34,21,0.617647,6,6,0.647059,1.411765,0.02123497,0.02941176,0.18181818,0.03743316,0.098529,14
524962748237889536,2,21,3,0.142857,2,0,0.904762,1.0,0.04405285,0.04761905,0.0,0.01428571,0.933972,21
524963002768842752,1,11,0,0.0,0,0,1.0,0.909091,0.09090909,0.09090909,0.0,0.0,0.0,10
524963322525798400,2,16,14,0.875,13,13,0.875,0.9375,0.05632038,0.0625,0.86666667,0.11666667,0.0,14
524963649455407105,0,2,0,0.0,0,0,1.0,0.0,0.5,0.5,0.0,0.0,0.0,2
524963878904823808,1,16,15,0.9375,15,15,0.9375,0.9375,0.05934721,0.0625,1.0,0.125,0.05,16
524964129745174528,2,14,12,0.857143,10,10,0.785714,1.0,0.05989997,0.07142857,0.76923077,0.13186813,0.035714,12
524964166936068097,0,1,0,0.0,0,0,1.0,0.0,1.0,1.0,1.0,1.0,0.666667,1
524964223185850368,1,4,3,0.75,3,3,0.75,0.75,0.20618575,0.25,1.0,0.5,1.0,4
524964278030172160,1,7,6,0.857143,6,6,0.857143,0.857143,0.12738858,0.14285714,1.0,0.28571429,0.114286,7
524964279456653312,1,5,4,0.8,4,4,0.8,0.8,0.17094005,0.2,1.0,0.4,0.255782,5
524964457936863232,1,15,13,0.866667,13,13,0.933333,0.866667,0.06309152,0.06666667,0.92857143,0.12380952,0.163333,13
524964564018790400,2,18,16,0.888889,10,6,0.888889,1.555556,0.05045289,0.05555556,0.35294118,0.10457516,0.955701,17
524964630221705216,1,14,12,0.857143,11,11,0.857143,0.857143,0.06369429,0.07142857,0.84615385,0.13186813,0.105442,13
524964929083023360,2,19,18,0.947368,17,17,0.894737,1.0,0.04821023,0.05263158,0.94444444,0.10526316,0.897166,18
524964948683005952,8,46,23,0.5,6,0,0.73913,1.586957,0.01599031,0.02173913,0.0,0.02222222,0.987484,7
524964989975937024,1,6,5,0.833333,5,5,0.833333,0.833333,0.14598557,0.16666667,1.0,0.33333333,0.7,6
524965026256662528,2,20,13,0.65,5,5,0.75,0.7,0.04083164,0.05,0.26315789,0.06842105,0.0,9
524965047647617024,1,4,3,0.75,3,3,0.75,0.75,0.20618575,0.25,1.0,0.5,0.0,4
524965077318107137,0,3,0,0.0,0,0,1.0,0.0,0.33333333,0.33333333,0.0,0.0,0.533333,3
524965165759221760,3,21,16,0.761905,15,15,0.904762,1.047619,0.04405285,0.04761905,0.75,0.07619048,0.954649,17
524965242213007360,3,13,11,0.846154,7,7,0.615385,1.153846,0.05151372,0.07692308,0.58333333,0.14102564,0.0,10
524965406377664512,2,13,12,0.923077,11,11,0.846154,1.0,0.0677246,0.07692308,0.91666667,0.15384615,1.0,13
524965597793107968,2,12,9,0.75,7,7,0.833333,0.916667,0.07244697,0.08333333,0.63636364,0.13636364,0.090409,8
524965701535412224,4,16,13,0.8125,9,9,0.6875,1.3125,0.04425573,0.0625,0.6,0.10833333,0.052083,12
524965723672961024,4,20,18,0.9,15,15,0.8,1.2,0.03908858,0.05,0.78947368,0.09473684,0.894643,17
524965775036387329,0,5,0,0.0,0,0,1.0,0.0,0.2,0.2,0.0,0.0,0.833333,5
524965786059026432,1,7,6,0.857143,6,6,0.857143,0.857143,0.12738858,0.14285714,1.0,0.28571429,0.960591,7
524966328734863360,0,1,0,0.0,0,0,1.0,0.0,1.0,1.0,1.0,1.0,0.0,1
524966392702189569,0,6,0,0.0,0,0,1.0,0.0,0.16666667,0.16666667,0.0,0.0,0.861111,6
524966565788520448,3,9,8,0.888889,6,6,0.666667,1.222222,0.08003031,0.11111111,0.75,0.22222222,0.077778,8
524966572277129216,1,16,14,0.875,13,13,0.875,0.875,0.05649709,0.0625,0.86666667,0.11666667,0.0,16
524966582544781313,0,17,0,0.0,0,0,1.0,0.0,0.05882353,0.05882353,0.0,0.0,0.927967,17
524966596897685504,1,8,6,0.75,6,6,0.875,0.75,0.11299419,0.125,0.85714286,0.21428571,0.104545,8
524966770428243968,1,5,4,0.8,4,4,0.8,0.8,0.17094005,0.2,1.0,0.4,0.866667,5
524966904885428226,1,7,1,0.142857,1,0,0.857143,0.142857,0.12738858,0.14285714,0.0,0.04761905,0.749048,7
524966946467749888,2,18,15,0.833333,13,13,0.833333,0.944444,0.04840001,0.05555556,0.76470588,0.09803922,0.061856,16
524967231902318592,1,2,1,0.5,1,1,0.5,0.5,0.35087736,0.5,1.0,1.0,0.0,2
524967298604359684,0,10,0,0.0,0,0,1.0,0.0,0.1,0.1,0.0,0.0,0.925157,10
524967376719466496,1,19,18,0.947368,18,18,0.947368,0.947368,0.05037763,0.05263158,1.0,0.10526316,0.957895,18
524967510563889152,2,4,1,0.25,1,0,0.75,1.0,0.20618553,0.25,0.0,0.16666667,0.0,4
524967572689522688,2,19,18,0.947368,17,17,0.894737,1.0,0.04821023,0.05263158,0.94444444,0.10526316,0.0,18
524967620588896256,3,19,13,0.684211,10,10,0.842105,0.947368,0.0446306,0.05263158,0.55555556,0.07602339,0.95614,15
524967631171117056,2,3,2,0.666667,1,1,0.333333,1.0,0.18441676,0.33333333,0.5,0.66666667,0.0,3
524967711492014080,1,2,1,0.5,1,1,0.5,0.5,0.35087736,0.5,1.0,1.0,0.862069,2
524967727266398209,0,5,0,0.0,0,0,1.0,0.0,0.2,0.2,0.0,0.0,0.785194,5
524967811081195520,1,2,1,0.5,1,1,0.5,0.5,0.35087736,0.5,1.0,1.0,0.0,2
524968185016360960,3,12,9,0.75,5,5,0.666667,1.25,0.06048017,0.08333333,0.45454545,0.13636364,0.055556,9
524968205690089472,2,15,14,0.933333,11,11,0.8,1.133333,0.05655671,0.06666667,0.78571429,0.13333333,0.860658,15
524968293577158656,2,9,8,0.888889,7,7,0.777778,1.0,0.09256502,0.11111111,0.875,0.22222222,0.092593,8
524968330172850177,0,5,0,0.0,0,0,1.0,0.0,0.2,0.2,0.0,0.0,0.179487,5
524968337747767298,1,7,2,0.285714,2,0,0.857143,0.285714,0.12738858,0.14285714,0.0,0.0952381,0.715966,6
524968466559033345,3,16,3,0.1875,1,0,0.8125,0.375,0.04852212,0.0625,0.0,0.025,0.0,14
524968564306882560,2,23,13,0.565217,9,9,0.782609,0.782609,0.03637575,0.04347826,0.40909091,0.0513834,0.0,13
524969137660231680,1,5,4,0.8,4,4,0.8,0.8,0.17094005,0.2,1.0,0.4,0.765,5
524969144832491520,1,18,16,0.888889,16,16,0.944444,0.888889,0.05305041,0.05555556,0.94117647,0.10457516,0.850689,17
524969201102901248,1,18,17,0.944444,17,17,0.944444,0.944444,0.05305013,0.05555556,1.0,0.11111111,0.851716,17
524969415318982657,0,3,0,0.0,0,0,1.0,0.0,0.33333333,0.33333333,0.0,0.0,0.0,2
524969431534153728,2,6,4,0.666667,3,3,0.666667,0.833333,0.12593147,0.16666667,0.6,0.26666667,0.0,6
524969483317026816,4,29,25,0.862069,15,15,0.655172,1.275862,0.02551684,0.03448276,0.53571429,0.06157635,0.899031,18
524969501704855552,2,24,4,0.166667,1,0,0.833333,0.916667,0.03649639,0.04166667,0.0,0.01449275,0.862419,20
524969679790817280,1,10,9,0.9,9,9,0.9,0.9,0.09216586,0.1,1.0,0.2,0.908333,10
524969878823137280,1,3,2,0.666667,2,2,0.666667,0.666667,0.25974051,0.33333333,1.0,0.66666667,0.9,3
524969963850051584,1,14,13,0.928571,13,13,0.928571,0.928571,0.06734012,0.07142857,1.0,0.14285714,0.746795,14
524970097711267841,1,16,2,0.125,1,0,0.875,0.125,0.05649718,0.0625,0.0,0.01666667,0.916071,15
524970142719963136,0,1,0,0.0,0,0,1.0,0.0,1.0,1.0,1.0,1.0,0.0,1
524970444156571648,1,2,1,0.5,1,1,0.5,0.5,0.35087736,0.5,1.0,1.0,0.033333,2
524970488590651395,0,19,0,0.0,0,0,1.0,0.0,0.05263158,0.05263158,0.0,0.0,0.0,19
524970731202166784,1,9,8,0.888889,8,8,0.888889,0.888889,0.10152277,0.11111111,1.0,0.22222222,0.891534,9
524970851675176960,1,10,5,0.5,5,5,0.9,0.5,0.09216586,0.1,0.55555556,0.11111111,0.866667,7
524970966842376192,2,19,17,0.894737,16,16,0.894737,0.947368,0.04820405,0.05263158,0.88888889,0.0994152,0.991627,18
524971124845985792,2,11,9,0.818182,7,7,0.727273,1.0,0.0726933,0.09090909,0.7,0.16363636,0.954545,7
524971165056782337,0,4,0,0.0,0,0,1.0,0.0,0.25,0.25,0.0,0.0,0.166667,4
524971258996588544,1,2,0,0.0,0,0,1.0,0.5,0.5,0.5,0.0,0.0,0.0,2
524971386838978560,0,1,0,0.0,0,0,1.0,0.0,1.0,1.0,1.0,1.0,0.333333,1
524971492820647936,3,25,5,0.2,2,0,0.84,1.04,0.03433773,0.04,0.0,0.01666667,0.838513,16
524972166006464512,1,4,3,0.75,3,3,0.75,0.75,0.20618575,0.25,1.0,0.5,0.923077,4
524972277406773248,4,11,8,0.727273,4,4,0.636364,1.454545,0.06176561,0.09090909,0.4,0.14545455,0.822111,6
524972443308683264,3,12,7,0.583333,4,4,0.666667,0.916667,0.06076564,0.08333333,0.36363636,0.10606061,1.0,7
524973223356940288,1,2,1,0.5,1,1,0.5,0.5,0.35087736,0.5,1.0,1.0,0.0,2
524973444946202624,3,22,19,0.863636,13,13,0.727273,1.136364,0.03580979,0.04545455,0.61904762,0.08225108,0.0,15
524973811092193280,1,5,4,0.8,4,4,0.8,0.8,0.17094005,0.2,1.0,0.4,0.933333,5
524973920722878464,2,25,23,0.92,19,19,0.8,1.08,0.03401119,0.04,0.79166667,0.07666667,0.02,22
524974106308251648,2,20,18,0.9,15,15,0.85,1.15,0.04415739,0.05,0.78947368,0.09473684,0.922115,20
524974135030874114,0,1,0,0.0,0,0,1.0,0.0,1.0,1.0,1.0,1.0,0.333333,1
524974318087061504,1,19,17,0.894737,17,17,0.947368,0.894737,0.05037763,0.05263158,0.94444444,0.0994152,0.947368,19
524974456851410944,2,5,1,0.2,1,0,0.8,1.0,0.17094019,0.2,0.0,0.1,0.72381,5
524974518960652290,0,17,0,0.0,0,0,1.0,0.0,0.05882353,0.05882353,0.0,0.0,0.058824,17
524974566830247936,1,2,0,0.0,0,0,1.0,0.5,0.5,0.5,0.0,0.0,0.0,2
524974779540197376,3,20,16,0.8,14,14,0.85,1.05,0.0441439,0.05,0.73684211,0.08421053,0.950379,16
524974786460778497,1,19,2,0.105263,1,0,0.894737,0.105263,0.04830915,0.05263158,0.0,0.01169591,0.182793,16
524974885362479104,2,18,17,0.944444,15,15,0.888889,1.055556,0.05063764,0.05555556,0.88235294,0.11111111,0.98366,18
524974900017373184,4,20,19,0.95,16,16,0.8,1.25,0.03910042,0.05,0.84210526,0.1,0.0,16
524974975623892992,1,6,5,0.833333,5,5,0.833333,0.833333,0.14598557,0.16666667,1.0,0.33333333,0.833333,6
524975031059632128,5,39,25,0.641026,11,11,0.666667,1.358974,0.01826731,0.02564103,0.28947368,0.03373819,0.0,17
524975093966209025,1,13,1,0.076923,1,0,0.923077,0.076923,0.07220216,0.07692308,0.0,0.01282051,0.91248,13
524975142641086465,1,14,1,0.071429,1,0,0.928571,0.071429,0.06734006,0.07142857,0.0,0.01098901,0.805462,13
524975552638504960,1,11,10,0.909091,10,10,0.909091,0.909091,0.08438842,0.09090909,1.0,0.18181818,0.863636,11
524975642379816960,1,3,2,0.666667,2,2,0.666667,0.666667,0.25974051,0.33333333,1.0,0.66666667,1.0,3
524975705206304769,2,24,3,0.125,1,0,0.875,0.25,0.03666701,0.04166667,0.0,0.01086957,0.982955,16
524975847846203393,0,6,0,0.0,0,0,1.0,0.0,0.16666667,0.16666667,0.0,0.0,0.857143,6
524976313766273025,1,12,1,0.083333,1,0,0.916667,0.166667,0.077821,0.08333333,0.0,0.01515152,0.041667,10
524976486902951936,1,9,0,0.0,0,0,1.0,0.888889,0.11111111,0.11111111,0.0,0.0,0.74475,8
524976526891417600,2,21,19,0.904762,18,18,0.904762,0.952381,0.04397512,0.04761905,0.9,0.09047619,0.9625,21
524976773671292928,1,4,2,0.5,2,2,0.75,0.5,0.20618553,0.25,0.66666667,0.33333333,0.875,4
524976835881205760,1,13,11,0.846154,10,10,0.846154,0.846154,0.06802726,0.07692308,0.83333333,0.14102564,0.1,12
524976857822011394,0,7,0,0.0,0,0,1.0,0.0,0.14285714,0.14285714,0.0,0.0,0.18254,7
524976929703997441,1,19,2,0.105263,1,0,0.894737,0.105263,0.04830915,0.05263158,0.0,0.01169591,0.850295,18
524976963862429697,3,20,3,0.15,1,0,0.85,0.3,0.04063556,0.05,0.0,0.01578947,0.850641,17
524976980799000578,1,12,1,0.083333,1,0,0.916667,0.083333,0.077821,0.08333333,0.0,0.01515152,0.813123,11
524977076433321987,0,1,0,0.0,0,0,1.0,0.0,1.0,1.0,1.0,1.0,0.666667,1
524977285133524993,0,1,0,0.0,0,0,1.0,0.0,1.0,1.0,1.0,1.0,0.705882,1
524977321430630400,2,7,6,0.857143,5,5,0.714286,1.0,0.11306466,0.14285714,0.83333333,0.28571429,0.888503,7
524977651476623360,1,16,15,0.9375,15,15,0.9375,0.9375,0.05934721,0.0625,1.0,0.125,0.898798,16
524977669902172160,1,4,2,0.5,2,2,0.75,0.5,0.20618553,0.25,0.66666667,0.33333333,0.875,4
524977767688200192,0,1,0,0.0,0,0,1.0,0.0,1.0,1.0,1.0,1.0,0.75,1
524977812852461568,4,24,18,0.75,9,9,0.625,1.583333,0.02956799,0.04166667,0.39130435,0.06521739,0.005952,16
524977830124617728,1,13,12,0.923077,12,12,0.923077,0.923077,0.07220225,0.07692308,1.0,0.15384615,0.0,13
524977992683237376,3,5,4,0.8,2,2,0.4,1.4,0.11184682,0.2,0.5,0.4,0.233333,4
524978172110987264,1,4,3,0.75,3,3,0.75,0.75,0.20618575,0.25,1.0,0.5,0.742424,4
524978196589334529,0,4,0,0.0,0,0,1.0,0.0,0.25,0.25,0.0,0.0,0.0,4
524978422188376064,1,8,7,0.875,7,7,0.875,0.875,0.11299419,0.125,1.0,0.25,0.0,8
524978526974668800,2,9,8,0.888889,7,7,0.777778,1.0,0.09256502,0.11111111,0.875,0.22222222,0.865741,8
524978855531253760,1,12,11,0.916667,11,11,0.916667,0.916667,0.07782115,0.08333333,1.0,0.16666667,0.084596,12
524978912145985536,4,8,3,0.375,1,0,0.625,1.625,0.07930739,0.125,0.0,0.10714286,0.0,6
524978999534317568,2,10,9,0.9,8,8,0.8,1.0,0.08481539,0.1,0.88888889,0.2,0.0525,9
524979070288019456,1,17,14,0.823529,13,13,0.882353,0.823529,0.05347588,0.05882353,0.8125,0.10294118,0.0,15
524979089787330560,4,23,11,0.478261,7,7,0.826087,1.043478,0.03736748,0.04347826,0.31818182,0.04347826,0.015528,8
524979133366165504,3,11,9,0.818182,7,7,0.727273,1.090909,0.06913991,0.09090909,0.7,0.16363636,1.0,10
524979152944779265,0,1,0,0.0,0,0,1.0,0.0,1.0,1.0,1.0,1.0,0.0,1
524979179235069952,1,14,0,0.0,0,0,1.0,0.928571,0.07142857,0.07142857,0.0,0.0,0.0,14
524979184297590784,1,2,1,0.5,1,1,0.5,0.5,0.35087736,0.5,1.0,1.0,0.3,2
524979279701241856,0,1,0,0.0,0,0,1.0,0.0,1.0,1.0,1.0,1.0,0.0,1
524979548195024898,1,20,1,0.05,1,0,0.95,0.05,0.04796164,0.05,0.0,0.00526316,0.075,20
524979668282519552,2,16,1,0.0625,1,0,0.9375,1.0,0.05934721,0.0625,0.0,0.00833333,0.831189,16
524979702940045313,1,11,1,0.090909,1,0,0.909091,0.090909,0.08438817,0.09090909,0.0,0.01818182,0.153581,11
524979756371288064,3,15,12,0.8,10,10,0.8,1.066667,0.05432967,0.06666667,0.71428571,0.11428571,0.123232,13
524979881525137409,1,21,5,0.238095,2,0,0.857143,0.238095,0.04246286,0.04761905,0.0,0.02380952,0.057814,10
524979925343014912,2,16,11,0.6875,6,6,0.75,0.75,0.0509143,0.0625,0.4,0.09166667,0.188603,13
524979946218061824,1,4,3,0.75,3,3,0.75,0.75,0.20618575,0.25,1.0,0.5,0.801471,4
524980166289002496,1,20,17,0.85,17,17,0.95,0.85,0.04796164,0.05,0.89473684,0.08947368,0.05,19
524980219749597185,1,20,1,0.05,1,0,0.95,0.05,0.04796164,0.05,0.0,0.00526316,0.821538,20
524980402495430656,1,11,10,0.909091,10,10,0.909091,0.909091,0.08438842,0.09090909,1.0,0.18181818,0.0,11
524980483479076864,1,19,18,0.947368,18,18,0.947368,0.947368,0.05037763,0.05263158,1.0,0.10526316,0.0,19
524980504324358144,4,18,7,0.388889,3,0,0.722222,1.277778,0.04270189,0.05555556,0.0,0.04575163,0.91358,10
524980579956449281,0,2,0,0.0,0,0,1.0,0.0,0.5,0.5,0.0,0.0,0.852941,2
524980744658382848,1,10,9,0.9,9,9,0.9,0.9,0.09216586,0.1,1.0,0.2,0.876948,9
524980775741956097,1,11,1,0.090909,1,0,0.909091,0.090909,0.08438817,0.09090909,0.0,0.01818182,0.1,9
524981223291383809,0,10,0,0.0,0,0,1.0,0.0,0.1,0.1,0.0,0.0,0.842778,10
524981427260366848,1,7,6,0.857143,6,6,0.857143,0.857143,0.12738858,0.14285714,1.0,0.28571429,0.0,6
524981436252950528,1,8,7,0.875,7,7,0.875,0.875,0.11299419,0.125,1.0,0.25,0.755966,7
524981463033581568,1,8,7,0.875,7,7,0.875,0.875,0.11299419,0.125,1.0,0.25,0.073661,8
524981513637888000,3,15,13,0.866667,10,10,0.733333,1.066667,0.0519314,0.06666667,0.71428571,0.12380952,0.840952,13
524981557770350592,1,20,18,0.9,18,18,0.95,0.9,0.04796147,0.05,0.94736842,0.09473684,0.844306,20
524981565462704129,0,4,0,0.0,0,0,1.0,0.0,0.25,0.25,0.0,0.0,0.1875,4
524981689781870593,1,16,1,0.0625,1,0,0.9375,0.0625,0.05934721,0.0625,0.0,0.00833333,0.670302,16
524981890567385088,2,10,9,0.9,8,8,0.8,1.0,0.08481539,0.1,0.88888889,0.2,0.0,9
524981945131102211,0,6,0,0.0,0,0,1.0,0.0,0.16666667,0.16666667,0.0,0.0,1.0,6
524982066564567040,1,28,16,0.571429,14,14,0.892857,0.571429,0.03273321,0.03571429,0.51851852,0.04232804,0.868487,19
524982531075371008,1,3,2,0.666667,2,2,0.666667,0.666667,0.25974051,0.33333333,1.0,0.66666667,0.685824,3
524982608716120065,0,2,0,0.0,0,0,1.0,0.0,0.5,0.5,0.0,0.0,0.833333,2
524982699220803586,1,12,1,0.083333,1,0,0.916667,0.083333,0.077821,0.08333333,0.0,0.01515152,0.903409,12
524982907052765184,2,22,17,0.772727,16,16,0.909091,0.818182,0.04211385,0.04545455,0.76190476,0.07359307,0.033217,17
524982954880413696,1,7,6,0.857143,6,6,0.857143,0.857143,0.12738858,0.14285714,1.0,0.28571429,0.128571,7
524983050187579393,0,12,0,0.0,0,0,1.0,0.0,0.08333333,0.08333333,0.0,0.0,0.833333,12
524983146266505216,1,4,3,0.75,3,3,0.75,0.75,0.20618575,0.25,1.0,0.5,0.925,4
524983236712476672,3,23,22,0.956522,18,18,0.826087,1.173913,0.03723205,0.04347826,0.81818182,0.08695652,0.021739,22
524983325275197440,1,4,3,0.75,3,3,0.75,0.75,0.20618575,0.25,1.0,0.5,0.960227,4
524983366261936130,2,20,2,0.1,1,0,0.9,0.3,0.04608293,0.05,0.0,0.01052632,0.921667,18
524983395026497536,2,19,3,0.157895,1,0,0.842105,0.947368,0.04640375,0.05263158,0.0,0.01754386,0.153383,14
524983403775799297,0,4,0,0.0,0,0,1.0,0.0,0.25,0.25,0.0,0.0,0.688172,4
524983581983375360,2,19,15,0.789474,14,14,0.894737,0.842105,0.04818904,0.05263158,0.77777778,0.0877193,0.964035,17
524983599851130880,1,8,7,0.875,7,7,0.875,0.875,0.11299419,0.125,1.0,0.25,0.135609,8
524983828000276480,2,7,6,0.857143,5,5,0.714286,1.0,0.11306466,0.14285714,0.83333333,0.28571429,0.197279,7
524984209505812480,5,88,56,0.636364,19,19,0.681818,1.068182,0.00813143,0.01136364,0.2183908,0.01462905,0.032955,15
524984505376182272,0,1,0,0.0,0,0,1.0,0.0,1.0,1.0,1.0,1.0,0.0,1
524984773211860994,3,39,9,0.230769,3,0,0.820513,0.358974,0.02178022,0.02564103,0.0,0.01214575,0.862973,30
524985046198157313,0,6,0,0.0,0,0,1.0,0.0,0.16666667,0.16666667,0.0,0.0,0.0,6
524985092343889920,5,65,45,0.692308,15,15,0.676923,1.507692,0.01142792,0.01538462,0.234375,0.02163462,0.010256,25
524985325190656000,1,8,7,0.875,7,7,0.875,0.875,0.11299419,0.125,1.0,0.25,0.679902,8
524985687704338432,2,21,20,0.952381,19,19,0.904762,1.0,0.04397921,0.04761905,0.95,0.0952381,0.862238,19
524985689905967105,0,1,0,0.0,0,0,1.0,0.0,1.0,1.0,1.0,1.0,0.0,1
524986210402705408,3,27,22,0.814815,10,10,0.592593,1.333333,0.02532781,0.03703704,0.38461538,0.06267806,0.184877,17
524986649315667968,2,19,14,0.736842,14,14,0.947368,0.842105,0.05037784,0.05263158,0.77777778,0.08187135,0.0,16
524986820850106370,0,2,0,0.0,0,0,1.0,0.0,0.5,0.5,0.0,0.0,0.0,2
524987107081977856,1,15,12,0.8,11,11,0.866667,0.8,0.05988025,0.06666667,0.78571429,0.11428571,0.667842,13
524987150413336576,1,5,4,0.8,4,4,0.8,0.8,0.17094005,0.2,1.0,0.4,0.0,5
524987184836005889,0,3,0,0.0,0,0,1.0,0.0,0.33333333,0.33333333,0.0,0.0,0.888889,3
524987263835721728,1,3,2,0.666667,2,2,0.666667,0.666667,0.25974051,0.33333333,1.0,0.66666667,0.0,3
524987432656453632,6,29,23,0.793103,11,11,0.62069,1.62069,0.02296961,0.03448276,0.39285714,0.05665025,0.97069,17
524987851046658048,4,28,20,0.714286,7,7,0.714286,1.428571,0.0252888,0.03571429,0.25925926,0.05291005,0.605325,9
524987990524047361,0,4,0,0.0,0,0,1.0,0.0,0.25,0.25,0.0,0.0,0.923077,4
524988027425554432,1,2,1,0.5,1,1,0.5,0.5,0.35087736,0.5,1.0,1.0,0.0,2
524988555178045440,1,2,1,0.5,1,1,0.5,0.5,0.35087736,0.5,1.0,1.0,0.0,2
524988712367955970,3,28,7,0.25,2,0,0.857143,0.678571,0.03184715,0.03571429,0.0,0.01851852,0.944048,15
524988783213547520,4,27,17,0.62963,6,6,0.666667,1.296296,0.02749602,0.03703704,0.23076923,0.04843305,0.024691,10
524989654995849216,1,7,6,0.857143,6,6,0.857143,0.857143,0.12738858,0.14285714,1.0,0.28571429,0.977273,7
524989886483673088,1,6,5,0.833333,5,5,0.833333,0.833333,0.14598557,0.16666667,1.0,0.33333333,0.196078,6
524990163446140928,1,6,5,0.833333,5,5,0.833333,0.833333,0.14598557,0.16666667,1.0,0.33333333,0.915385,5
524990180034609152,2,19,1,0.052632,1,0,0.947368,0.789474,0.05037784,0.05263158,0.0,0.00584795,0.850426,17
524990519777443840,1,10,9,0.9,9,9,0.9,0.9,0.09216586,0.1,1.0,0.2,0.338429,8
524991067675189250,1,26,3,0.115385,1,0,0.884615,0.115385,0.03502624,0.03846154,0.0,0.00923077,0.966395,20
524991119164473344,1,17,0,0.0,0,0,1.0,0.941176,0.05882353,0.05882353,0.0,0.0,0.0,17
524991452527722496,0,1,0,0.0,0,0,1.0,0.0,1.0,1.0,1.0,1.0,0.75,1
524991470416461824,1,6,5,0.833333,5,5,0.833333,0.833333,0.14598557,0.16666667,1.0,0.33333333,0.0,5
524991576163250176,2,10,9,0.9,8,8,0.8,1.0,0.08481539,0.1,0.88888889,0.2,0.803333,9
524991832451981312,2,22,20,0.909091,18,18,0.863636,1.0,0.04060043,0.04545455,0.85714286,0.08658009,0.145806,21
524991844292521984,2,12,11,0.916667,10,10,0.833333,1.0,0.07260977,0.08333333,0.90909091,0.16666667,0.9,11
524992063553953792,1,8,6,0.75,4,4,0.75,0.75,0.10309287,0.125,0.57142857,0.21428571,0.0,6
524993009440403456,5,22,19,0.863636,10,10,0.681818,1.863636,0.03234124,0.04545455,0.47619048,0.08225108,0.022727,13
524993166651318273,1,3,1,0.333333,1,0,0.666667,0.333333,0.25974019,0.33333333,0.0,0.33333333,0.0,2
524993172271665153,0,8,0,0.0,0,0,1.0,0.0,0.125,0.125,0.0,0.0,0.041667,8
524993523746373633,2,18,2,0.111111,1,0,0.888889,0.222222,0.05076139,0.05555556,0.0,0.0130719,0.111532,14
524993533212897281,1,7,2,0.285714,2,0,0.857143,0.285714,0.12738858,0.14285714,0.0,0.0952381,0.908425,7
524993612279336960,2,23,20,0.869565,16,16,0.826087,1.0,0.03774966,0.04347826,0.72727273,0.07905138,0.108287,19
524994218964815873,0,6,0,0.0,0,0,1.0,0.0,0.16666667,0.16666667,0.0,0.0,0.208333,6
524994747883323392,1,4,3,0.75,3,3,0.75,0.75,0.20618575,0.25,1.0,0.5,1.0,4
524994809912504321,0,1,0,0.0,0,0,1.0,0.0,1.0,1.0,1.0,1.0,0.5,1
524994965366382593,3,38,11,0.289474,2,0,0.736842,0.526316,0.02085718,0.02631579,0.0,0.01564723,0.046491,17
524995166953033729,0,9,0,0.0,0,0,1.0,0.0,0.11111111,0.11111111,0.0,0.0,0.160562,9
524995375468249088,1,9,8,0.888889,8,8,0.888889,0.888889,0.10152277,0.11111111,1.0,0.22222222,0.0,9
524995620088864768,6,37,20,0.540541,6,6,0.621622,1.756757,0.01818519,0.02702703,0.16666667,0.03003003,0.003861,11
524995771587108864,2,7,6,0.857143,5,5,0.714286,1.0,0.11306466,0.14285714,0.83333333,0.28571429,1.0,6
524995776578330624,1,19,7,0.368421,7,7,0.947368,0.368421,0.05037784,0.05263158,0.38888889,0.04093567,0.026316,12
524995812854489089,1,19,3,0.157895,1,0,0.842105,0.157895,0.04640375,0.05263158,0.0,0.01754386,0.117168,16
524995942995746819,1,6,1,0.166667,1,0,0.833333,0.166667,0.14598538,0.16666667,0.0,0.06666667,0.011111,6
524996383120818176,1,8,7,0.875,7,7,0.875,0.875,0.11299419,0.125,1.0,0.25,0.710422,8
524996756220956672,2,20,18,0.9,17,17,0.9,1.05,0.04599289,0.05,0.89473684,0.09473684,0.05625,19
524997030536830976,1,2,1,0.5,1,1,0.5,0.5,0.35087736,0.5,1.0,1.0,0.333333,2
524997921042071553,0,5,0,0.0,0,0,1.0,0.0,0.2,0.2,0.0,0.0,0.0,5
524998110268096513,0,10,0,0.0,0,0,1.0,0.0,0.1,0.1,0.0,0.0,0.05,9
524998460848611328,3,34,28,0.823529,18,18,0.676471,1.294118,0.02250841,0.02941176,0.54545455,0.04991087,0.073529,20
524998881676107776,3,26,21,0.807692,15,15,0.769231,1.115385,0.03087413,0.03846154,0.6,0.06461538,0.0,22
524998906799988736,1,4,0,0.0,0,0,1.0,0.5,0.25,0.25,0.0,0.0,1.0,4
524999079127162880,3,19,18,0.947368,15,15,0.842105,1.210526,0.04471956,0.05263158,0.83333333,0.10526316,0.0,16
524999488067633152,1,2,0,0.0,0,0,1.0,0.5,0.5,0.5,0.0,0.0,0.875,2
525000220371734528,1,10,9,0.9,9,9,0.9,0.9,0.09216586,0.1,1.0,0.2,0.083333,10
525000349648949250,0,18,0,0.0,0,0,1.0,0.0,0.05555556,0.05555556,0.0,0.0,0.114583,18
525001708318240768,4,17,14,0.823529,6,6,0.647059,1.588235,0.0429372,0.05882353,0.375,0.10294118,0.098616,4
525001895631654912,3,23,18,0.782609,11,11,0.695652,1.26087,0.03334325,0.04347826,0.5,0.07114625,0.947628,15
525002243100401664,2,13,10,0.769231,6,6,0.615385,0.923077,0.05717271,0.07692308,0.5,0.12820513,0.839865,10
525002842021445632,1,3,2,0.666667,2,2,0.666667,0.666667,0.25974051,0.33333333,1.0,0.66666667,0.833333,3
525003253185277952,2,26,5,0.192308,2,0,0.846154,0.923077,0.03280448,0.03846154,0.0,0.01538462,0.151775,21
525003468659228672,4,26,16,0.615385,8,8,0.730769,0.961538,0.02880045,0.03846154,0.32,0.04923077,0.974359,17
525005134624215041,0,19,0,0.0,0,0,1.0,0.0,0.05263158,0.05263158,0.0,0.0,0.128012,18
525005137405018112,1,8,7,0.875,7,7,0.875,0.875,0.11299419,0.125,1.0,0.25,0.192402,8
525005886272843776,1,15,14,0.933333,14,14,0.933333,0.933333,0.06309152,0.06666667,1.0,0.13333333,0.927778,15
525006356731166720,1,6,5,0.833333,5,5,0.833333,0.833333,0.14598557,0.16666667,1.0,0.33333333,0.94697,6
525006847095615489,0,7,0,0.0,0,0,1.0,0.0,0.14285714,0.14285714,0.0,0.0,0.030612,7
525006853626159105,2,20,2,0.1,1,0,0.9,0.55,0.04459811,0.05,0.0,0.01052632,0.0,17
525007169956347904,5,28,22,0.785714,11,11,0.642857,1.5,0.02427312,0.03571429,0.40740741,0.05820106,0.063104,15
525007337724325889,3,21,6,0.285714,2,0,0.809524,0.571429,0.04038571,0.04761905,0.0,0.02857143,0.0,12
525007664544493569,0,2,0,0.0,0,0,1.0,0.0,0.5,0.5,0.0,0.0,1.0,2
525007810871164929,3,21,4,0.190476,2,0,0.857143,0.380952,0.04009477,0.04761905,0.0,0.01904762,0.04127,16
525008463819464704,2,10,7,0.7,5,5,0.7,1.0,0.07534376,0.1,0.55555556,0.15555556,0.866667,7
525008469385302017,3,23,7,0.304348,2,0,0.826087,0.478261,0.03787885,0.04347826,0.0,0.02766798,0.112678,17
525008613392515073,0,3,0,0.0,0,0,1.0,0.0,0.33333333,0.33333333,0.0,0.0,0.866667,3
525009541671702528,1,9,8,0.888889,8,8,0.888889,0.888889,0.10152277,0.11111111,1.0,0.22222222,0.092593,8
525009850104037376,1,17,16,0.941176,16,16,0.941176,0.941176,0.05602206,0.05882353,1.0,0.11764706,0.96732,17
525010084003213312,2,14,13,0.928571,12,12,0.857143,1.0,0.0634511,0.07142857,0.92307692,0.14285714,0.056548,14
525010245811466240,1,4,3,0.75,3,3,0.75,0.75,0.20618575,0.25,1.0,0.5,0.791667,4
525011494896148480,3,8,5,0.625,4,4,0.75,1.125,0.10120815,0.125,0.57142857,0.17857143,0.875,6
525011747007377408,3,23,16,0.695652,13,13,0.826087,0.826087,0.03513821,0.04347826,0.59090909,0.06324111,0.028133,16
525012247249428482,3,23,5,0.217391,1,0,0.782609,0.347826,0.03411914,0.04347826,0.0,0.01976285,0.047431,18
525012561214058496,2,20,17,0.85,13,13,0.75,0.95,0.0410489,0.05,0.68421053,0.08947368,0.020968,12
525012689568161792,4,19,17,0.894737,14,14,0.789474,1.210526,0.04066405,0.05263158,0.77777778,0.0994152,0.092105,16
525012738280792065,1,13,1,0.076923,1,0,0.923077,0.076923,0.07220216,0.07692308,0.0,0.01282051,0.0,12
525012912562536448,1,17,16,0.941176,16,16,0.941176,0.941176,0.05602206,0.05882353,1.0,0.11764706,0.029412,17
525013278343581696,4,31,24,0.774194,15,15,0.741935,1.387097,0.02610571,0.03225806,0.5,0.0516129,0.962366,21
525015193425031168,4,14,12,0.857143,7,7,0.714286,1.642857,0.05429863,0.07142857,0.53846154,0.13186813,0.09375,11
525015836226895875,0,4,0,0.0,0,0,1.0,0.0,0.25,0.25,0.0,0.0,0.0,4
525016728091500545,0,5,0,0.0,0,0,1.0,0.0,0.2,0.2,0.0,0.0,0.0,5
525016983646244865,0,10,0,0.0,0,0,1.0,0.0,0.1,0.1,0.0,0.0,0.033333,10
525017500061536258,2,46,14,0.304348,3,0,0.847826,0.521739,0.01898525,0.02173913,0.0,0.01352657,0.810354,34
525018288330272768,2,8,7,0.875,6,6,0.75,1.0,0.10182859,0.125,0.85714286,0.25,0.0,8
525018717038854144,3,33,5,0.151515,2,0,0.878788,1.30303,0.02747249,0.03030303,0.0,0.0094697,0.025253,31
525018799347875841,0,8,0,0.0,0,0,1.0,0.0,0.125,0.125,0.0,0.0,0.772727,8
525019265888702464,4,31,19,0.612903,14,14,0.83871,1.16129,0.02828591,0.03225806,0.46666667,0.04086022,0.232502,17
525019469983531008,4,40,30,0.75,12,12,0.8,1.15,0.02046964,0.025,0.30769231,0.03846154,0.087649,29
525019752507658240,4,35,23,0.657143,13,13,0.742857,1.085714,0.02203403,0.02857143,0.38235294,0.03865546,0.911565,18
525019992337551360,6,29,25,0.862069,16,16,0.724138,1.724138,0.02492016,0.03448276,0.57142857,0.06157635,0.0,19
525020326816927744,4,25,3,0.12,1,0,0.88,1.28,0.03377344,0.04,0.0,0.01,0.969231,23
525020620636307456,1,10,9,0.9,9,9,0.9,0.9,0.09216586,0.1,1.0,0.2,1.0,10
525020733622464512,1,13,12,0.923077,12,12,0.923077,0.923077,0.07220225,0.07692308,1.0,0.15384615,0.235256,13
525020980037816320,3,19,16,0.842105,14,14,0.842105,1.105263,0.04470683,0.05263158,0.77777778,0.09356725,0.0,16
525021050627973120,1,20,19,0.95,19,19,0.95,0.95,0.04796147,0.05,1.0,0.1,0.02625,20
525021083892994049,0,7,0,0.0,0,0,1.0,0.0,0.14285714,0.14285714,0.0,0.0,1.0,7
525021103559696384,5,67,35,0.522388,7,7,0.671642,1.253731,0.0110385,0.01492537,0.10606061,0.01582994,0.044954,20
525021132022628353,0,4,0,0.0,0,0,1.0,0.0,0.25,0.25,0.0,0.0,0.833333,4
525021358879936512,2,16,15,0.9375,14,14,0.875,1.0,0.05633301,0.0625,0.93333333,0.125,0.895833,15
525021697003782145,0,9,0,0.0,0,0,1.0,0.0,0.11111111,0.11111111,0.0,0.0,0.722352,8
525022663102963712,1,7,6,0.857143,6,6,0.857143,0.857143,0.12738858,0.14285714,1.0,0.28571429,1.0,7
525022700923019264,4,23,21,0.913043,18,18,0.826087,1.173913,0.03501118,0.04347826,0.81818182,0.08300395,0.907576,20
525022821534429185,0,23,0,0.0,0,0,1.0,0.0,0.04347826,0.04347826,0.0,0.0,0.043478,23
525023025792835585,0,12,0,0.0,0,0,1.0,0.0,0.08333333,0.08333333,0.0,0.0,0.856944,12
525023057526947840,1,4,3,0.75,3,3,0.75,0.75,0.20618575,0.25,1.0,0.5,1.0,4
525023610243928064,2,21,15,0.714286,14,14,0.904762,0.809524,0.04405285,0.04761905,0.7,0.07142857,0.870748,18
525023642007371776,1,20,19,0.95,19,19,0.95,0.95,0.04796147,0.05,1.0,0.1,0.901446,20
525023858831523841,1,17,2,0.117647,1,0,0.882353,0.117647,0.05347594,0.05882353,0.0,0.01470588,0.955882,13
525023912221212672,3,17,14,0.823529,11,11,0.823529,1.058824,0.04998786,0.05882353,0.6875,0.10294118,0.841984,14
525024066152169473,0,18,0,0.0,0,0,1.0,0.0,0.05555556,0.05555556,0.0,0.0,0.849495,18
525024181218725888,7,19,17,0.894737,8,8,0.473684,2.105263,0.02526472,0.05263158,0.44444444,0.0994152,0.921053,12
525024518713397249,0,20,0,0.0,0,0,1.0,0.0,0.05,0.05,0.0,0.0,0.920833,20
525025114111635456,3,47,25,0.531915,10,10,0.744681,0.787234,0.01712313,0.0212766,0.2173913,0.02312673,0.123095,28
525025279803424768,1,9,8,0.888889,8,8,0.888889,0.888889,0.10152277,0.11111111,1.0,0.22222222,0.933333,9
525025329916948481,0,8,0,0.0,0,0,1.0,0.0,0.125,0.125,0.0,0.0,0.919872,8
525025463648137216,1,11,10,0.909091,10,10,0.909091,0.909091,0.08438842,0.09090909,1.0,0.18181818,0.925134,11
525025552634494976,1,10,9,0.9,9,9,0.9,0.9,0.09216586,0.1,1.0,0.2,0.918531,10
525025695425380352,1,5,0,0.0,0,0,1.0,0.8,0.2,0.2,0.0,0.0,1.0,5
525025806079504385,6,26,6,0.230769,2,0,0.807692,0.884615,0.03228671,0.03846154,0.0,0.01846154,0.899112,20
525026031833718785,0,6,0,0.0,0,0,1.0,0.0,0.16666667,0.16666667,0.0,0.0,0.0,6
525026066944262144,1,6,0,0.0,0,0,1.0,0.833333,0.16666667,0.16666667,0.0,0.0,0.126623,6
525026219100995584,4,25,19,0.76,15,15,0.8,1.08,0.03331039,0.04,0.625,0.06333333,0.922564,19
525026592788348929,2,17,5,0.294118,2,0,0.764706,0.411765,0.04654681,0.05882353,0.0,0.03676471,0.962293,9
525026715123601408,1,12,11,0.916667,11,11,0.916667,0.916667,0.07782115,0.08333333,1.0,0.16666667,0.85,12
525026947307700225,2,9,2,0.222222,1,0,0.777778,0.333333,0.08754628,0.11111111,0.0,0.05555556,0.925926,7
525026973459165184,2,19,18,0.947368,15,15,0.842105,1.105263,0.04619719,0.05263158,0.83333333,0.10526316,0.0,19
525027116287811584,1,2,1,0.5,1,1,0.5,0.5,0.35087736,0.5,1.0,1.0,1.0,2
525027317551079424,2,12,10,0.833333,7,7,0.666667,1.0,0.06407621,0.08333333,0.63636364,0.15151515,0.944575,9
525027539845410816,4,21,15,0.714286,11,11,0.761905,1.190476,0.0384051,0.04761905,0.55,0.07142857,0.730904,15
525027651908800512,2,33,23,0.69697,6,6,0.575758,0.878788,0.0211379,0.03030303,0.1875,0.04356061,0.933766,14
525027873867198465,0,7,0,0.0,0,0,1.0,0.0,0.14285714,0.14285714,0.0,0.0,0.952381,7
525027958835408896,1,4,3,0.75,3,3,0.75,0.75,0.20618575,0.25,1.0,0.5,0.0625,4
525028171549523971,8,40,22,0.55,3,0,0.65,1.725,0.0166199,0.025,0.0,0.02820513,0.875438,14
525028522361114625,2,19,5,0.263158,1,0,0.736842,0.368421,0.04049404,0.05263158,0.0,0.02923977,0.939394,17
525028734991343617,1,6,1,0.166667,1,0,0.833333,0.166667,0.14598538,0.16666667,0.0,0.06666667,0.787092,6
525028955049320448,3,21,17,0.809524,16,16,0.904762,1.095238,0.04405285,0.04761905,0.8,0.08095238,0.228175,19
525029016001318913,7,56,33,0.589286,3,0,0.553571,2.107143,0.01106922,0.01785714,0.0,0.02142857,0.960165,9
525029232691650561,0,6,0,0.0,0,0,1.0,0.0,0.16666667,0.16666667,0.0,0.0,0.9,5
525029433632366592,1,3,2,0.666667,2,2,0.666667,0.666667,0.25974051,0.33333333,1.0,0.66666667,1.0,3
525029913230053377,0,9,0,0.0,0,0,1.0,0.0,0.11111111,0.11111111,0.0,0.0,1.0,9
525029954908860417,1,20,1,0.05,1,0,0.95,0.05,0.04796164,0.05,0.0,0.00526316,0.971429,20
525030117014507523,1,20,0,0.0,0,0,1.0,0.05,0.05,0.05,0.0,0.0,0.91859,20
525030165190303744,1,5,0,0.0,0,0,1.0,0.8,0.2,0.2,0.0,0.0,0.0,5
525030331775463424,1,6,5,0.833333,5,5,0.833333,0.833333,0.14598557,0.16666667,1.0,0.33333333,0.140152,6
525030416261337089,0,3,0,0.0,0,0,1.0,0.0,0.33333333,0.33333333,0.0,0.0,1.0,3
525030696738652160,2,19,18,0.947368,17,17,0.894737,1.0,0.04821023,0.05263158,0.94444444,0.10526316,0.964912,19
525030963781595136,1,15,0,0.0,0,0,1.0,0.933333,0.06666667,0.06666667,0.0,0.0,0.933333,14
525031558949134336,7,35,16,0.457143,2,0,0.628571,2.0,0.01688384,0.02857143,0.0,0.02689076,0.977833,15
525031610136014848,3,20,16,0.8,11,11,0.7,1.2,0.03825398,0.05,0.57894737,0.08421053,0.0,12
525031823504850944,1,12,0,0.0,0,0,1.0,0.916667,0.08333333,0.08333333,0.0,0.0,0.005556,12
525032458417610752,1,7,0,0.0,0,0,1.0,0.857143,0.14285714,0.14285714,0.0,0.0,0.115646,7
525032520124207104,1,14,7,0.5,5,5,0.785714,0.5,0.06042289,0.07142857,0.38461538,0.07692308,0.880952,10
525032872647065600,3,16,14,0.875,10,10,0.6875,1.3125,0.04705731,0.0625,0.66666667,0.11666667,0.870994,11
525033278555033601,3,28,11,0.392857,3,0,0.714286,0.714286,0.02580655,0.03571429,0.0,0.02910053,0.878059,20
525033357722550272,1,8,7,0.875,7,7,0.875,0.875,0.11299419,0.125,1.0,0.25,0.917614,8
525033443076628480,2,11,6,0.545455,5,5,0.818182,0.636364,0.07785434,0.09090909,0.5,0.10909091,0.143939,8
525033625788907520,2,13,11,0.846154,10,10,0.846154,0.923077,0.0676945,0.07692308,0.83333333,0.14102564,0.824458,11
525033697045925888,1,5,4,0.8,4,4,0.8,0.8,0.17094005,0.2,1.0,0.4,0.407792,5
525033778637721600,6,108,55,0.509259,7,7,0.638889,1.222222,0.00652948,0.00925926,0.06542056,0.00951886,0.981019,21
525034332474601472,1,8,5,0.625,5,5,0.875,0.625,0.11299437,0.125,0.71428571,0.17857143,0.0,5
525034457086959616,1,9,8,0.888889,8,8,0.888889,0.888889,0.10152277,0.11111111,1.0,0.22222222,0.055556,9
525034687245582337,2,12,5,0.416667,3,0,0.75,0.583333,0.0665262,0.08333333,0.0,0.07575758,1.0,9
525035552643751936,1,4,0,0.0,0,0,1.0,0.75,0.25,0.25,0.0,0.0,1.0,3
525035564014526464,2,19,14,0.736842,12,12,0.842105,0.894737,0.04489852,0.05263158,0.66666667,0.08187135,0.778947,16
525035832336736257,1,12,0,0.0,0,0,1.0,0.083333,0.08333333,0.08333333,0.0,0.0,0.161601,11
525036180379676673,2,23,4,0.173913,2,0,0.869565,0.217391,0.03806265,0.04347826,0.0,0.01581028,0.046377,21
525036214286815232,3,22,19,0.863636,15,15,0.818182,1.090909,0.0380811,0.04545455,0.71428571,0.08225108,0.842532,18
525036240848945152,1,17,0,0.0,0,0,1.0,0.941176,0.05882353,0.05882353,0.0,0.0,0.934406,17
525036393983381504,5,23,22,0.956522,15,15,0.73913,1.782609,0.03235957,0.04347826,0.68181818,0.08695652,0.966555,19
525036457732231169,0,8,0,0.0,0,0,1.0,0.0,0.125,0.125,0.0,0.0,0.85,8
525037540508594176,1,2,1,0.5,1,1,0.5,0.5,0.35087736,0.5,1.0,1.0,0.0,2
525037656820826112,3,19,17,0.894737,14,14,0.789474,1.105263,0.04297465,0.05263158,0.77777778,0.0994152,0.922715,18
525038096086499328,4,16,15,0.9375,12,12,0.75,1.3125,0.04626628,0.0625,0.8,0.125,0.96875,14
525038296921960449,2,14,2,0.142857,1,0,0.857143,0.214286,0.06089209,0.07142857,0.0,0.02197802,0.047619,10
525038517844709376,1,6,5,0.833333,5,5,0.833333,0.833333,0.14598557,0.16666667,1.0,0.33333333,0.958333,6
525039002307424256,2,20,18,0.9,14,14,0.75,1.1,0.04088913,0.05,0.73684211,0.09473684,0.875714,19
525039208139087872,0,1,0,0.0,0,0,1.0,0.0,1.0,1.0,1.0,1.0,0.307692,1
525039242771464193,0,17,0,0.0,0,0,1.0,0.0,0.05882353,0.05882353,0.0,0.0,0.783824,17
525039686931075072,1,9,8,0.888889,8,8,0.888889,0.888889,0.10152277,0.11111111,1.0,0.22222222,0.945098,9
525039876366798849,0,8,0,0.0,0,0,1.0,0.0,0.125,0.125,0.0,0.0,0.758333,8
525040097272819712,3,36,24,0.666667,14,14,0.722222,0.888889,0.02174066,0.02777778,0.4,0.03809524,1.0,17
525040252948189186,6,30,10,0.333333,3,0,0.733333,1.366667,0.02568624,0.03333333,0.0,0.02298851,0.045238,19
525040408653754368,1,12,9,0.75,9,9,0.916667,0.75,0.077821,0.08333333,0.81818182,0.13636364,0.905556,9
525040492388823041,2,18,2,0.111111,1,0,0.888889,0.388889,0.05076139,0.05555556,0.0,0.0130719,0.111111,14
525040509937795072,0,1,0,0.0,0,0,1.0,0.0,1.0,1.0,1.0,1.0,1.0,1
525040545870385153,1,17,2,0.117647,1,0,0.882353,0.117647,0.05347594,0.05882353,0.0,0.01470588,0.962293,16
525040767317082113,0,6,0,0.0,0,0,1.0,0.0,0.16666667,0.16666667,0.0,0.0,0.819444,6
525041091507388416,2,19,17,0.894737,16,16,0.894737,0.947368,0.04820405,0.05263158,0.88888889,0.0994152,0.98583,18
525041399344168961,2,21,6,0.285714,1,0,0.714286,0.428571,0.03728206,0.04761905,0.0,0.02857143,0.0,16
525041601890881536,5,25,16,0.64,9,0,0.72,2.08,0.0301719,0.04,0.0,0.05333333,0.0,6
525042177643016192,5,23,10,0.434783,8,8,0.869565,1.913043,0.03913887,0.04347826,0.36363636,0.03952569,0.889855,11
525044004287971329,1,13,1,0.076923,1,0,0.923077,0.076923,0.07220216,0.07692308,0.0,0.01282051,0.973077,12
525044166519451648,3,30,23,0.766667,11,10,0.866667,1.366667,0.02981201,0.03333333,0.34482759,0.05287356,0.016667,22
525044262648676353,0,13,0,0.0,0,0,1.0,0.0,0.07692308,0.07692308,0.0,0.0,0.913462,13
525044678765187072,1,13,12,0.923077,12,12,0.923077,0.923077,0.07220225,0.07692308,1.0,0.15384615,0.057692,13
525044725926330368,4,28,24,0.857143,17,17,0.821429,1.464286,0.03044998,0.03571429,0.62962963,0.06349206,0.035714,23
525045145079533568,1,18,17,0.944444,17,17,0.944444,0.944444,0.05305013,0.05555556,1.0,0.11111111,0.823634,17
525045203648790528,3,21,17,0.809524,12,12,0.761905,1.095238,0.0378141,0.04761905,0.6,0.08095238,0.11746,17
525045709402148864,5,29,21,0.724138,10,10,0.655172,1.931034,0.02491236,0.03448276,0.35714286,0.05172414,0.149273,20
525046232209956865,1,25,1,0.04,1,0,0.96,0.04,0.03868472,0.04,0.0,0.00333333,0.06,23
525046432085327872,1,2,1,0.5,1,1,0.5,0.5,0.35087736,0.5,1.0,1.0,1.0,2
525046443103354880,3,57,38,0.666667,9,9,0.719298,1.22807,0.01352864,0.01754386,0.16071429,0.02380952,0.94277,23
525046462460477440,3,23,21,0.913043,16,16,0.782609,1.173913,0.03552861,0.04347826,0.72727273,0.08300395,0.889514,21
525047079325155329,1,7,1,0.142857,1,0,0.857143,0.142857,0.12738858,0.14285714,0.0,0.04761905,0.0,6
525047104239333377,2,9,3,0.333333,1,0,0.666667,0.444444,0.08148297,0.11111111,0.0,0.08333333,0.0,8
525047349757100034,0,11,0,0.0,0,0,1.0,0.0,0.09090909,0.09090909,0.0,0.0,0.894819,11
525047767325220865,0,6,0,0.0,0,0,1.0,0.0,0.16666667,0.16666667,0.0,0.0,0.916667,5
525048410831736832,1,8,7,0.875,7,7,0.875,0.875,0.11299419,0.125,1.0,0.25,0.0625,8
525048557569454080,1,7,6,0.857143,6,6,0.857143,0.857143,0.12738858,0.14285714,1.0,0.28571429,1.0,7
525048987649576960,2,12,11,0.916667,8,8,0.666667,1.166667,0.06381256,0.08333333,0.72727273,0.16666667,0.862554,11
525049044201377793,3,19,16,0.842105,12,0,0.789474,1.0,0.04304065,0.05263158,0.0,0.09356725,0.0,16
525049481679892481,1,4,1,0.25,1,0,0.75,0.25,0.20618553,0.25,0.0,0.16666667,0.0,2
525049639016615937,0,7,0,0.0,0,0,1.0,0.0,0.14285714,0.14285714,0.0,0.0,0.809524,7
525049831312875521,6,49,22,0.44898,2,0,0.673469,1.306122,0.01444301,0.02040816,0.0,0.01870748,0.831106,26
525050193360613376,10,60,44,0.733333,17,17,0.716667,2.983333,0.01198964,0.01666667,0.28813559,0.02485876,0.035317,31
525050632211021825,0,19,0,0.0,0,0,1.0,0.0,0.05263158,0.05263158,0.0,0.0,0.070175,18
525051210349289472,9,88,60,0.681818,12,12,0.636364,2.431818,0.00756937,0.01136364,0.13793103,0.01567398,0.954072,19
525051365195014144,1,5,0,0.0,0,0,1.0,0.8,0.2,0.2,0.0,0.0,0.778182,5
525052223030845440,3,28,22,0.785714,16,16,0.75,1.0,0.02880376,0.03571429,0.59259259,0.05820106,0.93856,21
525052332116312064,1,7,6,0.857143,6,6,0.857143,0.857143,0.12738858,0.14285714,1.0,0.28571429,0.957143,7
525052526593601537,0,11,0,0.0,0,0,1.0,0.0,0.09090909,0.09090909,0.0,0.0,0.236142,11
525052976562712576,3,21,20,0.952381,16,16,0.761905,1.238095,0.03722715,0.04761905,0.8,0.0952381,0.0,19
525053517531062272,1,8,5,0.625,5,5,0.875,0.625,0.11299437,0.125,0.71428571,0.17857143,0.080357,7
525055052801515521,2,10,2,0.2,1,0,0.8,0.3,0.08049894,0.1,0.0,0.04444444,1.0,9
525055273816555520,0,1,0,0.0,0,0,1.0,0.0,1.0,1.0,1.0,1.0,0.0,1
525055879545380864,1,3,2,0.666667,2,2,0.666667,0.666667,0.25974051,0.33333333,1.0,0.66666667,0.688889,3
525055967076290560,1,13,12,0.923077,12,12,0.923077,0.923077,0.07220225,0.07692308,1.0,0.15384615,0.012821,13
525056022046851074,1,5,2,0.4,2,0,0.8,0.4,0.17094005,0.2,0.0,0.2,0.0,5
525056576038518785,1,24,2,0.083333,1,0,0.916667,0.083333,0.0389105,0.04166667,0.0,0.00724638,0.869643,22
525057025785356288,3,24,20,0.833333,13,13,0.708333,1.25,0.03197817,0.04166667,0.56521739,0.07246377,0.902778,18
525057374965739520,2,12,11,0.916667,7,7,0.583333,1.25,0.06001357,0.08333333,0.63636364,0.16666667,0.920455,9
525057606151602176,1,4,3,0.75,3,3,0.75,0.75,0.20618575,0.25,1.0,0.5,0.819444,4
525058578365698048,2,10,9,0.9,8,8,0.8,1.0,0.08481539,0.1,0.88888889,0.2,0.183333,10
525058633730891776,2,13,11,0.846154,9,9,0.769231,1.0,0.06365145,0.07692308,0.75,0.14102564,1.0,10
525058825909731328,3,17,13,0.764706,9,9,0.764706,1.117647,0.04683557,0.05882353,0.5625,0.09558824,0.895579,13
525058976376193024,1,5,4,0.8,4,4,0.8,0.8,0.17094005,0.2,1.0,0.4,0.9,5
525059193074487296,4,23,21,0.913043,15,15,0.826087,1.391304,0.03668397,0.04347826,0.68181818,0.08300395,0.14588,21
525059348574130176,1,15,14,0.933333,14,14,0.933333,0.933333,0.06309152,0.06666667,1.0,0.13333333,0.932222,15
525059810312847360,4,22,20,0.909091,15,15,0.727273,1.409091,0.03403756,0.04545455,0.71428571,0.08658009,0.022727,19
525060022569422849,1,21,2,0.095238,2,0,0.952381,0.142857,0.0457666,0.04761905,0.0,0.00952381,0.07479,20
525060425184858112,2,22,20,0.909091,18,18,0.909091,1.0,0.04212276,0.04545455,0.85714286,0.08658009,0.955952,21
525061246702587904,3,5,4,0.8,2,2,0.4,1.4,0.11184682,0.2,0.5,0.4,0.133333,4
525061787860103169,0,7,0,0.0,0,0,1.0,0.0,0.14285714,0.14285714,0.0,0.0,0.808085,7
525062013551001600,2,21,15,0.714286,10,10,0.809524,0.809524,0.03980499,0.04761905,0.5,0.07142857,0.911472,9
525062993898635264,2,17,15,0.882353,13,13,0.823529,1.0,0.0508617,0.05882353,0.8125,0.11029412,0.803922,14
525063393309630464,2,15,9,0.6,9,9,0.933333,1.0,0.06309152,0.06666667,0.64285714,0.08571429,0.196296,12
525063740769972224,1,5,4,0.8,4,4,0.8,0.8,0.17094005,0.2,1.0,0.4,0.1,5
525065123917221888,4,19,17,0.894737,13,13,0.789474,1.315789,0.04181706,0.05263158,0.72222222,0.0994152,0.0,14
525065430713790465,0,13,0,0.0,0,0,1.0,0.0,0.07692308,0.07692308,0.0,0.0,0.733624,11
525066628359127041,3,20,4,0.2,2,0,0.85,0.45,0.04063556,0.05,0.0,0.02105263,0.055,11
525066876058361856,1,18,17,0.944444,17,17,0.944444,0.944444,0.05305013,0.05555556,1.0,0.11111111,0.821429,17
525067386849091584,2,21,19,0.904762,18,18,0.904762,0.952381,0.04397512,0.04761905,0.9,0.09047619,0.903361,20
525067419635576834,0,6,0,0.0,0,0,1.0,0.0,0.16666667,0.16666667,0.0,0.0,0.916667,6
525067500447612929,1,14,4,0.285714,4,0,0.928571,0.285714,0.06734006,0.07142857,0.0,0.04395604,0.952381,13
525068253341970432,1,2,1,0.5,1,1,0.5,0.5,0.35087736,0.5,1.0,1.0,0.0,2
525068387899031552,1,15,0,0.0,0,0,1.0,0.466667,0.06666667,0.06666667,0.0,0.0,0.126667,8
525068915068923904,1,4,2,0.5,2,2,0.75,0.5,0.20618553,0.25,0.66666667,0.33333333,0.875,3
525069189447704576,1,20,19,0.95,19,19,0.95,0.95,0.04796147,0.05,1.0,0.1,0.0375,20
525069509342683137,0,5,0,0.0,0,0,1.0,0.0,0.2,0.2,0.0,0.0,0.260606,5
525069752566575104,2,17,16,0.941176,15,15,0.882353,1.0,0.05333861,0.05882353,0.9375,0.11764706,0.09974,17
525069912679923712,1,14,13,0.928571,13,13,0.928571,0.928571,0.06734012,0.07142857,1.0,0.14285714,0.365494,13
525070461936222208,2,7,6,0.857143,5,5,0.714286,1.0,0.11306466,0.14285714,0.83333333,0.28571429,0.175,7
525070811439579138,0,4,0,0.0,0,0,1.0,0.0,0.25,0.25,0.0,0.0,0.125,4
525070912199335937,0,7,0,0.0,0,0,1.0,0.0,0.14285714,0.14285714,0.0,0.0,0.0,7
525070933556350977,0,20,0,0.0,0,0,1.0,0.0,0.05,0.05,0.0,0.0,0.85744,19
525071376084791297,2,14,1,0.071429,1,0,0.928571,0.214286,0.06734006,0.07142857,0.0,0.01098901,0.904239,13
525071638464049152,1,12,0,0.0,0,0,1.0,0.916667,0.08333333,0.08333333,0.0,0.0,0.861742,11
525071809226346496,0,1,0,0.0,0,0,1.0,0.0,1.0,1.0,1.0,1.0,0.705882,1
525072912957452289,2,21,4,0.190476,2,0,0.857143,0.333333,0.04119895,0.04761905,0.0,0.01904762,0.912582,15
544266241511133186,0,8,0,0.0,0,0,1.0,0.0,0.125,0.125,0.0,0.0,0.0,8
544267656597995521,4,26,7,0.269231,3,0,0.846154,0.730769,0.03373726,0.03846154,0.0,0.02153846,0.783873,20
544268186292867072,3,20,12,0.6,6,6,0.65,0.75,0.03570281,0.05,0.31578947,0.06315789,0.872273,11
544268637134393344,1,19,0,0.0,0,0,1.0,0.842105,0.05263158,0.05263158,0.0,0.0,0.892195,18
544268732046913536,1,9,1,0.111111,1,0,0.888889,0.777778,0.10152285,0.11111111,0.0,0.02777778,0.970899,8
544268900351766528,4,9,7,0.777778,5,5,0.666667,1.555556,0.07974593,0.11111111,0.625,0.19444444,0.027778,6
544269221564137472,3,24,18,0.75,15,15,0.833333,0.958333,0.03538587,0.04166667,0.65217391,0.06521739,0.843948,20
544269749405097984,2,16,15,0.9375,14,14,0.875,1.0,0.05633301,0.0625,0.93333333,0.125,0.701671,16
544269997745242112,4,27,22,0.814815,9,9,0.592593,1.518519,0.02486248,0.03703704,0.34615385,0.06267806,0.946502,19
544270745744846848,1,18,17,0.944444,17,17,0.944444,0.944444,0.05305013,0.05555556,1.0,0.11111111,0.739506,18
544271069146656768,3,13,12,0.923077,9,9,0.692308,1.230769,0.05763248,0.07692308,0.75,0.15384615,0.797052,12
544271185903484929,0,5,0,0.0,0,0,1.0,0.0,0.2,0.2,0.0,0.0,0.797619,4
544271284796784640,1,9,8,0.888889,8,8,0.888889,0.888889,0.10152277,0.11111111,1.0,0.22222222,0.868313,9
544271362022338560,4,19,14,0.736842,7,7,0.578947,1.315789,0.03313049,0.05263158,0.38888889,0.08187135,1.0,9
544271743331078144,5,35,15,0.428571,2,0,0.685714,1.457143,0.02119281,0.02857143,0.0,0.02521008,0.896515,17
544271815007145984,3,22,15,0.681818,9,9,0.681818,1.0,0.03383468,0.04545455,0.42857143,0.06493506,0.94697,15
544271815044894720,3,11,10,0.909091,7,7,0.636364,1.272727,0.0648649,0.09090909,0.7,0.18181818,0.792601,10
544272134764122112,3,18,15,0.833333,12,12,0.833333,1.055556,0.04762572,0.05555556,0.70588235,0.09803922,0.929167,16
544272155144646656,2,18,16,0.888889,13,13,0.777778,1.055556,0.04636773,0.05555556,0.76470588,0.10457516,0.930924,17
544272537341812736,2,22,6,0.272727,1,0,0.727273,0.772727,0.03594207,0.04545455,0.0,0.02597403,0.914945,15
544272561266503681,0,10,0,0.0,0,0,1.0,0.0,0.1,0.1,0.0,0.0,0.95,10
544272701108797440,1,11,8,0.727273,6,6,0.818182,0.727273,0.07874032,0.09090909,0.6,0.14545455,0.850207,8
544273050188148736,4,20,3,0.15,1,0,0.85,1.25,0.04296925,0.05,0.0,0.01578947,0.9375,17
544273220128739329,3,40,14,0.35,2,0,0.675,0.525,0.01833052,0.025,0.0,0.01794872,0.937834,17
544273256174198785,2,38,12,0.315789,3,0,0.789474,0.526316,0.0217942,0.02631579,0.0,0.0170697,0.900627,25
544273427075710976,2,23,22,0.956522,17,17,0.782609,1.173913,0.03646977,0.04347826,0.77272727,0.08695652,0.860635,22
544273459199893505,4,26,7,0.269231,4,0,0.846154,0.615385,0.03360068,0.03846154,0.0,0.02153846,0.912009,19
544273563872538624,1,11,9,0.818182,9,9,0.909091,0.818182,0.08438817,0.09090909,0.9,0.16363636,1.0,11
544273885437652992,1,8,7,0.875,7,7,0.875,0.875,0.11299419,0.125,1.0,0.25,0.895833,8
544273888725577729,5,18,4,0.222222,1,0,0.777778,0.833333,0.04377314,0.05555556,0.0,0.02614379,0.862607,13
544274364288364544,2,12,3,0.25,2,0,0.833333,1.0,0.07299269,0.08333333,0.0,0.04545455,0.690972,9
544274544174071809,5,31,21,0.677419,6,0,0.645161,1.741935,0.02247067,0.03225806,0.0,0.04516129,0.832885,20
544274585697280000,1,4,3,0.75,3,3,0.75,0.75,0.20618575,0.25,1.0,0.5,0.977273,4
544274757689307136,5,21,6,0.285714,2,0,0.761905,1.714286,0.03428457,0.04761905,0.0,0.02857143,0.815254,14
544274797640044544,1,11,0,0.0,0,0,1.0,0.818182,0.09090909,0.09090909,0.0,0.0,0.102554,11
544274879055675392,4,19,14,0.736842,10,10,0.736842,1.105263,0.03911273,0.05263158,0.55555556,0.08187135,0.958356,14
544274934835707905,3,42,19,0.452381,4,0,0.642857,0.833333,0.01694803,0.02380952,0.0,0.02206736,0.700141,19
544275138712469504,5,25,21,0.84,13,13,0.64,1.36,0.02709188,0.04,0.54166667,0.07,0.892299,18
544275574642835456,2,23,14,0.608696,11,11,0.826087,0.652174,0.03686978,0.04347826,0.5,0.05533597,0.0,14
544275597464444929,0,3,0,0.0,0,0,1.0,0.0,0.33333333,0.33333333,0.0,0.0,0.94697,3
544275733607366656,5,50,29,0.58,8,8,0.64,0.98,0.01401722,0.02,0.16326531,0.02367347,0.115619,22
544276027644850176,7,49,38,0.77551,12,12,0.673469,1.979592,0.0144172,0.02040816,0.25,0.03231293,0.073268,22
544276998017646593,2,21,1,0.047619,1,0,0.952381,0.190476,0.0457666,0.04761905,0.0,0.0047619,0.807387,20
544277113683980288,2,23,16,0.695652,14,14,0.869565,1.086957,0.03898143,0.04347826,0.63636364,0.06324111,0.777743,17
544277117039837184,4,31,28,0.903226,16,16,0.677419,1.387097,0.02407741,0.03225806,0.53333333,0.06021505,0.722217,24
544277336422486016,3,20,19,0.95,16,16,0.8,1.15,0.04123515,0.05,0.84210526,0.1,0.841966,18
544277516773380097,4,21,6,0.285714,1,0,0.714286,0.666667,0.033314,0.04761905,0.0,0.02857143,0.834921,14
544277526248304640,4,31,23,0.741935,10,10,0.677419,1.322581,0.02278963,0.03225806,0.33333333,0.04946237,0.912171,17
544277607723048961,1,11,1,0.090909,1,0,0.909091,0.090909,0.08438817,0.09090909,0.0,0.01818182,0.106061,8
544277650714677249,1,13,0,0.0,0,0,1.0,0.076923,0.07692308,0.07692308,0.0,0.0,0.871795,11
544277728930062336,3,34,9,0.264706,1,0,0.735294,0.941176,0.02150969,0.02941176,0.0,0.01604278,0.900056,19
544277817987330049,1,19,0,0.0,0,0,1.0,0.052632,0.05263158,0.05263158,0.0,0.0,0.832707,19
544277852968210432,3,12,11,0.916667,9,9,0.75,1.166667,0.0648466,0.08333333,0.81818182,0.16666667,0.958333,10
544277860555710464,5,15,11,0.733333,4,4,0.533333,1.733333,0.04278904,0.06666667,0.28571429,0.1047619,1.0,6
544278202743402496,4,12,11,0.916667,5,5,0.416667,1.75,0.04647879,0.08333333,0.45454545,0.16666667,0.166667,7
544278335455776769,1,19,1,0.052632,1,0,0.947368,0.052632,0.05037784,0.05263158,0.0,0.00584795,0.840745,19
544278913883447298,3,23,5,0.217391,2,0,0.826087,0.521739,0.03552143,0.04347826,0.0,0.01976285,0.927536,19
544278985249550337,1,19,2,0.105263,2,0,0.947368,0.105263,0.05037784,0.05263158,0.0,0.01169591,0.847751,18
544279103864860674,1,22,2,0.090909,1,0,0.909091,0.090909,0.04219408,0.04545455,0.0,0.00865801,0.884848,18
544279262547935232,2,11,7,0.636364,6,6,0.818182,0.818182,0.07874013,0.09090909,0.6,0.12727273,0.702845,8
544279603259248640,1,4,3,0.75,3,3,0.75,0.75,0.20618575,0.25,1.0,0.5,0.0,4
544279776765431809,1,14,2,0.142857,1,0,0.857143,0.142857,0.06369429,0.07142857,0.0,0.02197802,0.923445,11
544279945128591360,3,19,17,0.894737,10,10,0.684211,1.473684,0.03863301,0.05263158,0.55555556,0.0994152,0.994152,13
544279950929321984,2,21,20,0.952381,19,19,0.904762,1.0,0.04397921,0.04761905,0.95,0.0952381,0.189927,19
544280077778055168,3,24,20,0.833333,12,12,0.708333,1.208333,0.03102226,0.04166667,0.52173913,0.07246377,0.929798,18
544280217104031744,1,9,0,0.0,0,0,1.0,0.888889,0.11111111,0.11111111,0.0,0.0,0.805556,9
544280391226761218,3,24,6,0.25,1,0,0.75,0.375,0.03209335,0.04166667,0.0,0.02173913,0.085301,14
544280397472088064,2,11,6,0.545455,6,6,0.909091,1.090909,0.08438817,0.09090909,0.6,0.10909091,0.815152,9
544280399044960256,3,16,14,0.875,11,11,0.75,1.125,0.04923755,0.0625,0.73333333,0.11666667,0.897768,14
544280516821024769,2,10,1,0.1,1,0,0.9,0.3,0.09216586,0.1,0.0,0.02222222,0.77,9
544280617160949760,5,74,47,0.635135,8,3,0.662162,1.648649,0.00988038,0.01351351,0.04109589,0.01740096,0.015541,21
544280650455728129,0,13,0,0.0,0,0,1.0,0.0,0.07692308,0.07692308,0.0,0.0,0.178129,10
544280707800264704,2,10,9,0.9,8,8,0.8,1.0,0.08481539,0.1,0.88888889,0.2,0.858333,10
544280739290677249,0,1,0,0.0,0,0,1.0,0.0,1.0,1.0,1.0,1.0,1.0,1
544280765111218176,1,21,15,0.714286,15,15,0.952381,0.714286,0.0457666,0.04761905,0.75,0.07142857,0.897082,18
544280873806610433,0,7,0,0.0,0,0,1.0,0.0,0.14285714,0.14285714,0.0,0.0,0.886128,6
544280923923959808,2,14,13,0.928571,6,6,0.785714,1.428571,0.05955631,0.07142857,0.46153846,0.14285714,0.879121,11
544280929154637825,0,10,0,0.0,0,0,1.0,0.0,0.1,0.1,0.0,0.0,0.0,10
544281012708970497,0,2,0,0.0,0,0,1.0,0.0,0.5,0.5,0.0,0.0,0.25,2
544281014768795649,1,7,1,0.142857,1,0,0.857143,0.142857,0.12738858,0.14285714,0.0,0.04761905,0.892857,6
544281235271745537,9,35,14,0.4,2,0,0.685714,2.057143,0.02105579,0.02857143,0.0,0.02352941,0.881179,15
544281589749137408,2,15,12,0.8,10,10,0.8,0.933333,0.05651479,0.06666667,0.71428571,0.11428571,0.799966,14
544281591833317377,0,8,0,0.0,0,0,1.0,0.0,0.125,0.125,0.0,0.0,0.942029,8
544281689233850370,1,19,3,0.157895,1,0,0.842105,0.157895,0.04640375,0.05263158,0.0,0.01754386,0.872431,17
544282005941530624,2,15,13,0.866667,10,10,0.733333,1.0,0.05209748,0.06666667,0.71428571,0.12380952,0.82,12
544282015487787008,4,39,23,0.589744,4,4,0.589744,1.102564,0.01684688,0.02564103,0.10526316,0.03103914,0.014652,8
544282127404388353,0,6,0,0.0,0,0,1.0,0.0,0.16666667,0.16666667,0.0,0.0,0.783816,5
544282227035869184,1,19,14,0.736842,14,14,0.947368,0.736842,0.05037784,0.05263158,0.77777778,0.08187135,0.86706,16
544282250503012352,2,20,1,0.05,1,0,0.95,1.0,0.04796164,0.05,0.0,0.00526316,0.025,19
544282355989753857,3,22,6,0.272727,2,0,0.772727,0.454545,0.03809516,0.04545455,0.0,0.02597403,0.874041,20
544282393801007104,4,71,52,0.732394,12,12,0.633803,1.183099,0.01021087,0.01408451,0.17142857,0.02092555,0.049296,31
544282449388519424,3,29,21,0.724138,16,16,0.793103,0.931034,0.02867986,0.03448276,0.57142857,0.05172414,0.953347,19
544282714237448192,1,8,7,0.875,7,7,0.875,0.875,0.11299419,0.125,1.0,0.25,0.206845,8
544282877278814208,14,38,32,0.842105,12,12,0.526316,3.710526,0.01225662,0.02631579,0.32432432,0.0455192,0.761947,16
544283374911627264,5,72,49,0.680556,19,19,0.666667,1.152778,0.01021801,0.01388889,0.26760563,0.01917058,0.052467,23
544283387087691776,2,26,14,0.538462,4,4,0.653846,0.807692,0.02764055,0.03846154,0.16,0.04307692,0.971154,14
544283714751328256,10,79,56,0.708861,9,9,0.56962,2.518987,0.00765265,0.01265823,0.11538462,0.01817592,0.057138,31
544283745939767296,1,4,3,0.75,3,3,0.75,0.75,0.20618575,0.25,1.0,0.5,0.964286,4
544283772569788416,2,20,19,0.95,17,17,0.85,1.05,0.04417935,0.05,0.89473684,0.1,0.891285,20
544284078330376192,1,13,12,0.923077,12,12,0.923077,0.923077,0.07220225,0.07692308,1.0,0.15384615,0.961538,13
544284455909998592,4,23,16,0.695652,5,5,0.652174,1.521739,0.03092341,0.04347826,0.22727273,0.06324111,0.882764,10
544284483453595648,2,19,15,0.789474,13,13,0.842105,1.105263,0.04616564,0.05263158,0.72222222,0.0877193,0.122884,17
544284526684286976,4,32,29,0.90625,19,19,0.78125,1.28125,0.0244694,0.03125,0.61290323,0.05846774,0.03125,23
544284577318318080,1,15,14,0.933333,14,14,0.933333,0.933333,0.06309152,0.06666667,1.0,0.13333333,0.81272,13
544284599996526592,2,18,16,0.888889,15,15,0.888889,0.944444,0.05063764,0.05555556,0.88235294,0.10457516,0.15463,18
544284823041212416,2,11,8,0.727273,5,5,0.636364,0.909091,0.06550069,0.09090909,0.5,0.14545455,0.888112,9
544284859628523521,1,16,2,0.125,1,0,0.875,0.125,0.05649718,0.0625,0.0,0.01666667,0.71552,15
544284957766463488,5,12,8,0.666667,5,5,0.666667,1.666667,0.06202518,0.08333333,0.45454545,0.12121212,0.963889,7
544285194815942657,1,14,1,0.071429,1,0,0.928571,0.071429,0.06734006,0.07142857,0.0,0.01098901,0.833673,13
544285213891629056,1,3,2,0.666667,2,2,0.666667,0.666667,0.25974051,0.33333333,1.0,0.66666667,0.050926,3
544285245600989184,2,27,23,0.851852,15,15,0.888889,1.296296,0.03373095,0.03703704,0.57692308,0.06552707,0.843254,26
544285296565948416,5,32,16,0.5,5,5,0.75,1.28125,0.0245744,0.03125,0.16129032,0.03225806,0.890325,18
544285508441231361,1,20,1,0.05,1,0,0.95,0.05,0.04796164,0.05,0.0,0.00526316,0.759365,16
544285712653500419,5,29,16,0.551724,3,0,0.517241,1.62069,0.02069443,0.03448276,0.0,0.03940887,0.955172,9
544285819108741120,1,9,8,0.888889,8,8,0.888889,0.888889,0.10152277,0.11111111,1.0,0.22222222,0.981481,9
544286172109758464,5,23,20,0.869565,12,12,0.652174,1.521739,0.02905568,0.04347826,0.54545455,0.07905138,0.897826,16
544286537299787777,0,19,0,0.0,0,0,1.0,0.0,0.05263158,0.05263158,0.0,0.0,0.874269,19
544286686142685184,2,16,15,0.9375,12,12,0.8125,1.125,0.05356065,0.0625,0.8,0.125,0.967105,16
544286688436969472,11,134,97,0.723881,19,19,0.537313,2.276119,0.0043246,0.00746269,0.14285714,0.01088542,0.0,35
544286724831318017,0,10,0,0.0,0,0,1.0,0.0,0.1,0.1,0.0,0.0,0.242262,10
544286833362747392,4,18,15,0.833333,11,11,0.722222,1.5,0.04454923,0.05555556,0.64705882,0.09803922,0.083333,15
544287083343671296,1,5,4,0.8,4,4,0.8,0.8,0.17094005,0.2,1.0,0.4,0.933333,5
544287165912735744,4,19,5,0.263158,2,0,0.842105,1.421053,0.04489852,0.05263158,0.0,0.02923977,0.962604,14
544287203728556032,4,37,32,0.864865,11,11,0.567568,1.675676,0.01787465,0.02702703,0.30555556,0.04804805,0.830405,20
544287209730236416,2,11,9,0.818182,7,7,0.727273,1.0,0.0726933,0.09090909,0.7,0.16363636,0.833333,10
544287252306997249,0,12,0,0.0,0,0,1.0,0.0,0.08333333,0.08333333,0.0,0.0,0.816785,12
544287332061298688,1,4,3,0.75,3,3,0.75,0.75,0.20618575,0.25,1.0,0.5,0.0,4
544287425380360193,0,2,0,0.0,0,0,1.0,0.0,0.5,0.5,0.0,0.0,1.0,2
544287499397242880,1,6,5,0.833333,5,5,0.833333,0.833333,0.14598557,0.16666667,1.0,0.33333333,0.850794,6
544287796719288321,2,11,2,0.181818,1,0,0.818182,0.363636,0.07874013,0.09090909,0.0,0.03636364,0.896503,9
544287815790755840,1,10,8,0.8,7,7,0.8,0.8,0.08547003,0.1,0.77777778,0.17777778,0.742143,10
544287902079803392,1,11,7,0.636364,7,7,0.909091,0.636364,0.08438817,0.09090909,0.7,0.12727273,0.143939,11
544287922166726657,6,55,36,0.654545,5,0,0.6,1.818182,0.01207726,0.01818182,0.0,0.02424242,0.930808,8
544287991959539713,0,3,0,0.0,0,0,1.0,0.0,0.33333333,0.33333333,0.0,0.0,0.608974,3
544288009747566592,2,18,16,0.888889,15,15,0.888889,0.944444,0.05063764,0.05555556,0.88235294,0.10457516,0.165657,18
544288135564107776,3,19,18,0.947368,16,16,0.842105,1.105263,0.0447307,0.05263158,0.88888889,0.10526316,0.817794,17
544288302254137345,1,3,1,0.333333,1,0,0.666667,0.333333,0.25974019,0.33333333,0.0,0.33333333,0.166667,2
544288661253398528,6,49,29,0.591837,2,1,0.530612,1.428571,0.01253844,0.02040816,0.02083333,0.02465986,0.989259,5
544288681021145090,0,18,0,0.0,0,0,1.0,0.0,0.05555556,0.05555556,0.0,0.0,0.883476,17
544288773023203328,4,15,14,0.933333,8,8,0.666667,1.666667,0.04837783,0.06666667,0.57142857,0.13333333,0.792314,12
544288799711592448,1,6,5,0.833333,5,5,0.833333,0.833333,0.14598557,0.16666667,1.0,0.33333333,0.880952,6
544288856263360512,2,10,9,0.9,8,8,0.8,1.0,0.08481539,0.1,0.88888889,0.2,0.14119,10
544288968624578560,4,26,22,0.846154,12,12,0.653846,1.346154,0.02690036,0.03846154,0.48,0.06769231,0.074377,17
544289311504355328,1,3,2,0.666667,2,2,0.666667,0.666667,0.25974051,0.33333333,1.0,0.66666667,0.666667,3
544289409294553088,2,12,11,0.916667,10,10,0.833333,1.0,0.07260977,0.08333333,0.90909091,0.16666667,0.959524,11
544289448150986752,1,16,2,0.125,1,0,0.875,0.625,0.05649718,0.0625,0.0,0.01666667,0.912231,11
544289880805605376,3,21,16,0.761905,9,9,0.761905,1.285714,0.0389279,0.04761905,0.45,0.07619048,0.82374,14
544289941996326912,1,5,4,0.8,4,4,0.8,0.8,0.17094005,0.2,1.0,0.4,0.94,5
544290258951892992,1,11,10,0.909091,10,10,0.909091,0.909091,0.08438842,0.09090909,1.0,0.18181818,0.879032,11
544290611856408576,1,16,13,0.8125,13,13,0.9375,0.8125,0.05934721,0.0625,0.86666667,0.10833333,0.900473,16
544290646010261504,2,14,13,0.928571,12,12,0.857143,1.0,0.0634511,0.07142857,0.92307692,0.14285714,0.893726,13
544290752533393408,6,32,28,0.875,14,14,0.5625,1.71875,0.0190198,0.03125,0.4516129,0.05645161,0.941827,19
544290780991725568,2,12,10,0.833333,8,8,0.75,1.0,0.06788573,0.08333333,0.72727273,0.15151515,0.944444,10
544290967369428992,3,34,23,0.676471,15,15,0.794118,1.0,0.02418905,0.02941176,0.45454545,0.04099822,0.019888,19
544290995462889472,1,19,17,0.894737,17,17,0.947368,0.894737,0.05037763,0.05263158,0.94444444,0.0994152,0.026316,18
544291619084959744,3,16,2,0.125,1,0,0.875,1.125,0.05428147,0.0625,0.0,0.01666667,0.875868,13
544291804057960448,1,11,10,0.909091,10,10,0.909091,0.909091,0.08438842,0.09090909,1.0,0.18181818,0.901515,10
544291829290508289,2,15,3,0.2,1,0,0.8,0.266667,0.05472698,0.06666667,0.0,0.02857143,0.855556,14
544291853227786240,5,52,39,0.75,13,4,0.711538,1.596154,0.01386758,0.01923077,0.07843137,0.02941176,0.083354,25
544291965513134080,2,25,19,0.76,15,15,0.88,1.08,0.03617113,0.04,0.625,0.06333333,0.865,25
544291966536523776,2,10,9,0.9,8,8,0.8,1.0,0.08481539,0.1,0.88888889,0.2,0.057692,10
544292129972170752,9,15,9,0.6,2,0,0.466667,3.466667,0.02924191,0.06666667,0.0,0.08571429,0.918413,8
544292146342531072,2,9,8,0.888889,7,7,0.777778,1.0,0.09256502,0.11111111,0.875,0.22222222,0.858333,9
544292342430449664,2,17,13,0.764706,9,9,0.764706,0.882353,0.04863688,0.05882353,0.5625,0.09558824,0.105622,14
544292670336925696,1,7,6,0.857143,6,6,0.857143,0.857143,0.12738858,0.14285714,1.0,0.28571429,0.819048,7
544292798887784449,1,10,1,0.1,1,0,0.9,0.1,0.09216586,0.1,0.0,0.02222222,0.075,8
544292910578278400,1,10,9,0.9,9,9,0.9,0.9,0.09216586,0.1,1.0,0.2,0.705404,10
544293021995393024,3,24,12,0.5,5,5,0.666667,0.916667,0.03020057,0.04166667,0.2173913,0.04347826,0.079097,13
544293069957259264,1,12,9,0.75,9,9,0.916667,0.75,0.077821,0.08333333,0.81818182,0.13636364,0.041667,11
544293177596067840,1,20,19,0.95,19,19,0.95,0.95,0.04796147,0.05,1.0,0.1,0.0875,20
544293261506928640,1,6,5,0.833333,5,5,0.833333,0.833333,0.14598557,0.16666667,1.0,0.33333333,0.133333,6
544293291785596928,0,1,0,0.0,0,0,1.0,0.0,1.0,1.0,1.0,1.0,1.0,1
544293694166536192,1,10,9,0.9,9,9,0.9,0.9,0.09216586,0.1,1.0,0.2,0.95,10
544293716140126208,2,11,10,0.909091,5,5,0.727273,1.363636,0.07225949,0.09090909,0.5,0.18181818,0.090909,9
544293739221368832,1,4,3,0.75,3,3,0.75,0.75,0.20618575,0.25,1.0,0.5,0.0,4
544293753130082305,3,11,3,0.272727,1,0,0.727273,0.545455,0.06406523,0.09090909,0.0,0.05454545,0.788788,9
544293770926120960,2,8,7,0.875,6,6,0.75,1.0,0.10182859,0.125,0.85714286,0.25,0.0625,8
544293783702364162,0,9,0,0.0,0,0,1.0,0.0,0.11111111,0.11111111,0.0,0.0,0.794232,8
544294274674593792,2,10,9,0.9,8,8,0.8,1.0,0.08481539,0.1,0.88888889,0.2,0.033333,10
544294402366394369,2,17,4,0.235294,2,0,0.882353,0.352941,0.05246244,0.05882353,0.0,0.02941176,0.809524,12
544294618758520832,4,16,14,0.875,10,10,0.6875,1.3125,0.04431196,0.0625,0.66666667,0.11666667,0.017188,13
544294639805923328,1,5,4,0.8,4,4,0.8,0.8,0.17094005,0.2,1.0,0.4,0.904762,5
544294692456628224,5,20,13,0.65,6,6,0.75,1.75,0.03502483,0.05,0.31578947,0.06842105,0.8175,10
544294794139533313,4,20,8,0.4,2,0,0.65,0.85,0.0329713,0.05,0.0,0.04210526,0.900564,12
544294890343915520,1,7,6,0.857143,6,6,0.857143,0.857143,0.12738858,0.14285714,1.0,0.28571429,0.067669,7
544294893146091520,3,29,26,0.896552,13,13,0.758621,1.37931,0.0277797,0.03448276,0.46428571,0.06403941,0.749172,27
544295667112230912,0,1,0,0.0,0,0,1.0,0.0,1.0,1.0,1.0,1.0,0.473684,1
544295871592951808,2,11,9,0.818182,9,9,0.909091,1.0,0.08438817,0.09090909,0.9,0.16363636,0.153746,10
544295960449265664,1,4,3,0.75,3,3,0.75,0.75,0.20618575,0.25,1.0,0.5,0.05,4
544296007589433344,1,5,0,0.0,0,0,1.0,0.6,0.2,0.2,0.0,0.0,0.916981,5
544296096244441089,1,6,1,0.166667,1,0,0.833333,0.166667,0.14598538,0.16666667,0.0,0.06666667,0.978261,6
544296158206894081,0,8,0,0.0,0,0,1.0,0.0,0.125,0.125,0.0,0.0,0.608333,8
544296373466562560,1,17,16,0.941176,16,16,0.941176,0.941176,0.05602206,0.05882353,1.0,0.11764706,0.117647,17
544296463027961856,6,51,39,0.764706,14,14,0.588235,1.843137,0.0127553,0.01960784,0.28,0.03058824,0.03366,21
544296465619619840,7,54,35,0.648148,6,6,0.574074,1.851852,0.01199634,0.01851852,0.11320755,0.02445842,0.05787,12
544296671950020609,1,10,1,0.1,1,0,0.9,0.1,0.09216586,0.1,0.0,0.02222222,0.933333,10
544296672608534528,0,1,0,0.0,0,0,1.0,0.0,1.0,1.0,1.0,1.0,1.0,1
544296772592336896,1,4,3,0.75,3,3,0.75,0.75,0.20618575,0.25,1.0,0.5,0.687171,4
544296985910861824,1,10,7,0.7,7,7,0.9,0.8,0.09216586,0.1,0.77777778,0.15555556,0.682143,8
544297247567917056,1,17,16,0.941176,16,16,0.941176,0.941176,0.05602206,0.05882353,1.0,0.11764706,0.0,16
544297331906973696,1,3,2,0.666667,2,2,0.666667,0.666667,0.25974051,0.33333333,1.0,0.66666667,0.0,2
544297696308518912,2,24,21,0.875,17,17,0.833333,1.041667,0.03632728,0.04166667,0.73913043,0.07608696,0.877894,20
544297827258888192,2,23,16,0.695652,10,10,0.73913,0.826087,0.03452197,0.04347826,0.45454545,0.06324111,0.992504,13
544297950134816768,2,27,21,0.777778,13,13,0.740741,1.0,0.02955145,0.03703704,0.5,0.05982906,0.835597,19
544298121379852289,0,5,0,0.0,0,0,1.0,0.0,0.2,0.2,0.0,0.0,0.016,5
544298334354411521,4,33,8,0.242424,1,0,0.757576,0.727273,0.02382796,0.03030303,0.0,0.01515152,0.304631,13
544298346345947136,3,19,4,0.210526,1,0,0.789474,1.210526,0.04324795,0.05263158,0.0,0.02339181,0.947368,17
544298354029506560,1,19,18,0.947368,18,18,0.947368,0.947368,0.05037763,0.05263158,1.0,0.10526316,0.026316,19
544298376851111936,1,11,0,0.0,0,0,1.0,0.636364,0.09090909,0.09090909,0.0,0.0,0.863636,11
544298507868200961,1,11,1,0.090909,1,0,0.909091,0.181818,0.08438817,0.09090909,0.0,0.01818182,0.311111,9
544298663061643264,3,35,29,0.828571,19,19,0.685714,1.257143,0.02237529,0.02857143,0.55882353,0.0487395,0.052381,19
544298959993200640,3,28,24,0.857143,14,14,0.714286,1.428571,0.02715395,0.03571429,0.51851852,0.06349206,0.124059,21
544299029601861632,6,39,32,0.820513,10,10,0.615385,2.076923,0.01767317,0.02564103,0.26315789,0.04318489,0.043506,19
544299273664593920,3,12,8,0.666667,5,5,0.666667,1.0,0.06101349,0.08333333,0.45454545,0.12121212,0.16462,6
544299439087550464,2,17,13,0.764706,12,12,0.882353,0.823529,0.05330432,0.05882353,0.75,0.09558824,0.892157,11
544299916252573698,9,116,79,0.681034,4,0,0.543103,2.275862,0.00521604,0.00862069,0.0,0.01184408,0.031996,24
544300088747884544,4,19,4,0.210526,2,0,0.842105,1.315789,0.0435905,0.05263158,0.0,0.02339181,0.942982,17
544300178443100160,3,25,19,0.76,11,11,0.76,1.04,0.03286674,0.04,0.45833333,0.06333333,0.604466,17
544300256981430272,4,21,14,0.666667,5,5,0.666667,1.238095,0.03449921,0.04761905,0.25,0.06666667,0.039116,9
544300361360498688,1,5,3,0.6,3,3,0.8,0.6,0.17094005,0.2,0.75,0.3,0.703333,5
544300369765859328,3,22,18,0.818182,14,14,0.818182,1.045455,0.03814167,0.04545455,0.66666667,0.07792208,0.081405,17
544300674448887809,4,51,27,0.529412,3,0,0.666667,0.960784,0.01446423,0.01960784,0.0,0.02117647,0.752353,7
544300945820352512,3,18,17,0.944444,15,15,0.833333,1.111111,0.04681297,0.05555556,0.88235294,0.11111111,0.955397,17
544301012492632064,1,7,6,0.857143,6,6,0.857143,0.857143,0.12738858,0.14285714,1.0,0.28571429,0.035714,7
544301025079730176,1,20,19,0.95,19,19,0.95,0.95,0.04796147,0.05,1.0,0.1,0.131364,20
544301149348982784,7,47,37,0.787234,19,19,0.723404,2.021277,0.01600898,0.0212766,0.41304348,0.03422757,0.0,29
544301235596054528,1,5,4,0.8,4,4,0.8,0.8,0.17094005,0.2,1.0,0.4,0.835714,5
544301296099270656,1,22,19,0.863636,19,19,0.954545,0.863636,0.04376358,0.04545455,0.9047619,0.08225108,0.85349,21
544301313459101696,2,9,6,0.666667,6,6,0.888889,1.111111,0.10152277,0.11111111,0.75,0.16666667,0.074074,8
544301338935312384,2,23,21,0.913043,15,15,0.73913,1.130435,0.03534481,0.04347826,0.68181818,0.08300395,0.130156,22
544301449845305344,3,35,17,0.485714,3,0,0.685714,1.057143,0.02119281,0.02857143,0.0,0.02857143,0.032008,14
544301453717041152,2,24,3,0.125,1,0,0.875,0.875,0.03766473,0.04166667,0.0,0.01086957,0.859707,21
544301455952588801,1,22,2,0.090909,1,0,0.909091,0.136364,0.04219408,0.04545455,0.0,0.00865801,0.977273,19
544301589931241472,1,5,4,0.8,4,4,0.8,0.8,0.17094005,0.2,1.0,0.4,0.216981,5
544301609472122881,0,14,0,0.0,0,0,1.0,0.0,0.07142857,0.07142857,0.0,0.0,0.0,14
544301624814870530,2,18,4,0.222222,2,0,0.833333,0.277778,0.04782121,0.05555556,0.0,0.02614379,0.737535,16
544301786849640448,1,20,18,0.9,18,18,0.95,0.9,0.04796147,0.05,0.94736842,0.09473684,1.0,20
544301900682629121,3,21,2,0.095238,1,0,0.904762,0.380952,0.04405285,0.04761905,0.0,0.00952381,0.713357,18
544301925735202816,3,19,18,0.947368,11,11,0.631579,1.421053,0.03847471,0.05263158,0.61111111,0.10526316,0.026316,12
544301961638457344,1,20,0,0.0,0,0,1.0,0.95,0.05,0.05,0.0,0.0,0.032692,20
544302448522035202,3,21,4,0.190476,2,0,0.857143,0.428571,0.03904876,0.04761905,0.0,0.01904762,0.856421,18
544302821450207233,1,19,2,0.105263,1,0,0.894737,0.105263,0.04830915,0.05263158,0.0,0.01169591,0.801934,17
544302827330224128,2,16,15,0.9375,14,14,0.875,1.0,0.05633301,0.0625,0.93333333,0.125,0.87516,15
544302851158470657,0,4,0,0.0,0,0,1.0,0.0,0.25,0.25,0.0,0.0,0.85,4
544302938374426624,2,5,4,0.8,3,3,0.6,1.0,0.14407486,0.2,0.75,0.4,1.0,5
544303499756855297,0,18,0,0.0,0,0,1.0,0.0,0.05555556,0.05555556,0.0,0.0,0.084402,18
544304200423723008,1,3,2,0.666667,2,2,0.666667,0.666667,0.25974051,0.33333333,1.0,0.66666667,0.692308,3
544304298243653632,3,18,15,0.833333,13,13,0.833333,1.0,0.04678295,0.05555556,0.76470588,0.09803922,0.79892,14
544304742743044096,7,55,37,0.672727,7,7,0.654545,2.327273,0.01309058,0.01818182,0.12962963,0.02491582,0.774488,21
544305018439204864,11,107,76,0.71028,17,17,0.542056,2.588785,0.00559141,0.00934579,0.16037736,0.01340152,0.05603,25
544305463048015872,3,18,15,0.833333,11,11,0.777778,1.055556,0.04575646,0.05555556,0.64705882,0.09803922,0.936816,13
544305540286148609,1,16,1,0.0625,1,0,0.9375,0.0625,0.05934721,0.0625,0.0,0.00833333,0.645486,14
544305672372772865,0,7,0,0.0,0,0,1.0,0.0,0.14285714,0.14285714,0.0,0.0,0.057143,7
544305673287524353,2,26,5,0.192308,2,0,0.846154,0.230769,0.03360075,0.03846154,0.0,0.01538462,0.793956,18
544305745416581120,1,4,3,0.75,3,3,0.75,0.75,0.20618575,0.25,1.0,0.5,0.71131,4
544305859904286720,4,24,17,0.708333,12,12,0.791667,1.166667,0.0347012,0.04166667,0.52173913,0.0615942,0.071181,16
544305913260433408,2,12,8,0.666667,7,7,0.833333,0.75,0.07244697,0.08333333,0.63636364,0.12121212,0.892289,9
544305999994421249,3,20,4,0.2,1,0,0.8,0.35,0.03927881,0.05,0.0,0.02105263,0.03125,13
544306118273794048,2,8,7,0.875,6,6,0.75,1.0,0.10182859,0.125,0.85714286,0.25,0.025,6
544306402731507712,1,4,3,0.75,3,3,0.75,0.75,0.20618575,0.25,1.0,0.5,0.793561,4
544306591235710976,1,19,18,0.947368,18,18,0.947368,0.947368,0.05037763,0.05263158,1.0,0.10526316,0.078947,19
544306616137293824,3,39,21,0.538462,10,10,0.846154,0.948718,0.02252441,0.02564103,0.26315789,0.02834008,0.047009,32
544306719686656000,2,17,14,0.823529,10,10,0.764706,0.941176,0.04884656,0.05882353,0.625,0.10294118,0.941176,12
544306732475105283,1,13,1,0.076923,1,0,0.923077,0.076923,0.07220216,0.07692308,0.0,0.01282051,0.075524,13
544307028815253504,5,48,28,0.583333,10,10,0.666667,1.0625,0.01462345,0.02083333,0.21276596,0.0248227,0.940224,18
544307040932601857,2,19,5,0.263158,1,0,0.736842,0.315789,0.04171437,0.05263158,0.0,0.02923977,0.941621,14
544307161589772290,5,27,7,0.259259,2,0,0.777778,0.851852,0.02922851,0.03703704,0.0,0.01994302,0.898386,17
544307417677189121,1,4,1,0.25,1,0,0.75,0.25,0.20618553,0.25,0.0,0.16666667,1.0,4
544307547390607361,0,17,0,0.0,0,0,1.0,0.0,0.05882353,0.05882353,0.0,0.0,0.805392,16
544307589245587457,1,21,4,0.190476,1,0,0.809524,0.190476,0.04098359,0.04761905,0.0,0.01904762,0.047619,19
544307776135364608,7,29,26,0.896552,14,14,0.655172,1.965517,0.02108319,0.03448276,0.5,0.06403941,0.949847,19
544307871853592576,3,35,28,0.8,11,11,0.771429,1.285714,0.02335541,0.02857143,0.32352941,0.04705882,0.068138,30
544308031446872065,0,17,0,0.0,0,0,1.0,0.0,0.05882353,0.05882353,0.0,0.0,0.178815,16
544308156625481728,1,11,10,0.909091,10,10,0.909091,0.909091,0.08438842,0.09090909,1.0,0.18181818,0.121901,11
544308188909027328,3,21,16,0.761905,14,14,0.857143,1.047619,0.04236995,0.04761905,0.7,0.07619048,0.05754,20
544308490840195072,1,14,13,0.928571,13,13,0.928571,0.928571,0.06734012,0.07142857,1.0,0.14285714,0.22619,13
544308531684335617,1,20,0,0.0,0,0,1.0,0.05,0.05,0.05,0.0,0.0,0.720893,18
544308749725626368,5,43,31,0.72093,15,15,0.627907,1.418605,0.01573998,0.02325581,0.35714286,0.03433001,0.026901,19
544308793623207936,4,49,18,0.367347,5,0,0.734694,1.061224,0.01562012,0.02040816,0.0,0.01530612,0.01731,25
544308888628387840,1,22,19,0.863636,19,19,0.954545,0.863636,0.04376358,0.04545455,0.9047619,0.08225108,0.0,19
544309006500888576,1,8,6,0.75,6,6,0.875,0.75,0.11299419,0.125,0.85714286,0.21428571,0.764946,8
544309060883845120,2,19,17,0.894737,16,16,0.894737,0.947368,0.04820405,0.05263158,0.88888889,0.0994152,0.817943,16
544309096351268864,1,20,19,0.95,19,19,0.95,0.95,0.04796147,0.05,1.0,0.1,0.101068,19
544309113694740480,4,22,20,0.909091,15,15,0.818182,1.454545,0.03720664,0.04545455,0.71428571,0.08658009,0.14955,19
544309177859203073,0,7,0,0.0,0,0,1.0,0.0,0.14285714,0.14285714,0.0,0.0,0.881226,7
544309275141885952,3,33,11,0.333333,3,0,0.727273,1.0,0.02328289,0.03030303,0.0,0.02083333,0.914656,16
544309283048144897,1,10,0,0.0,0,0,1.0,0.1,0.1,0.1,0.0,0.0,0.300157,10
544309497041133568,3,14,9,0.642857,8,8,0.857143,0.928571,0.06369429,0.07142857,0.61538462,0.0989011,0.22483,12
544309893969092608,1,10,9,0.9,9,9,0.9,0.9,0.09216586,0.1,1.0,0.2,0.247857,10
544309943533600769,0,7,0,0.0,0,0,1.0,0.0,0.14285714,0.14285714,0.0,0.0,0.166891,7
544309956250320897,0,6,0,0.0,0,0,1.0,0.0,0.16666667,0.16666667,0.0,0.0,0.270635,5
544310166242734080,3,34,32,0.941176,15,15,0.882353,1.529412,0.02663502,0.02941176,0.45454545,0.057041,0.163436,33
544310222547087361,1,20,1,0.05,1,0,0.95,0.05,0.04796164,0.05,0.0,0.00526316,0.115409,19
544310691600302080,2,22,21,0.954545,18,18,0.818182,1.090909,0.03918422,0.04545455,0.85714286,0.09090909,0.146313,22
544310849784274945,0,1,0,0.0,0,0,1.0,0.0,1.0,1.0,1.0,1.0,0.5,1
544310853613281281,0,20,0,0.0,0,0,1.0,0.0,0.05,0.05,0.0,0.0,0.806686,19
544311814649942016,2,12,10,0.833333,9,9,0.833333,0.916667,0.0725675,0.08333333,0.81818182,0.15151515,0.137363,10
544311959483473920,1,7,6,0.857143,6,6,0.857143,0.857143,0.12738858,0.14285714,1.0,0.28571429,0.165476,7
544312065637097472,2,17,15,0.882353,11,11,0.764706,1.058824,0.04870609,0.05882353,0.6875,0.11029412,0.036082,12
544312118497914880,5,25,19,0.76,9,9,0.64,1.68,0.02754336,0.04,0.375,0.06333333,0.0,11
544312732443348995,0,12,0,0.0,0,0,1.0,0.0,0.08333333,0.08333333,0.0,0.0,0.164657,12
544312876245057536,1,9,0,0.0,0,0,1.0,0.777778,0.11111111,0.11111111,0.0,0.0,0.861111,8
544313008642461697,1,20,3,0.15,2,0,0.9,0.2,0.04608293,0.05,0.0,0.01578947,0.075,15
544313043463987201,1,18,1,0.055556,1,0,0.944444,0.055556,0.05305041,0.05555556,0.0,0.00653595,0.777174,16
544313132865159169,3,22,9,0.409091,3,0,0.727273,0.636364,0.03537548,0.04545455,0.0,0.03896104,0.068871,17
544313370892324864,2,18,15,0.833333,13,13,0.833333,0.888889,0.04853057,0.05555556,0.76470588,0.09803922,0.835859,15
544313592477384704,4,22,19,0.863636,16,16,0.818182,1.136364,0.03626446,0.04545455,0.76190476,0.08225108,0.150039,18
544314020539289600,3,20,15,0.75,12,12,0.8,1.1,0.04262545,0.05,0.63157895,0.07894737,0.078333,17
544314234541469696,2,21,20,0.952381,16,16,0.761905,1.142857,0.03932275,0.04761905,0.8,0.0952381,0.904762,21
544314301067304960,2,21,16,0.761905,14,14,0.857143,0.809524,0.04236995,0.04761905,0.7,0.07619048,0.246787,15
544314464569675776,2,23,18,0.782609,14,14,0.782609,0.869565,0.03568355,0.04347826,0.63636364,0.07114625,0.27808,17
544314810884562946,0,5,0,0.0,0,0,1.0,0.0,0.2,0.2,0.0,0.0,0.022222,5
544315187608973312,3,19,15,0.789474,12,12,0.789474,1.0,0.04292943,0.05263158,0.66666667,0.0877193,0.823767,15
544315472075042818,2,27,8,0.296296,1,0,0.703704,0.444444,0.02780294,0.03703704,0.0,0.02279202,0.816306,16
544315864397258752,6,38,15,0.394737,5,0,0.789474,1.842105,0.02028348,0.02631579,0.0,0.02133713,0.94152,13
544316046379716608,3,25,16,0.64,11,11,0.8,1.04,0.03329097,0.04,0.45833333,0.05333333,0.10894,16
544316384273248256,1,3,2,0.666667,2,2,0.666667,0.666667,0.25974051,0.33333333,1.0,0.66666667,0.833333,3
544316500002484226,0,2,0,0.0,0,0,1.0,0.0,0.5,0.5,0.0,0.0,0.75,2
544316576645017600,3,18,17,0.944444,14,14,0.833333,1.166667,0.04765355,0.05555556,0.82352941,0.11111111,0.698373,14
544316684736028673,0,20,0,0.0,0,0,1.0,0.0,0.05,0.05,0.0,0.0,0.0,20
544316814856306688,2,17,15,0.882353,15,15,0.941176,1.0,0.05602243,0.05882353,0.9375,0.11029412,0.821626,17
544316904861478912,1,8,7,0.875,7,7,0.875,0.875,0.11299419,0.125,1.0,0.25,0.923611,8
544316978278592512,1,9,8,0.888889,8,8,0.888889,0.888889,0.10152277,0.11111111,1.0,0.22222222,0.037037,9
544317139323473920,2,18,14,0.777778,11,11,0.777778,0.944444,0.04630262,0.05555556,0.64705882,0.09150327,0.109259,12
544317165965303808,3,20,14,0.7,12,12,0.85,1.2,0.04422776,0.05,0.63157895,0.07368421,0.91375,16
544317301064208384,9,117,80,0.683761,11,11,0.623932,2.162393,0.00581481,0.00854701,0.09482759,0.01178898,0.0,14
544317438079139841,2,14,2,0.142857,1,0,0.857143,0.214286,0.06089209,0.07142857,0.0,0.02197802,0.712698,12
544317474498703360,3,28,17,0.607143,8,8,0.642857,1.142857,0.02522241,0.03571429,0.2962963,0.04497354,0.05625,12
544317494379294721,5,163,88,0.539877,8,0,0.693252,1.165644,0.00452007,0.00613497,0.0,0.00666515,0.083309,65
544317609718865920,2,25,21,0.84,19,19,0.88,0.92,0.03536997,0.04,0.79166667,0.07,0.820901,21
544317709396496384,2,21,16,0.761905,16,16,0.952381,0.857143,0.0457666,0.04761905,0.8,0.07619048,0.870462,18
544318036715782144,3,13,4,0.307692,2,0,0.769231,1.230769,0.06284857,0.07692308,0.0,0.05128205,0.836752,9
544318880001560576,1,18,17,0.944444,17,17,0.944444,0.944444,0.05305013,0.05555556,1.0,0.11111111,0.794516,18
544319274072817664,1,14,13,0.928571,13,13,0.928571,0.928571,0.06734012,0.07142857,1.0,0.14285714,0.899206,13
544319395619958784,1,5,4,0.8,4,4,0.8,0.8,0.17094005,0.2,1.0,0.4,0.161364,5
544319450569134081,1,15,2,0.133333,1,0,0.866667,0.133333,0.05988025,0.06666667,0.0,0.01904762,0.018333,12
544319667364708352,2,20,2,0.1,1,0,0.9,0.8,0.04459811,0.05,0.0,0.01052632,0.094778,13
544319832486064128,2,28,17,0.607143,15,15,0.892857,0.785714,0.03197691,0.03571429,0.55555556,0.04497354,0.940476,19
544319905076903936,5,21,11,0.52381,2,0,0.571429,1.571429,0.0317604,0.04761905,0.0,0.05238095,0.039683,8
544320179560525824,2,21,16,0.761905,14,14,0.857143,0.809524,0.04236995,0.04761905,0.7,0.07619048,0.767225,20
544320939245043712,2,21,17,0.809524,15,15,0.857143,0.857143,0.04237612,0.04761905,0.75,0.08095238,0.891156,16
544320992361721856,1,6,5,0.833333,5,5,0.833333,0.833333,0.14598557,0.16666667,1.0,0.33333333,1.0,6
544321103875694593,6,45,17,0.377778,4,0,0.733333,1.0,0.0171809,0.02222222,0.0,0.01717172,0.932593,28
544321311250468865,3,16,6,0.375,2,0,0.75,0.8125,0.04797297,0.0625,0.0,0.05,0.154018,9
544321631976296449,0,16,0,0.0,0,0,1.0,0.0,0.0625,0.0625,0.0,0.0,0.073864,15
544321934410788865,0,15,0,0.0,0,0,1.0,0.0,0.06666667,0.06666667,0.0,0.0,0.85,13
544323086841954304,2,8,7,0.875,5,5,0.75,1.125,0.10157943,0.125,0.71428571,0.25,0.041667,7
544323127522906112,2,26,13,0.5,12,12,0.923077,0.576923,0.03602277,0.03846154,0.48,0.04,0.028846,21
544323358327070720,4,20,15,0.75,11,11,0.75,1.2,0.03964268,0.05,0.57894737,0.07894737,0.041827,16
544323450270392322,1,21,1,0.047619,1,0,0.952381,0.047619,0.0457666,0.04761905,0.0,0.0047619,0.0,15
544323933634564098,2,22,7,0.318182,3,0,0.818182,0.363636,0.03828121,0.04545455,0.0,0.03030303,0.799417,17
544324444773433348,1,22,1,0.045455,1,0,0.954545,0.045455,0.04376368,0.04545455,0.0,0.004329,0.924242,22
544324741239037952,4,55,24,0.436364,3,0,0.636364,0.8,0.01247223,0.01818182,0.0,0.01616162,0.029545,21
544325779199258626,0,2,0,0.0,0,0,1.0,0.0,0.5,0.5,0.0,0.0,0.645833,2
544325896661114881,0,6,0,0.0,0,0,1.0,0.0,0.16666667,0.16666667,0.0,0.0,0.319706,6
544325938826076161,0,12,0,0.0,0,0,1.0,0.0,0.08333333,0.08333333,0.0,0.0,0.0,12
544326461952241664,0,1,0,0.0,0,0,1.0,0.0,1.0,1.0,1.0,1.0,0.666667,1
544326597055369216,6,30,28,0.933333,17,17,0.733333,1.733333,0.02498445,0.03333333,0.5862069,0.06436782,0.759274,23
544326741674967042,6,39,18,0.461538,2,0,0.615385,1.384615,0.01567591,0.02564103,0.0,0.0242915,0.952788,17
544326782334558208,2,20,19,0.95,18,18,0.9,1.0,0.04599789,0.05,0.94736842,0.1,0.203197,20
544327278469988352,2,17,1,0.058824,1,0,0.941176,1.0,0.05602243,0.05882353,0.0,0.00735294,0.151515,17
544327577406410752,1,20,0,0.0,0,0,1.0,0.95,0.05,0.05,0.0,0.0,0.0,19
544328059482939392,1,10,9,0.9,9,9,0.9,0.9,0.09216586,0.1,1.0,0.2,0.067647,10
544328324601114625,0,8,0,0.0,0,0,1.0,0.0,0.125,0.125,0.0,0.0,0.779167,8
544328351939186689,2,49,15,0.306122,2,0,0.755102,0.367347,0.01648939,0.02040816,0.0,0.0127551,0.011338,24
544328673097039873,1,20,1,0.05,1,0,0.95,0.05,0.04796164,0.05,0.0,0.00526316,0.137619,19
544328894812549121,4,37,15,0.405405,2,0,0.675676,0.72973,0.01955355,0.02702703,0.0,0.02252252,0.683682,18
544329092100005888,2,20,7,0.35,6,6,0.9,0.4,0.04582863,0.05,0.31578947,0.03684211,0.103333,6
544329204314406912,3,19,14,0.736842,11,11,0.789474,1.210526,0.0430219,0.05263158,0.61111111,0.08187135,0.729057,15
544329251487756288,2,26,18,0.692308,14,14,0.846154,0.769231,0.03395392,0.03846154,0.56,0.05538462,0.099899,14
544329393737170944,1,3,0,0.0,0,0,1.0,0.666667,0.33333333,0.33333333,0.0,0.0,0.548526,3
544329431998038016,2,24,22,0.916667,19,19,0.833333,1.041667,0.03634499,0.04166667,0.82608696,0.07971014,0.061839,21
544329896529760256,13,52,39,0.75,5,5,0.557692,3.519231,0.01157641,0.01923077,0.09803922,0.02941176,0.053746,11
544329935943237632,5,103,50,0.485437,14,14,0.737864,1.019417,0.00758209,0.00970874,0.1372549,0.00951837,0.938005,30
544330052796559360,3,29,21,0.724138,15,15,0.827586,1.137931,0.02931709,0.03448276,0.53571429,0.05172414,0.04143,21
544330174351679489,2,26,6,0.230769,2,0,0.846154,0.307692,0.03360075,0.03846154,0.0,0.01846154,0.084249,19
544330542871633920,3,13,11,0.846154,9,9,0.846154,1.230769,0.06765775,0.07692308,0.75,0.14102564,0.055769,12
544330861680664576,3,24,16,0.666667,13,13,0.833333,1.083333,0.03555874,0.04166667,0.56521739,0.05797101,0.069444,18
544331022104395777,3,17,3,0.176471,1,0,0.823529,0.352941,0.04627675,0.05882353,0.0,0.02205882,0.124042,13
544331094523662337,0,10,0,0.0,0,0,1.0,0.0,0.1,0.1,0.0,0.0,0.0,8
544331918506872832,0,1,0,0.0,0,0,1.0,0.0,1.0,1.0,1.0,1.0,0.0,1
544332254068350978,0,14,0,0.0,0,0,1.0,0.0,0.07142857,0.07142857,0.0,0.0,0.871032,13
544332510440595456,1,7,6,0.857143,6,6,0.857143,0.857143,0.12738858,0.14285714,1.0,0.28571429,0.565476,7
544332519861022720,2,17,15,0.882353,14,14,0.882353,0.941176,0.0533288,0.05882353,0.875,0.11029412,0.092437,16
544332610097676288,2,13,11,0.846154,10,10,0.846154,0.923077,0.0676945,0.07692308,0.83333333,0.14102564,0.166667,13
544332613532811264,1,8,7,0.875,7,7,0.875,0.875,0.11299419,0.125,1.0,0.25,0.768914,8
544332847050670080,10,342,215,0.628655,15,15,0.616959,1.909357,0.001963,0.00292398,0.04398827,0.00368713,0.033552,55
544333020023754752,3,18,5,0.277778,2,0,0.777778,1.222222,0.04520287,0.05555556,0.0,0.03267974,0.648347,15
544333172180537344,2,16,1,0.0625,1,0,0.9375,1.0,0.05934721,0.0625,0.0,0.00833333,0.830203,16
544333236243947520,2,22,21,0.954545,18,18,0.863636,1.090909,0.04060043,0.04545455,0.85714286,0.09090909,0.041708,21
544333302178799617,0,10,0,0.0,0,0,1.0,0.0,0.1,0.1,0.0,0.0,0.087037,9
544333764814323713,3,24,8,0.333333,2,0,0.75,0.541667,0.03257487,0.04166667,0.0,0.02898551,0.866204,16
544334394912014336,5,39,21,0.538462,3,0,0.615385,1.948718,0.0181595,0.02564103,0.0,0.02834008,0.031136,17
544334431830286336,1,12,1,0.083333,1,0,0.916667,0.583333,0.077821,0.08333333,0.0,0.01515152,0.163889,8
544334477011349505,6,32,11,0.34375,2,0,0.6875,0.875,0.02160228,0.03125,0.0,0.02217742,0.853675,22
544334554631536640,8,35,30,0.857143,13,13,0.571429,2.428571,0.01667693,0.02857143,0.38235294,0.05042017,0.811662,18
544334612718055424,2,17,16,0.941176,13,13,0.764706,1.117647,0.04862226,0.05882353,0.8125,0.11764706,0.250153,17
544334623023452160,6,38,26,0.684211,10,10,0.631579,1.789474,0.01685823,0.02631579,0.27027027,0.03698435,0.064912,15
544334939374641152,4,15,3,0.2,1,0,0.8,1.266667,0.05099656,0.06666667,0.0,0.02857143,0.762906,12
544335202923737089,9,24,9,0.375,1,0,0.625,1.958333,0.02640643,0.04166667,0.0,0.0326087,0.030382,10
544336408144781313,0,7,0,0.0,0,0,1.0,0.0,0.14285714,0.14285714,0.0,0.0,0.0,7
544336432609775618,0,6,0,0.0,0,0,1.0,0.0,0.16666667,0.16666667,0.0,0.0,0.183333,6
544336537870434304,3,19,16,0.842105,13,13,0.789474,1.052632,0.04295377,0.05263158,0.72222222,0.09356725,0.853509,13
544336572141694976,1,13,12,0.923077,12,12,0.923077,0.923077,0.07220225,0.07692308,1.0,0.15384615,0.274212,12
544336585052160001,2,23,7,0.304348,5,0,0.869565,0.347826,0.03891884,0.04347826,0.0,0.02766798,0.140665,21
544336736948473856,7,67,54,0.80597,13,13,0.552239,2.164179,0.00980692,0.01492537,0.1969697,0.02442334,0.032177,26
544337283801829376,2,9,7,0.777778,5,5,0.666667,0.888889,0.08551038,0.11111111,0.625,0.19444444,0.0,6
544337383215226880,3,26,13,0.5,6,6,0.692308,0.846154,0.03037638,0.03846154,0.24,0.04,0.049828,15
544337689676636161,6,16,6,0.375,2,0,0.6875,1.5,0.04341865,0.0625,0.0,0.05,0.112126,10
544337761600557056,6,65,45,0.692308,10,10,0.615385,1.4,0.01022618,0.01538462,0.15625,0.02163462,0.031154,16
544337816298070017,4,22,13,0.590909,2,0,0.5,1.363636,0.02574135,0.04545455,0.0,0.05627706,0.085227,8
544338575240609792,2,20,18,0.9,17,17,0.9,0.95,0.04599289,0.05,0.89473684,0.09473684,0.871859,19
544338622078410752,0,1,0,0.0,0,0,1.0,0.0,1.0,1.0,1.0,1.0,1.0,1
544338622422335489,2,40,7,0.175,2,0,0.85,0.4,0.02182336,0.025,0.0,0.00897436,0.100901,22
544338676835041280,7,92,71,0.771739,12,12,0.532609,1.902174,0.00684743,0.01086957,0.13186813,0.0169613,0.012615,18
544338698750664704,3,16,11,0.6875,8,8,0.75,0.875,0.04660011,0.0625,0.53333333,0.09166667,0.361198,11
544338731210399744,2,19,4,0.210526,1,0,0.789474,1.105263,0.04464281,0.05263158,0.0,0.02339181,0.819716,19
544339368823894019,0,18,0,0.0,0,0,1.0,0.0,0.05555556,0.05555556,0.0,0.0,0.91358,14
544340091615715329,2,20,3,0.15,2,0,0.9,0.25,0.04459811,0.05,0.0,0.01578947,0.9375,18
544340578528272385,2,18,4,0.222222,1,0,0.777778,0.277778,0.04520287,0.05555556,0.0,0.02614379,0.046791,10
544340812448804864,11,71,52,0.732394,13,13,0.605634,3.014085,0.00917882,0.01408451,0.18571429,0.02092555,0.073247,22
544340943965409281,3,20,4,0.2,2,0,0.85,0.4,0.04296925,0.05,0.0,0.02105263,0.147619,16
544341124614459393,1,3,1,0.333333,1,0,0.666667,0.333333,0.25974019,0.33333333,0.0,0.33333333,0.494444,3
544341194822520832,4,39,24,0.615385,2,2,0.461538,1.205128,0.0152542,0.02564103,0.05263158,0.03238866,1.0,4
544341255174356992,1,7,3,0.428571,3,3,0.857143,0.428571,0.12738858,0.14285714,0.5,0.14285714,0.085714,4
544341369762742272,4,48,30,0.625,11,11,0.645833,1.0625,0.01428716,0.02083333,0.23404255,0.02659574,0.013889,17
544341406094213121,2,11,2,0.181818,1,0,0.818182,0.272727,0.07450167,0.09090909,0.0,0.03636364,0.803287,10
544342204576038912,8,34,32,0.941176,18,18,0.705882,2.911765,0.01996986,0.02941176,0.54545455,0.057041,0.881232,21
544342743003045888,2,8,6,0.75,5,5,0.75,0.875,0.10157943,0.125,0.71428571,0.21428571,0.409551,7
544343299138392065,1,18,1,0.055556,1,0,0.944444,0.111111,0.05305041,0.05555556,0.0,0.00653595,0.118783,17
544343367279456256,2,24,22,0.916667,17,17,0.791667,1.208333,0.03518651,0.04166667,0.73913043,0.07971014,0.87142,21
544343410849886209,1,23,6,0.26087,4,0,0.869565,0.26087,0.03913895,0.04347826,0.0,0.02371542,0.820732,21
544343625069379584,4,20,19,0.95,13,13,0.7,1.45,0.03741842,0.05,0.68421053,0.1,0.08331,17
544344684685189120,3,18,15,0.833333,9,9,0.611111,1.111111,0.03902637,0.05555556,0.52941176,0.09803922,0.181229,12
544345074960584704,1,2,1,0.5,1,1,0.5,0.5,0.35087736,0.5,1.0,1.0,0.0,2
544345465311879170,6,28,13,0.464286,4,0,0.678571,1.535714,0.02708974,0.03571429,0.0,0.03439153,0.166033,12
544345939054710785,1,20,5,0.25,5,0,0.95,0.25,0.04796164,0.05,0.0,0.02631579,0.170905,20
544346107900207105,3,23,8,0.347826,6,0,0.869565,0.652174,0.03774252,0.04347826,0.0,0.03162055,0.077366,15
544346261365600257,4,57,27,0.473684,3,0,0.649123,0.912281,0.01260868,0.01754386,0.0,0.01691729,0.056725,22
544346359948910592,5,28,21,0.75,15,15,0.821429,1.142857,0.02992388,0.03571429,0.55555556,0.05555556,1.0,22
544346361101963265,4,43,17,0.395349,6,0,0.767442,0.674419,0.01883289,0.02325581,0.0,0.01882614,0.0,27
544347292493705216,3,23,19,0.826087,14,14,0.73913,1.0,0.03310087,0.04347826,0.63636364,0.07509881,0.257466,17
544348392944463872,1,7,5,0.714286,5,5,0.857143,0.714286,0.12738858,0.14285714,0.83333333,0.23809524,0.142857,6
544348632980676608,7,43,34,0.790698,6,6,0.44186,2.348837,0.01368283,0.02325581,0.14285714,0.03765227,0.0,11
544348695076954114,0,10,0,0.0,0,0,1.0,0.0,0.1,0.1,0.0,0.0,0.28625,9
544349042952916993,4,55,28,0.509091,4,0,0.727273,1.218182,0.01432721,0.01818182,0.0,0.01885522,0.906566,16
544349773676179456,7,44,35,0.795455,19,19,0.681818,1.704545,0.01683066,0.02272727,0.44186047,0.03699789,0.027327,27
544350087020019712,2,15,13,0.866667,13,13,0.933333,1.0,0.06309152,0.06666667,0.92857143,0.12380952,0.158085,15
544350480780914688,4,22,19,0.863636,11,11,0.681818,1.409091,0.03377358,0.04545455,0.52380952,0.08225108,0.842208,16
544350565283532800,1,6,5,0.833333,5,5,0.833333,0.833333,0.14598557,0.16666667,1.0,0.33333333,0.836889,6
544350567183556608,1,3,2,0.666667,2,2,0.666667,0.666667,0.25974051,0.33333333,1.0,0.66666667,0.809524,3
544350712365207552,1,19,0,0.0,0,0,1.0,0.210526,0.05263158,0.05263158,0.0,0.0,0.911278,7
544350803125735424,1,16,15,0.9375,15,15,0.9375,0.9375,0.05934721,0.0625,1.0,0.125,0.070833,15
544350985142173697,0,13,0,0.0,0,0,1.0,0.0,0.07692308,0.07692308,0.0,0.0,0.874053,13
544351015936331777,4,10,5,0.5,1,0,0.5,1.1,0.05504256,0.1,0.0,0.11111111,0.5675,7
544351133120987136,3,12,3,0.25,2,0,0.833333,1.25,0.07111748,0.08333333,0.0,0.04545455,0.910714,10
544351179044425729,0,1,0,0.0,0,0,1.0,0.0,1.0,1.0,1.0,1.0,0.0,1
544351356824604673,0,4,0,0.0,0,0,1.0,0.0,0.25,0.25,0.0,0.0,0.699009,4
544351486956670976,4,9,8,0.888889,5,5,0.555556,1.555556,0.06742716,0.11111111,0.625,0.22222222,0.865283,7
544351832483450880,0,1,0,0.0,0,0,1.0,0.0,1.0,1.0,1.0,1.0,0.571429,1
544351885298130945,4,26,9,0.346154,2,0,0.692308,0.769231,0.02758627,0.03846154,0.0,0.02769231,0.868819,15
544351967829839873,0,4,0,0.0,0,0,1.0,0.0,0.25,0.25,0.0,0.0,0.9375,4
544351969658564608,1,2,1,0.5,1,1,0.5,0.5,0.35087736,0.5,1.0,1.0,0.934783,2
544352188210745344,1,3,0,0.0,0,0,1.0,0.666667,0.33333333,0.33333333,0.0,0.0,0.694444,3
544352649978843136,3,21,6,0.285714,2,0,0.857143,1.047619,0.04246286,0.04761905,0.0,0.02857143,0.191865,10
544352727971954690,1,9,1,0.111111,1,0,0.888889,0.111111,0.10152285,0.11111111,0.0,0.02777778,0.94665,8
544352874969698305,3,8,2,0.25,1,0,0.75,0.875,0.09594626,0.125,0.0,0.07142857,0.77,5
544353257175654400,6,124,79,0.637097,13,13,0.612903,1.58871,0.00541739,0.00806452,0.10569106,0.0103593,0.001344,20
544353303468199936,1,3,0,0.0,0,0,1.0,0.666667,0.33333333,0.33333333,0.0,0.0,0.633333,3
544353502689251329,1,12,2,0.166667,1,0,0.833333,0.166667,0.07299269,0.08333333,0.0,0.03030303,0.613081,10
544353552177455104,0,1,0,0.0,0,0,1.0,0.0,1.0,1.0,1.0,1.0,0.628571,1
544353600273518592,0,1,0,0.0,0,0,1.0,0.0,1.0,1.0,1.0,1.0,0.571429,1
544353793270243328,1,6,5,0.833333,5,5,0.833333,0.833333,0.14598557,0.16666667,1.0,0.33333333,0.984848,6
544353918315397121,2,19,4,0.210526,2,0,0.842105,0.263158,0.04489852,0.05263158,0.0,0.02339181,0.912887,18
544354175900196864,0,2,0,0.0,0,0,1.0,0.0,0.5,0.5,0.0,0.0,0.75,2
544354418938740736,3,27,8,0.296296,2,0,0.740741,1.037037,0.02907393,0.03703704,0.0,0.02279202,0.0,10
544354657385316352,3,20,3,0.15,1,0,0.85,1.2,0.04296925,0.05,0.0,0.01578947,0.922659,19
544354840042680320,3,22,16,0.727273,13,13,0.818182,1.136364,0.03813098,0.04545455,0.61904762,0.06926407,0.059848,17
544355197435142145,0,7,0,0.0,0,0,1.0,0.0,0.14285714,0.14285714,0.0,0.0,0.947619,7
544355218251452416,1,7,6,0.857143,6,6,0.857143,0.857143,0.12738858,0.14285714,1.0,0.28571429,0.810989,7
544355417900716032,2,12,11,0.916667,6,6,0.666667,1.333333,0.06344682,0.08333333,0.54545455,0.16666667,0.683599,11
544355845489065984,4,25,18,0.72,7,7,0.68,1.52,0.02886032,0.04,0.29166667,0.06,0.984,13
544355924224532481,0,3,0,0.0,0,0,1.0,0.0,0.33333333,0.33333333,0.0,0.0,0.861635,3
544355987608444929,2,39,16,0.410256,4,0,0.692308,0.589744,0.01946755,0.02564103,0.0,0.02159244,0.100458,31
544356122082410496,3,22,16,0.727273,12,12,0.772727,0.909091,0.03596293,0.04545455,0.57142857,0.06926407,0.941637,17
544356213837017089,0,11,0,0.0,0,0,1.0,0.0,0.09090909,0.09090909,0.0,0.0,0.126894,11
544356579098001408,1,3,2,0.666667,2,2,0.666667,0.666667,0.25974051,0.33333333,1.0,0.66666667,0.666667,3
544356724871036928,1,8,6,0.75,6,6,0.875,0.75,0.11299419,0.125,0.85714286,0.21428571,0.921926,8
544356997718900736,2,19,1,0.052632,1,0,0.947368,0.947368,0.05037784,0.05263158,0.0,0.00584795,0.924729,19
544357264333615104,3,6,5,0.833333,3,3,0.5,1.333333,0.10290129,0.16666667,0.6,0.33333333,0.0,4
544357487911395329,3,25,8,0.32,2,0,0.8,0.6,0.03241651,0.04,0.0,0.02666667,0.870333,20
544357563534680064,2,11,10,0.909091,9,9,0.818182,1.0,0.07824555,0.09090909,0.9,0.18181818,0.864147,11
544357899783655424,4,26,23,0.884615,14,14,0.730769,1.5,0.02883259,0.03846154,0.56,0.07076923,0.061218,17
544357935439417345,2,17,5,0.294118,1,0,0.705882,0.352941,0.04551145,0.05882353,0.0,0.03676471,0.0,11
544358533819420672,2,19,17,0.894737,17,17,0.947368,1.0,0.05037763,0.05263158,0.94444444,0.0994152,0.92324,9
544358564484378624,1,3,2,0.666667,2,2,0.666667,0.666667,0.25974051,0.33333333,1.0,0.66666667,0.736635,3
544358920869789696,2,17,11,0.647059,10,10,0.882353,0.705882,0.05327013,0.05882353,0.625,0.08088235,0.665775,12
544359422726664192,2,20,14,0.7,12,12,0.85,0.8,0.04434592,0.05,0.63157895,0.07368421,0.8825,15
544359578612559872,2,12,10,0.833333,9,9,0.833333,0.916667,0.0725675,0.08333333,0.81818182,0.15151515,0.850242,11
544359670480379905,0,5,0,0.0,0,0,1.0,0.0,0.2,0.2,0.0,0.0,0.1,5
544360342995099648,2,27,15,0.555556,10,10,0.777778,0.851852,0.03039997,0.03703704,0.38461538,0.04273504,0.045503,14
544360851646709760,2,19,17,0.894737,16,16,0.894737,0.947368,0.04820405,0.05263158,0.88888889,0.0994152,0.0,18
544360928603799552,2,22,4,0.181818,3,0,0.909091,0.863636,0.04219408,0.04545455,0.0,0.01731602,0.873232,20
544361266718846977,1,8,3,0.375,1,0,0.625,0.375,0.09478663,0.125,0.0,0.10714286,0.794792,8
544361776020586496,2,4,3,0.75,2,2,0.5,1.0,0.16498256,0.25,0.66666667,0.5,0.817208,4
544362279006113792,2,20,17,0.85,13,13,0.75,1.0,0.0409555,0.05,0.68421053,0.08947368,0.908909,17
544362543997665280,2,13,11,0.846154,9,9,0.769231,1.0,0.06365145,0.07692308,0.75,0.14102564,0.015385,11
544363222296297473,0,16,0,0.0,0,0,1.0,0.0,0.0625,0.0625,0.0,0.0,0.086806,16
544363391641341952,3,20,4,0.2,1,0,0.8,1.2,0.04145511,0.05,0.0,0.02105263,0.099868,19
544363471660277760,1,7,6,0.857143,6,6,0.857143,0.857143,0.12738858,0.14285714,1.0,0.28571429,0.0,7
544363757493702656,0,1,0,0.0,0,0,1.0,0.0,1.0,1.0,1.0,1.0,1.0,1
544364000897945600,2,13,10,0.769231,6,6,0.692308,0.923077,0.05923589,0.07692308,0.5,0.12820513,0.966154,8
544364507342979072,1,3,2,0.666667,2,2,0.666667,0.666667,0.25974051,0.33333333,1.0,0.66666667,0.166667,3
544365039663083521,1,19,1,0.052632,1,0,0.947368,0.052632,0.05037784,0.05263158,0.0,0.00584795,0.0,13
544365130138808321,0,8,0,0.0,0,0,1.0,0.0,0.125,0.125,0.0,0.0,0.0,8
544365585417527296,1,5,4,0.8,4,4,0.8,0.8,0.17094005,0.2,1.0,0.4,0.0,4
544366036498542592,5,25,22,0.88,13,13,0.72,1.6,0.03005161,0.04,0.54166667,0.07333333,0.82678,18
544366723067957249,2,24,6,0.25,2,0,0.791667,0.291667,0.03495128,0.04166667,0.0,0.02173913,0.1125,22
544366824997912576,3,16,15,0.9375,12,12,0.8125,1.1875,0.05263975,0.0625,0.8,0.125,0.689199,13
544366894107480064,3,40,31,0.775,11,11,0.7,1.1,0.01893539,0.025,0.28205128,0.03974359,0.966667,20
544366934154678272,1,4,3,0.75,3,3,0.75,0.75,0.20618575,0.25,1.0,0.5,0.791667,4
544367010894086145,0,1,0,0.0,0,0,1.0,0.0,1.0,1.0,1.0,1.0,1.0,1
544367253857525761,1,21,1,0.047619,1,0,0.952381,0.095238,0.0457666,0.04761905,0.0,0.0047619,0.82651,20
544367462012432384,2,13,12,0.923077,11,11,0.846154,1.0,0.0677246,0.07692308,0.91666667,0.15384615,0.899603,12
544367862211952641,1,10,1,0.1,1,0,0.9,0.1,0.09216586,0.1,0.0,0.02222222,0.173182,8
544368246271406080,3,19,17,0.894737,15,15,0.842105,1.052632,0.04471956,0.05263158,0.83333333,0.0994152,0.154348,16
544369229987078145,0,8,0,0.0,0,0,1.0,0.0,0.125,0.125,0.0,0.0,0.068182,8
544369501857263616,6,29,18,0.62069,5,5,0.586207,1.413793,0.0211936,0.03448276,0.17857143,0.04433498,0.068391,15
544369574842347520,3,20,19,0.95,15,15,0.75,1.2,0.03974891,0.05,0.78947368,0.1,0.0125,19
544369653015801856,2,19,18,0.947368,16,16,0.842105,1.052632,0.04621003,0.05263158,0.88888889,0.10526316,0.080702,19
544369667096477696,2,17,15,0.882353,13,13,0.823529,1.117647,0.0508617,0.05882353,0.8125,0.11029412,0.770197,16
544370072018378752,1,4,0,0.0,0,0,1.0,0.75,0.25,0.25,0.0,0.0,0.0,4
544370712639590400,1,6,5,0.833333,5,5,0.833333,0.833333,0.14598557,0.16666667,1.0,0.33333333,0.900794,6
544371668131393537,0,6,0,0.0,0,0,1.0,0.0,0.16666667,0.16666667,0.0,0.0,0.901515,6
544372177965834240,3,28,21,0.75,15,15,0.821429,1.0,0.03024655,0.03571429,0.55555556,0.05555556,0.903342,20
544372222400671744,3,8,2,0.25,1,0,0.75,1.25,0.09594626,0.125,0.0,0.07142857,0.751768,7
544372257674788864,1,8,7,0.875,7,7,0.875,0.875,0.11299419,0.125,1.0,0.25,0.820396,8
544372384690872321,0,2,0,0.0,0,0,1.0,0.0,0.5,0.5,0.0,0.0,0.0,2
544372465078505472,1,3,1,0.333333,1,1,0.666667,0.333333,0.25974019,0.33333333,0.5,0.33333333,0.933333,3
544372545219489792,2,7,6,0.857143,5,5,0.714286,1.0,0.11306466,0.14285714,0.83333333,0.28571429,0.957143,7
544372701285351424,2,21,19,0.904762,18,18,0.904762,1.047619,0.04397512,0.04761905,0.9,0.09047619,0.071202,19
544373504419069952,1,3,0,0.0,0,0,1.0,0.666667,0.33333333,0.33333333,0.0,0.0,0.864035,3
544373513407062016,1,6,5,0.833333,5,5,0.833333,0.833333,0.14598557,0.16666667,1.0,0.33333333,0.142857,6
544373515067998208,2,19,18,0.947368,17,17,0.894737,1.0,0.04821023,0.05263158,0.94444444,0.10526316,0.788166,18
544373593841623040,3,19,15,0.789474,12,12,0.789474,1.105263,0.04292943,0.05263158,0.66666667,0.0877193,0.777632,14
544373676842311681,1,21,3,0.142857,2,0,0.904762,0.142857,0.04405285,0.04761905,0.0,0.01428571,0.842049,20
544373694068686848,3,17,15,0.882353,11,11,0.705882,1.117647,0.04278124,0.05882353,0.6875,0.11029412,0.829412,15
544373839548145664,4,17,13,0.764706,11,11,0.882353,1.411765,0.05328877,0.05882353,0.6875,0.09558824,0.933504,15
544373945206460416,0,1,0,0.0,0,0,1.0,0.0,1.0,1.0,1.0,1.0,0.0,1
544374018661687296,6,17,16,0.941176,11,11,0.647059,1.823529,0.03500907,0.05882353,0.6875,0.11764706,0.843137,13
544374313848430592,3,10,7,0.7,5,5,0.7,1.1,0.07877415,0.1,0.55555556,0.15555556,0.796037,8
544374395540881408,2,13,10,0.769231,9,9,0.846154,0.923077,0.06802726,0.07692308,0.75,0.12820513,0.858205,10
544374422056882176,4,21,18,0.857143,15,15,0.809524,1.142857,0.03761812,0.04761905,0.75,0.08571429,0.961376,18
544374511194632192,1,10,8,0.8,8,8,0.9,0.8,0.09216586,0.1,0.88888889,0.17777778,0.861268,10
544374563539140608,2,15,13,0.866667,11,11,0.8,0.933333,0.05676767,0.06666667,0.78571429,0.12380952,0.86806,13
544374569016885248,2,10,4,0.4,4,4,0.9,0.6,0.09216586,0.1,0.44444444,0.08888889,0.0,6
544374871812472832,6,34,28,0.823529,7,7,0.529412,2.441176,0.01734113,0.02941176,0.21212121,0.04991087,0.959559,15
544375969687953410,1,16,3,0.1875,3,0,0.9375,0.1875,0.05934721,0.0625,0.0,0.025,0.068182,9
544376073685712896,3,14,11,0.785714,6,6,0.571429,1.071429,0.04699361,0.07142857,0.46153846,0.12087912,0.05,9
544376300417585152,1,7,0,0.0,0,0,1.0,0.857143,0.14285714,0.14285714,0.0,0.0,0.706441,7
544376469279875072,5,31,27,0.870968,18,18,0.774194,1.741935,0.02645997,0.03225806,0.6,0.05806452,0.11601,23
544376532161298432,2,19,18,0.947368,16,16,0.842105,1.052632,0.04621003,0.05263158,0.88888889,0.10526316,0.20251,16
544376732649013248,2,19,14,0.736842,13,13,0.894737,0.789474,0.04817981,0.05263158,0.72222222,0.08187135,0.732779,15
544377046030635008,2,10,9,0.9,7,7,0.7,1.1,0.07839188,0.1,0.77777778,0.2,0.796184,9
544377326122057728,2,20,16,0.8,9,9,0.65,1.0,0.0376619,0.05,0.47368421,0.08421053,0.075,11
544377463581581314,2,21,5,0.238095,4,0,0.904762,0.285714,0.04370507,0.04761905,0.0,0.02380952,0.889683,20
544377502563459072,2,18,17,0.944444,16,16,0.888889,1.0,0.05064538,0.05555556,0.94117647,0.11111111,0.837037,16
544377700677615616,1,17,16,0.941176,16,16,0.941176,0.941176,0.05602206,0.05882353,1.0,0.11764706,0.924668,15
544377870554898432,2,18,16,0.888889,15,15,0.888889,0.944444,0.05063764,0.05555556,0.88235294,0.10457516,0.835528,17
544378232624410624,3,21,14,0.666667,9,9,0.714286,0.952381,0.03685745,0.04761905,0.45,0.06666667,0.044444,16
544378468931076097,1,7,1,0.142857,1,0,0.857143,0.142857,0.12738858,0.14285714,0.0,0.04761905,0.800433,7
544378515378814977,1,22,2,0.090909,1,0,0.909091,0.181818,0.04219408,0.04545455,0.0,0.00865801,0.840152,19
544378769952505856,1,8,7,0.875,7,7,0.875,0.875,0.11299419,0.125,1.0,0.25,0.833333,7
544379143136497664,8,75,45,0.6,11,11,0.653333,1.48,0.00951485,0.01333333,0.14864865,0.01621622,0.037937,21
544379366474403840,1,15,14,0.933333,14,14,0.933333,0.933333,0.06309152,0.06666667,1.0,0.13333333,0.937333,14
544379489263042561,1,16,1,0.0625,1,0,0.9375,0.0625,0.05934721,0.0625,0.0,0.00833333,0.830318,16
544379738240720896,7,34,25,0.735294,13,13,0.676471,2.235294,0.02090336,0.02941176,0.39393939,0.04456328,0.985294,15
544379787246981122,0,12,0,0.0,0,0,1.0,0.0,0.08333333,0.08333333,0.0,0.0,0.145833,12
544380433014591488,3,28,21,0.75,13,13,0.75,1.321429,0.02817085,0.03571429,0.48148148,0.05555556,0.840916,16
544380441210277888,2,24,19,0.791667,17,17,0.875,0.916667,0.03760457,0.04166667,0.73913043,0.06884058,0.03125,17
544380742076088320,2,20,16,0.8,11,11,0.7,1.0,0.03843266,0.05,0.57894737,0.08421053,0.8775,16
544380899639689216,1,11,10,0.909091,10,10,0.909091,0.909091,0.08438842,0.09090909,1.0,0.18181818,0.841385,10
544380980677857280,4,11,10,0.909091,7,7,0.636364,1.454545,0.0597917,0.09090909,0.7,0.18181818,0.939394,9
544381029537312769,0,10,0,0.0,0,0,1.0,0.0,0.1,0.1,0.0,0.0,0.033333,9
544381144620216320,3,10,8,0.8,7,7,0.8,1.2,0.08472267,0.1,0.77777778,0.17777778,0.821667,10
544381485591982083,2,22,3,0.136364,1,0,0.863636,0.181818,0.03956875,0.04545455,0.0,0.01298701,0.862879,14
544381860214603776,2,18,17,0.944444,16,16,0.888889,1.0,0.05064538,0.05555556,0.94117647,0.11111111,0.871296,18
544382249178001408,1,17,16,0.941176,16,16,0.941176,0.941176,0.05602206,0.05882353,1.0,0.11764706,0.863328,17
544382740750024704,0,1,0,0.0,0,0,1.0,0.0,1.0,1.0,1.0,1.0,0.5,1
544382795099799553,0,20,0,0.0,0,0,1.0,0.0,0.05,0.05,0.0,0.0,0.0,20
544382892378714113,2,9,1,0.111111,1,0,0.888889,0.333333,0.10152285,0.11111111,0.0,0.02777778,0.944444,8
544383022876065792,5,30,25,0.833333,17,17,0.766667,1.566667,0.02648125,0.03333333,0.5862069,0.05747126,0.83754,21
544383230091464704,1,12,11,0.916667,11,11,0.916667,0.916667,0.07782115,0.08333333,1.0,0.16666667,0.920455,12
544383383095508992,1,20,18,0.9,17,17,0.9,0.9,0.04608293,0.05,0.89473684,0.09473684,0.907635,18
544383649131806722,1,19,0,0.0,0,0,1.0,0.052632,0.05263158,0.05263158,0.0,0.0,0.087719,17
544384041391517697,4,49,29,0.591837,3,0,0.612245,1.653061,0.0139861,0.02040816,0.0,0.02465986,0.957828,7
544384255825289216,1,6,5,0.833333,5,5,0.833333,0.833333,0.14598557,0.16666667,1.0,0.33333333,0.811594,6
544384349395628033,2,10,3,0.3,1,0,0.7,0.4,0.07534376,0.1,0.0,0.06666667,0.886667,8
544384394337611776,4,30,16,0.533333,7,7,0.7,1.266667,0.02606022,0.03333333,0.24137931,0.03678161,0.873333,17
544384467809230848,5,21,19,0.904762,16,16,0.809524,1.428571,0.03967307,0.04761905,0.8,0.09047619,0.066667,19
544384498947719169,0,7,0,0.0,0,0,1.0,0.0,0.14285714,0.14285714,0.0,0.0,0.928571,7
544384662765068288,3,35,22,0.628571,9,9,0.657143,0.942857,0.02078304,0.02857143,0.26470588,0.03697479,0.91366,16
544384680376532992,6,30,24,0.8,15,15,0.7,1.433333,0.02502833,0.03333333,0.51724138,0.05517241,0.033838,19
544384825332101120,3,23,9,0.391304,4,4,0.73913,0.521739,0.03429745,0.04347826,0.18181818,0.03557312,0.0,10
544384839906906113,1,20,1,0.05,1,0,0.95,0.05,0.04796164,0.05,0.0,0.00526316,0.0,17
544385086955589632,2,25,21,0.84,19,19,0.88,0.92,0.03619775,0.04,0.79166667,0.07,0.853626,21
544385535909715968,1,2,1,0.5,1,1,0.5,0.5,0.35087736,0.5,1.0,1.0,1.0,2
544385641975676929,3,29,11,0.37931,4,0,0.724138,0.586207,0.0266106,0.03448276,0.0,0.0270936,0.976144,23
544385829180035072,4,46,26,0.565217,9,9,0.826087,1.26087,0.01838037,0.02173913,0.2,0.02512077,0.940878,13
544386515171020801,5,22,10,0.454545,2,0,0.590909,1.090909,0.02769352,0.04545455,0.0,0.04329004,0.1,15
544387390752567297,6,58,28,0.482759,2,0,0.568966,1.0,0.01109955,0.01724138,0.0,0.0169389,0.052556,7
544387669766451200,1,10,9,0.9,9,9,0.9,0.9,0.09216586,0.1,1.0,0.2,0.239683,10
544387886611570688,5,21,20,0.952381,15,15,0.714286,1.47619,0.03309143,0.04761905,0.75,0.0952381,0.815152,16
544387967037763584,1,13,12,0.923077,12,12,0.923077,0.923077,0.07220225,0.07692308,1.0,0.15384615,0.654335,12
544388013141143552,4,23,9,0.391304,1,0,0.608696,1.434783,0.02876195,0.04347826,0.0,0.03557312,0.846014,13
544388092552294400,2,8,7,0.875,6,6,0.75,1.0,0.10182859,0.125,0.85714286,0.25,0.319684,8
544388259359387648,2,30,26,0.866667,19,19,0.866667,0.9,0.02990604,0.03333333,0.65517241,0.05977011,0.068011,21
544388329094270976,3,27,24,0.888889,18,18,0.814815,1.259259,0.03116538,0.03703704,0.69230769,0.06837607,1.0,21
544388658334146561,0,6,0,0.0,0,0,1.0,0.0,0.16666667,0.16666667,0.0,0.0,0.898148,6
544389259491172353,1,8,1,0.125,1,0,0.875,0.125,0.11299437,0.125,0.0,0.03571429,0.104167,6
544389493273276416,3,19,17,0.894737,12,12,0.736842,1.210526,0.04131502,0.05263158,0.66666667,0.0994152,0.13759,17
544389506569220096,2,20,19,0.95,13,13,0.85,1.25,0.04412839,0.05,0.68421053,0.1,0.074405,16
544389639046721537,3,33,9,0.272727,3,0,0.818182,0.545455,0.02490087,0.03030303,0.0,0.01704545,0.079966,24
544389770009276416,5,37,24,0.648649,11,11,0.648649,1.243243,0.0191044,0.02702703,0.30555556,0.03603604,0.012074,15
544389893120856064,4,39,26,0.666667,9,9,0.769231,1.384615,0.02030745,0.02564103,0.23684211,0.03508772,0.875726,13
544389911630340096,7,52,36,0.692308,5,5,0.538462,2.019231,0.01135732,0.01923077,0.09803922,0.02714932,0.144231,17
544389986809036800,1,19,18,0.947368,18,18,0.947368,0.947368,0.05037763,0.05263158,1.0,0.10526316,0.0,19
544390017930383360,1,6,5,0.833333,5,5,0.833333,0.833333,0.14598557,0.16666667,1.0,0.33333333,0.664394,6
544390130682068993,3,24,8,0.333333,2,0,0.708333,0.5,0.03055146,0.04166667,0.0,0.02898551,0.76088,18
544390550497947649,0,20,0,0.0,0,0,1.0,0.0,0.05,0.05,0.0,0.0,0.091071,20
544390718253699072,2,11,10,0.909091,9,9,0.818182,1.0,0.07824555,0.09090909,0.9,0.18181818,0.102273,11
544390903839088640,2,18,17,0.944444,12,12,0.722222,1.222222,0.04446254,0.05555556,0.70588235,0.11111111,0.877339,16
544391063742332928,0,1,0,0.0,0,0,1.0,0.0,1.0,1.0,1.0,1.0,0.571429,1
544391085150457856,1,14,13,0.928571,13,13,0.928571,0.928571,0.06734012,0.07142857,1.0,0.14285714,0.980296,14
544391176137089024,4,23,17,0.73913,14,14,0.826087,1.478261,0.03773118,0.04347826,0.63636364,0.06719368,0.726043,19
544391323214573568,6,22,20,0.909091,4,4,0.363636,2.545455,0.02305861,0.04545455,0.19047619,0.08658009,0.06971,8
544391412075069440,5,112,72,0.642857,16,16,0.669643,1.25,0.00654873,0.00892857,0.14414414,0.01158301,0.045982,38
544391471458451456,1,9,8,0.888889,8,8,0.888889,0.888889,0.10152277,0.11111111,1.0,0.22222222,0.124784,8
544391533240516608,1,5,4,0.8,4,4,0.8,0.8,0.17094005,0.2,1.0,0.4,0.474872,5
544391789789331456,1,11,9,0.818182,9,9,0.909091,0.818182,0.08438817,0.09090909,0.9,0.16363636,0.852208,10
544391790615605249,3,28,9,0.321429,3,0,0.785714,0.714286,0.02844213,0.03571429,0.0,0.02380952,0.176141,18
544391946513305600,0,1,0,0.0,0,0,1.0,0.0,1.0,1.0,1.0,1.0,0.571429,1
544392353717317632,4,23,17,0.73913,10,10,0.695652,1.086957,0.0327417,0.04347826,0.45454545,0.06719368,0.121014,16
544392718601183232,2,20,18,0.9,15,15,0.8,1.0,0.04255988,0.05,0.78947368,0.09473684,0.913904,19
544392801836728321,1,16,2,0.125,2,0,0.9375,0.125,0.05934721,0.0625,0.0,0.01666667,0.190814,14
544393165101613056,3,17,13,0.764706,7,7,0.588235,1.0,0.03982088,0.05882353,0.4375,0.09558824,0.0,9
544393504768925697,3,29,10,0.344828,2,0,0.724138,0.62069,0.02637602,0.03448276,0.0,0.02463054,0.029885,21
544393723099238400,2,21,18,0.857143,15,15,0.857143,1.095238,0.04228991,0.04761905,0.75,0.08571429,0.117143,21
544393766287970304,5,41,29,0.707317,7,7,0.658537,2.195122,0.01709049,0.02439024,0.175,0.03536585,0.027306,11
544393889113600000,4,24,18,0.75,12,12,0.708333,1.166667,0.02881722,0.04166667,0.52173913,0.06521739,0.173097,16
544394005182963712,3,29,23,0.793103,17,17,0.793103,1.068966,0.02889606,0.03448276,0.60714286,0.05665025,0.093853,20
544394858405060608,3,18,15,0.833333,12,12,0.777778,1.055556,0.04485492,0.05555556,0.70588235,0.09803922,0.074074,17
544395106426425345,2,18,3,0.166667,1,0,0.833333,0.222222,0.04700919,0.05555556,0.0,0.01960784,0.037037,8
544395562666037248,3,20,16,0.8,15,15,0.9,1.0,0.04608293,0.05,0.78947368,0.08421053,0.127211,18
544395613043818496,2,17,16,0.941176,14,14,0.882353,1.058824,0.0533288,0.05882353,0.875,0.11764706,0.044118,16
544395712130449408,3,17,13,0.764706,8,8,0.705882,1.235294,0.04342303,0.05882353,0.5,0.09558824,0.751716,14
544395804190855168,2,24,22,0.916667,18,18,0.833333,1.041667,0.03638975,0.04166667,0.7826087,0.07971014,0.060764,19
544396078125039617,1,15,1,0.066667,1,0,0.933333,0.133333,0.06309148,0.06666667,0.0,0.00952381,0.068025,15
544396260740845568,1,5,4,0.8,4,4,0.8,0.8,0.17094005,0.2,1.0,0.4,0.9,5
544396563116589056,1,8,7,0.875,7,7,0.875,0.875,0.11299419,0.125,1.0,0.25,0.916667,8
544396587192311808,2,6,5,0.833333,4,4,0.666667,1.0,0.12689364,0.16666667,0.8,0.33333333,0.139151,4
544396608704901120,1,13,12,0.923077,12,12,0.923077,0.923077,0.07220225,0.07692308,1.0,0.15384615,0.330286,13
544396816083468290,8,56,32,0.571429,7,0,0.642857,1.303571,0.01120098,0.01785714,0.0,0.02077922,0.05017,13
544397240601563137,0,3,0,0.0,0,0,1.0,0.0,0.33333333,0.33333333,0.0,0.0,0.0,3
544398512931086336,1,11,1,0.090909,1,0,0.909091,0.636364,0.08438817,0.09090909,0.0,0.01818182,0.0,10
544398776236904448,3,20,17,0.85,11,11,0.7,1.15,0.03893141,0.05,0.57894737,0.08947368,0.025,8
544399562866053120,7,133,92,0.691729,8,8,0.593985,2.097744,0.00475023,0.0075188,0.06060606,0.01048075,0.009398,16
544399649025433601,5,55,33,0.6,3,0,0.527273,1.272727,0.01119853,0.01818182,0.0,0.02222222,0.0,11
544399927045283840,5,32,24,0.75,13,4,0.78125,2.03125,0.02564898,0.03125,0.12903226,0.0483871,0.787746,23
544400775775289344,7,30,15,0.5,2,0,0.533333,2.433333,0.02057638,0.03333333,0.0,0.03448276,0.777778,14
544400801083686912,1,4,2,0.5,2,2,0.75,0.5,0.20618553,0.25,0.66666667,0.33333333,0.0,4
544400809182523392,5,60,33,0.55,10,10,0.65,1.15,0.01182664,0.01666667,0.16949153,0.01864407,0.014815,15
544400853298184194,1,10,0,0.0,0,0,1.0,0.1,0.1,0.1,0.0,0.0,0.897692,8
544401029211496449,0,9,0,0.0,0,0,1.0,0.0,0.11111111,0.11111111,0.0,0.0,0.084175,8
544401106617786370,11,148,89,0.601351,14,0,0.641892,2.385135,0.00448518,0.00675676,0.0,0.00818165,0.047255,45
544401367540834304,1,15,14,0.933333,14,14,0.933333,0.933333,0.06309152,0.06666667,1.0,0.13333333,0.05,15
544401374675341312,1,13,12,0.923077,12,12,0.923077,0.923077,0.07220225,0.07692308,1.0,0.15384615,0.065934,12
544401468875616257,0,1,0,0.0,0,0,1.0,0.0,1.0,1.0,1.0,1.0,0.269231,1
544401573968097280,2,10,7,0.7,5,5,0.7,0.9,0.07788767,0.1,0.55555556,0.15555556,0.128889,8
544401577113845760,0,1,0,0.0,0,0,1.0,0.0,1.0,1.0,1.0,1.0,0.0,1
544401599414943744,2,13,0,0.0,0,0,1.0,1.0,0.07692308,0.07692308,0.0,0.0,0.832821,13
544401675789033473,2,15,3,0.2,2,0,0.866667,0.4,0.05988025,0.06666667,0.0,0.02857143,0.660466,13
544402012570284032,3,10,8,0.8,6,6,0.7,1.3,0.0740999,0.1,0.66666667,0.17777778,0.05,8
544402024524038144,1,6,0,0.0,0,0,1.0,0.833333,0.16666667,0.16666667,0.0,0.0,0.0,6
544402515085623296,2,20,19,0.95,18,18,0.9,1.0,0.04599789,0.05,0.94736842,0.1,0.025,20
544402785966772224,1,5,4,0.8,4,4,0.8,0.8,0.17094005,0.2,1.0,0.4,0.874286,5
544403112656527360,3,32,22,0.6875,13,13,0.8125,1.03125,0.02659853,0.03125,0.41935484,0.04435484,0.03125,17
544403526773125120,1,3,2,0.666667,2,2,0.666667,0.666667,0.25974051,0.33333333,1.0,0.66666667,0.0,3
544403564077260800,1,15,14,0.933333,14,14,0.933333,0.933333,0.06309152,0.06666667,1.0,0.13333333,0.10628,14
544403765575839744,2,21,2,0.095238,1,0,0.904762,1.047619,0.04405285,0.04761905,0.0,0.00952381,0.075974,21
544403913076924417,1,10,1,0.1,1,0,0.9,0.1,0.09216586,0.1,0.0,0.02222222,0.902809,10
544404072179060736,2,13,1,0.076923,1,0,0.923077,1.0,0.07220216,0.07692308,0.0,0.01282051,0.171511,13
544404673357021184,2,21,20,0.952381,18,18,0.857143,1.047619,0.04231858,0.04761905,0.9,0.0952381,0.109189,20
544404937380093952,2,20,1,0.05,1,0,0.95,1.0,0.04796164,0.05,0.0,0.00526316,0.125866,20
544405761925738496,5,27,22,0.814815,8,8,0.555556,1.814815,0.02314922,0.03703704,0.30769231,0.06267806,0.013459,13
544405871703240704,1,9,8,0.888889,8,8,0.888889,0.888889,0.10152277,0.11111111,1.0,0.22222222,0.9,9
544406212461473792,7,35,31,0.885714,12,12,0.485714,2.142857,0.01526305,0.02857143,0.35294118,0.05210084,0.0,16
544406288231174144,3,20,3,0.15,1,0,0.85,1.1,0.04296925,0.05,0.0,0.01578947,0.045139,18
544406665223999488,1,11,10,0.909091,10,10,0.909091,0.909091,0.08438842,0.09090909,1.0,0.18181818,0.196832,10
544406832073416704,4,32,23,0.71875,11,11,0.6875,1.53125,0.02362564,0.03125,0.35483871,0.04637097,0.113944,17
544406902990323712,6,20,17,0.85,8,8,0.65,1.9,0.03317376,0.05,0.42105263,0.08947368,0.149301,10
544406931897479168,4,21,17,0.809524,9,9,0.619048,1.333333,0.0322404,0.04761905,0.45,0.08095238,0.071958,13
544407139205132288,2,14,12,0.857143,6,6,0.714286,1.142857,0.05668667,0.07142857,0.46153846,0.13186813,0.877579,12
544407157077467136,1,19,0,0.0,0,0,1.0,0.947368,0.05263158,0.05263158,0.0,0.0,0.882775,19
544407300329709568,2,22,19,0.863636,14,14,0.818182,1.090909,0.03913155,0.04545455,0.66666667,0.08225108,0.756336,20
544407393451646976,7,106,70,0.660377,13,13,0.603774,1.650943,0.00627958,0.00943396,0.12380952,0.01257862,0.01022,33
544408293192368128,3,22,21,0.954545,19,19,0.863636,1.090909,0.03945889,0.04545455,0.9047619,0.09090909,0.009091,18
544408496918499329,1,20,2,0.1,2,0,0.95,0.15,0.04796164,0.05,0.0,0.01052632,0.949667,19
544408991649251329,7,37,17,0.459459,2,0,0.621622,1.378378,0.01620083,0.02702703,0.0,0.02552553,0.058559,22
544409400941625344,2,12,1,0.083333,1,0,0.916667,1.0,0.077821,0.08333333,0.0,0.01515152,0.007576,11
544409432600223744,1,4,0,0.0,0,0,1.0,0.75,0.25,0.25,0.0,0.0,0.833333,4
544409517224898560,3,21,19,0.904762,14,14,0.809524,1.190476,0.03957333,0.04761905,0.7,0.09047619,0.80362,19
544409519380758528,2,15,12,0.8,11,11,0.866667,0.866667,0.05964566,0.06666667,0.78571429,0.11428571,0.780726,13
544409532324413440,2,20,19,0.95,18,18,0.9,1.0,0.04599789,0.05,0.94736842,0.1,0.0,20
544409869990633473,2,24,5,0.208333,3,0,0.875,0.25,0.03732617,0.04166667,0.0,0.01811594,0.067225,19
544410050572582912,2,22,20,0.909091,19,19,0.909091,0.954545,0.04212651,0.04545455,0.9047619,0.08658009,0.0,21
544410079043551232,2,13,12,0.923077,11,11,0.846154,1.0,0.0677246,0.07692308,0.91666667,0.15384615,0.171025,13
544410576894427136,5,20,8,0.4,3,0,0.7,1.7,0.03704995,0.05,0.0,0.04210526,0.935,12
544410806167678976,4,31,19,0.612903,9,9,0.677419,1.064516,0.02325356,0.03225806,0.3,0.04086022,0.02277,16
544410895602839552,1,4,0,0.0,0,0,1.0,0.5,0.25,0.25,0.0,0.0,0.083333,4
544410900854091776,3,36,25,0.694444,14,14,0.805556,1.305556,0.02334965,0.02777778,0.4,0.03968254,0.05303,18
544410907204259840,3,9,8,0.888889,5,5,0.555556,1.333333,0.07388628,0.11111111,0.625,0.22222222,0.0,7
544411097797644288,2,19,17,0.894737,16,16,0.894737,0.947368,0.04820405,0.05263158,0.88888889,0.0994152,0.859023,17
544411313779126272,3,37,20,0.540541,11,11,0.756757,0.783784,0.02105389,0.02702703,0.30555556,0.03003003,0.903904,23
544411561205301248,3,10,7,0.7,4,4,0.6,1.2,0.07363407,0.1,0.44444444,0.15555556,0.028571,7
544411585070911488,0,1,0,0.0,0,0,1.0,0.0,1.0,1.0,1.0,1.0,1.0,1
544411992279093248,5,54,40,0.740741,9,9,0.666667,2.018519,0.01351391,0.01851852,0.16981132,0.02795248,0.009259,16
544412083714928640,4,27,24,0.888889,11,11,0.666667,1.666667,0.02733817,0.03703704,0.42307692,0.06837607,0.049383,19
544412767240085504,14,41,35,0.853659,12,12,0.560976,5.0,0.01250907,0.02439024,0.3,0.04268293,0.183031,15
544413195884974080,0,1,0,0.0,0,0,1.0,0.0,1.0,1.0,1.0,1.0,0.0,1
544414028752121856,0,1,0,0.0,0,0,1.0,0.0,1.0,1.0,1.0,1.0,0.0,1
544414430025371649,2,26,2,0.076923,1,0,0.923077,0.307692,0.03610108,0.03846154,0.0,0.00615385,0.07515,20
544414634308939776,1,4,3,0.75,3,3,0.75,0.75,0.20618575,0.25,1.0,0.5,0.0,3
544414686935285760,3,17,14,0.823529,10,10,0.823529,1.235294,0.04900483,0.05882353,0.625,0.10294118,0.047059,12
544415105358643200,3,28,26,0.928571,19,19,0.785714,1.214286,0.02984746,0.03571429,0.7037037,0.06878307,0.041667,26
544415156659175424,2,13,9,0.692308,5,5,0.846154,1.076923,0.06802726,0.07692308,0.41666667,0.11538462,0.0,7
544415318345396224,0,1,0,0.0,0,0,1.0,0.0,1.0,1.0,1.0,1.0,0.0,1
544415425140776961,0,18,0,0.0,0,0,1.0,0.0,0.05555556,0.05555556,0.0,0.0,0.0,18
544415616753745920,3,11,9,0.818182,6,6,0.636364,1.454545,0.06516664,0.09090909,0.6,0.16363636,0.045455,7
544415816851021824,3,8,7,0.875,5,5,0.625,1.25,0.0866565,0.125,0.71428571,0.25,0.09375,6
544416309266898944,2,17,2,0.117647,2,0,0.941176,1.058824,0.05602243,0.05882353,0.0,0.01470588,0.0,16
544416436374892544,6,20,12,0.6,2,0,0.5,1.55,0.02778373,0.05,0.0,0.06315789,0.0,2
544416582256967680,2,6,5,0.833333,4,4,0.666667,1.0,0.12689364,0.16666667,0.8,0.33333333,0.129167,5
544416818711252992,4,32,19,0.59375,8,8,0.71875,1.21875,0.02395089,0.03125,0.25806452,0.03830645,0.064002,13
544416937178976256,1,4,3,0.75,3,3,0.75,0.75,0.20618575,0.25,1.0,0.5,0.125,4
544416939867529216,4,42,28,0.666667,9,9,0.52381,1.214286,0.01445413,0.02380952,0.2195122,0.03252033,0.055556,16
544417650680823808,1,5,4,0.8,4,4,0.8,0.8,0.17094005,0.2,1.0,0.4,0.0,5
544417680284192768,4,48,33,0.6875,13,13,0.604167,1.208333,0.01450016,0.02083333,0.27659574,0.02925532,0.0,24
544418204508893184,1,11,8,0.727273,8,8,0.909091,0.727273,0.08438817,0.09090909,0.8,0.14545455,0.113741,8
544419008615702528,1,11,9,0.818182,9,9,0.909091,0.818182,0.08438817,0.09090909,0.9,0.16363636,0.045455,10
544419029905985536,1,4,0,0.0,0,0,1.0,0.75,0.25,0.25,0.0,0.0,0.0,4
544419162001383424,1,2,1,0.5,1,1,0.5,0.5,0.35087736,0.5,1.0,1.0,0.0,2
544419416578850818,3,27,9,0.333333,3,0,0.814815,0.62963,0.03030116,0.03703704,0.0,0.02564103,0.054938,19
544419497667751937,4,36,23,0.638889,17,0,0.833333,0.861111,0.02314721,0.02777778,0.0,0.03650794,0.182167,28
544419788739461121,5,30,13,0.433333,2,0,0.6,0.966667,0.02058152,0.03333333,0.0,0.02988506,0.022222,12
544420067774316544,2,20,4,0.2,3,0,0.9,1.15,0.04608293,0.05,0.0,0.02105263,0.033824,15
544420349052342272,6,25,19,0.76,9,9,0.64,1.8,0.02844422,0.04,0.375,0.06333333,0.030909,16
544420375224791040,3,21,13,0.619048,11,11,0.857143,0.761905,0.04099367,0.04761905,0.55,0.06190476,0.02381,17
544420376424353792,3,21,19,0.904762,16,16,0.809524,1.047619,0.03967307,0.04761905,0.8,0.09047619,0.123932,17
544420432099545089,1,4,1,0.25,1,0,0.75,0.25,0.20618553,0.25,0.0,0.16666667,0.083333,4
544420963429797889,0,2,0,0.0,0,0,1.0,0.0,0.5,0.5,0.0,0.0,0.25,2
544421207115051008,1,21,18,0.857143,18,18,0.952381,0.857143,0.04576647,0.04761905,0.9,0.08571429,0.128776,20
544421245698056194,1,10,1,0.1,1,0,0.9,0.2,0.09216586,0.1,0.0,0.02222222,0.059091,10
544421653128556544,1,15,0,0.0,0,0,1.0,0.8,0.06666667,0.06666667,0.0,0.0,0.092799,14
544422134127525888,6,29,27,0.931034,8,8,0.517241,1.965517,0.02087407,0.03448276,0.28571429,0.06650246,0.182184,21
544422678119981056,1,5,4,0.8,4,4,0.8,0.8,0.17094005,0.2,1.0,0.4,0.85,5
544423787949600768,3,21,18,0.857143,11,11,0.809524,1.190476,0.04061505,0.04761905,0.55,0.08571429,0.084249,17
544423869981802496,2,7,5,0.714286,3,2,0.714286,1.142857,0.1103601,0.14285714,0.33333333,0.23809524,0.071429,5
544424261163569152,4,47,16,0.340426,2,0,0.702128,1.021277,0.01584125,0.0212766,0.0,0.01480111,0.046809,21
544424408027115520,0,1,0,0.0,0,0,1.0,0.0,1.0,1.0,1.0,1.0,0.571429,1
544424775939293184,2,10,9,0.9,8,8,0.8,1.0,0.08481539,0.1,0.88888889,0.2,0.875,10
544425457471725568,6,46,29,0.630435,13,13,0.695652,1.26087,0.01641998,0.02173913,0.28888889,0.02801932,0.045865,22
544425492971941888,10,60,36,0.6,4,4,0.633333,2.516667,0.01105095,0.01666667,0.06779661,0.02033898,0.030522,24
544425494763302913,0,9,0,0.0,0,0,1.0,0.0,0.11111111,0.11111111,0.0,0.0,0.111111,9
544425928290750464,1,14,13,0.928571,13,13,0.928571,0.928571,0.06734012,0.07142857,1.0,0.14285714,0.76994,11
544426163964096513,0,3,0,0.0,0,0,1.0,0.0,0.33333333,0.33333333,0.0,0.0,0.0,3
544426421331169280,1,20,19,0.95,19,19,0.95,0.95,0.04796147,0.05,1.0,0.1,0.0,7
544426670095368192,3,16,11,0.6875,6,6,0.625,0.9375,0.04187316,0.0625,0.4,0.09166667,0.0,8
544427042616254465,3,16,3,0.1875,1,0,0.8125,0.375,0.04852212,0.0625,0.0,0.025,0.07618,13
544427133398175744,3,17,5,0.294118,2,0,0.823529,1.352941,0.04932788,0.05882353,0.0,0.03676471,0.029412,15
544427216516698113,0,19,0,0.0,0,0,1.0,0.0,0.05263158,0.05263158,0.0,0.0,0.0,19
544427255439425536,1,8,0,0.0,0,0,1.0,0.75,0.125,0.125,0.0,0.0,0.0,8
544427333969805312,4,24,21,0.875,14,14,0.75,1.458333,0.03185215,0.04166667,0.60869565,0.07608696,0.059829,22
544427461136502784,5,26,19,0.730769,9,9,0.615385,1.730769,0.02483419,0.03846154,0.36,0.05846154,0.025641,14
544427543336464384,2,23,17,0.73913,16,16,0.913043,0.782609,0.04041194,0.04347826,0.72727273,0.06719368,0.119565,18
544427753785659393,1,12,1,0.083333,1,0,0.916667,0.083333,0.077821,0.08333333,0.0,0.01515152,0.0,9
544427938372792321,0,4,0,0.0,0,0,1.0,0.0,0.25,0.25,0.0,0.0,0.1875,4
544428008258297856,0,1,0,0.0,0,0,1.0,0.0,1.0,1.0,1.0,1.0,0.0,1
544428082749132800,1,5,4,0.8,4,4,0.8,0.8,0.17094005,0.2,1.0,0.4,0.0,5
544428261602623488,5,57,36,0.631579,8,8,0.578947,1.403509,0.01105375,0.01754386,0.14285714,0.02255639,0.0,15
544428421745741824,2,19,16,0.842105,15,15,0.894737,0.894737,0.04819704,0.05263158,0.83333333,0.09356725,0.829825,19
544428943080951808,4,27,23,0.851852,9,9,0.814815,1.62963,0.03042793,0.03703704,0.34615385,0.06552707,0.019943,14
544429185255481344,0,1,0,0.0,0,0,1.0,0.0,1.0,1.0,1.0,1.0,0.0,1
544429350376861696,1,5,4,0.8,4,4,0.8,0.8,0.17094005,0.2,1.0,0.4,0.0,4
544429467968339970,1,9,1,0.111111,1,0,0.888889,0.111111,0.10152285,0.11111111,0.0,0.02777778,0.0,8
544429514525507585,0,16,0,0.0,0,0,1.0,0.0,0.0625,0.0625,0.0,0.0,0.296044,14
544429942323167233,2,16,2,0.125,1,0,0.875,0.1875,0.05428147,0.0625,0.0,0.01666667,0.052083,12
544430771688439808,7,174,122,0.701149,9,8,0.545977,2.545977,0.00358835,0.00574713,0.04624277,0.00810577,0.924433,38
544430900235075584,4,15,13,0.866667,5,5,0.6,1.6,0.04438355,0.06666667,0.35714286,0.12380952,0.108333,9
544430910511140865,0,1,0,0.0,0,0,1.0,0.0,1.0,1.0,1.0,1.0,0.571429,1
544431559320014848,10,65,51,0.784615,15,15,0.630769,2.153846,0.01007009,0.01538462,0.234375,0.02451923,0.011538,33
544432190281359360,2,13,12,0.923077,11,11,0.846154,1.0,0.0677246,0.07692308,0.91666667,0.15384615,0.076923,13
544432661419155456,4,44,31,0.704545,12,12,0.681818,1.25,0.01645922,0.02272727,0.27906977,0.03276956,0.031197,16
544432946841538560,4,26,19,0.730769,9,9,0.653846,1.269231,0.02912706,0.03846154,0.36,0.05846154,0.153114,13
544433367765110784,0,1,0,0.0,0,0,1.0,0.0,1.0,1.0,1.0,1.0,0.0,1
544433739539812353,1,15,1,0.066667,1,0,0.933333,0.133333,0.06309148,0.06666667,0.0,0.00952381,0.731746,14
544434192478519297,0,7,0,0.0,0,0,1.0,0.0,0.14285714,0.14285714,0.0,0.0,0.112903,7
544434195469045761,2,21,3,0.142857,1,0,0.857143,0.238095,0.04119895,0.04761905,0.0,0.01428571,0.14293,19
544434450918932480,8,46,26,0.565217,7,7,0.652174,2.108696,0.01484767,0.02173913,0.15555556,0.02512077,0.01087,8
544434475807936512,4,10,8,0.8,5,5,0.7,1.6,0.076236,0.1,0.55555556,0.17777778,0.0,7
544434964985421824,1,4,3,0.75,3,3,0.75,0.75,0.20618575,0.25,1.0,0.5,0.0,4
544435023282470912,1,9,6,0.666667,6,6,0.888889,0.666667,0.10152277,0.11111111,0.75,0.16666667,0.0,7
544435030127161344,7,21,10,0.47619,2,0,0.571429,1.714286,0.02560824,0.04761905,0.0,0.04761905,0.0,6
544435176479027200,3,10,8,0.8,6,6,0.7,1.1,0.0740999,0.1,0.66666667,0.17777778,0.0,9
544435685864660992,9,38,25,0.657895,8,8,0.578947,2.552632,0.01554533,0.02631579,0.21621622,0.03556188,0.087719,13
544435708299972608,1,11,10,0.909091,10,10,0.909091,0.909091,0.08438842,0.09090909,1.0,0.18181818,0.045455,10
544435863946416129,2,9,2,0.222222,1,0,0.777778,0.333333,0.08754628,0.11111111,0.0,0.05555556,0.0,7
544436172999495680,1,6,5,0.833333,5,5,0.833333,0.833333,0.14598557,0.16666667,1.0,0.33333333,0.0,6
544436279442546688,1,3,2,0.666667,2,2,0.666667,0.666667,0.25974051,0.33333333,1.0,0.66666667,0.25,3
544436330856329216,1,8,7,0.875,7,7,0.875,0.875,0.11299419,0.125,1.0,0.25,0.0625,7
544436666661085184,1,5,4,0.8,4,4,0.8,0.8,0.17094005,0.2,1.0,0.4,0.279091,4
544436750097973250,0,2,0,0.0,0,0,1.0,0.0,0.5,0.5,0.0,0.0,0.0,2
544437117963616256,2,18,17,0.944444,15,15,0.833333,1.055556,0.04843472,0.05555556,0.88235294,0.11111111,0.046186,17
544437156505067520,1,5,4,0.8,4,4,0.8,0.8,0.17094005,0.2,1.0,0.4,0.1,5
544437375003131904,3,24,16,0.666667,13,13,0.833333,1.0,0.03394542,0.04166667,0.56521739,0.05797101,0.054398,16
544437798426509312,1,3,1,0.333333,1,1,0.666667,0.333333,0.25974019,0.33333333,0.5,0.33333333,0.0,2
544438309267578880,3,20,17,0.85,13,13,0.75,1.2,0.0397039,0.05,0.68421053,0.08947368,0.0,15
544438499642847232,4,21,19,0.904762,13,13,0.809524,1.52381,0.03971016,0.04761905,0.65,0.09047619,0.092098,19
544438653410639872,2,13,10,0.769231,8,8,0.769231,0.846154,0.06145338,0.07692308,0.66666667,0.12820513,0.0,11
544439077756755969,0,1,0,0.0,0,0,1.0,0.0,1.0,1.0,1.0,1.0,0.0,1
544439380329644032,2,23,14,0.608696,9,9,0.73913,0.695652,0.03459869,0.04347826,0.40909091,0.05533597,0.076551,16
544439521236893696,2,18,15,0.833333,14,14,0.888889,0.888889,0.0506288,0.05555556,0.82352941,0.09803922,0.064815,16
544439832466817024,6,30,20,0.666667,6,6,0.7,1.366667,0.0254338,0.03333333,0.20689655,0.04597701,0.016667,15
544440498594017280,1,20,19,0.95,19,19,0.95,0.95,0.04796147,0.05,1.0,0.1,0.0,18
544440724192628736,2,24,5,0.208333,1,0,0.791667,0.833333,0.03451548,0.04166667,0.0,0.01811594,0.066959,15
544440749387808768,2,13,10,0.769231,9,9,0.846154,1.0,0.06765775,0.07692308,0.75,0.12820513,0.0,10
544441034948636672,2,15,14,0.933333,13,13,0.866667,1.0,0.05968174,0.06666667,0.92857143,0.13333333,0.0,14
544442068639416320,1,8,7,0.875,7,7,0.875,0.875,0.11299419,0.125,1.0,0.25,0.205556,6
544442206832963584,2,9,7,0.777778,6,6,0.777778,1.111111,0.09241783,0.11111111,0.75,0.19444444,0.0,6
544442448965947392,2,11,10,0.909091,9,9,0.818182,1.0,0.07824555,0.09090909,0.9,0.18181818,0.20303,9
544442676410867712,3,25,22,0.88,11,11,0.76,1.44,0.03210518,0.04,0.45833333,0.07333333,0.209347,14
544443027570556928,2,7,6,0.857143,5,5,0.714286,1.0,0.11306466,0.14285714,0.83333333,0.28571429,0.873016,6
544443154964152320,5,31,25,0.806452,8,8,0.483871,1.709677,0.01866997,0.03225806,0.26666667,0.05376344,0.043011,13
544443259804598272,1,19,17,0.894737,17,17,0.947368,0.894737,0.05037763,0.05263158,0.94444444,0.0994152,0.141933,19
544443266926931968,1,4,3,0.75,3,3,0.75,0.75,0.20618575,0.25,1.0,0.5,0.35,4
544443377643954176,1,5,4,0.8,4,4,0.8,0.8,0.17094005,0.2,1.0,0.4,0.22,5
544443739800731648,2,22,17,0.772727,16,16,0.909091,1.090909,0.04211385,0.04545455,0.76190476,0.07359307,0.969697,17
544443959662358528,2,12,11,0.916667,10,10,0.833333,1.0,0.07260977,0.08333333,0.90909091,0.16666667,0.204563,12
544444021066563584,3,25,23,0.92,17,17,0.8,1.12,0.03314707,0.04,0.70833333,0.07666667,0.029333,20
544444148234076160,1,9,7,0.777778,7,7,0.888889,0.777778,0.10152277,0.11111111,0.875,0.19444444,0.055556,7
544444189078208512,2,5,3,0.6,3,3,0.8,1.0,0.17094005,0.2,0.75,0.3,0.0,4
544444261027299328,4,38,32,0.842105,18,18,0.684211,1.526316,0.01864373,0.02631579,0.48648649,0.0455192,0.04496,21
544444409769512960,1,5,4,0.8,4,4,0.8,0.8,0.17094005,0.2,1.0,0.4,0.0,5
544444539092488192,10,37,30,0.810811,13,13,0.567568,2.756757,0.01594751,0.02702703,0.36111111,0.04504505,0.014033,19
544444661859749890,0,13,0,0.0,0,0,1.0,0.0,0.07692308,0.07692308,0.0,0.0,0.064103,12
544445364322197504,8,111,81,0.72973,7,7,0.567568,2.369369,0.00572993,0.00900901,0.06363636,0.01326781,0.884604,19
544445607717261314,3,18,4,0.222222,2,0,0.833333,0.5,0.04422994,0.05555556,0.0,0.02614379,0.031481,14
544446269968908289,5,29,14,0.482759,2,0,0.586207,1.551724,0.02338732,0.03448276,0.0,0.03448276,0.045409,12
544446282559799296,1,4,2,0.5,2,2,0.75,0.5,0.20618553,0.25,0.66666667,0.33333333,1.0,3
544446667312091136,8,38,18,0.473684,3,0,0.684211,2.894737,0.01827675,0.02631579,0.0,0.02560455,0.025,12
544446828654366720,2,21,19,0.904762,17,17,0.857143,0.952381,0.04238629,0.04761905,0.85,0.09047619,0.827579,18
544446973667860480,2,22,16,0.727273,15,15,0.909091,0.863636,0.04219408,0.04545455,0.71428571,0.06926407,0.065869,16
544447054034919424,2,23,17,0.73913,14,14,0.826087,0.782609,0.03686978,0.04347826,0.63636364,0.06719368,0.061594,18
544447757860483072,3,21,20,0.952381,17,17,0.809524,1.142857,0.03961402,0.04761905,0.85,0.0952381,0.078699,19
544447768354639872,1,5,4,0.8,4,4,0.8,0.8,0.17094005,0.2,1.0,0.4,0.066667,5
544448652886818816,2,12,11,0.916667,10,10,0.833333,1.0,0.07260977,0.08333333,0.90909091,0.16666667,0.083333,12
544448991518130176,7,50,35,0.7,7,7,0.64,1.64,0.01339662,0.02,0.14285714,0.02857143,0.016296,11
544449039433883650,1,8,1,0.125,1,0,0.875,0.125,0.11299437,0.125,0.0,0.03571429,0.03123,6
544449562552045568,5,48,27,0.5625,11,11,0.708333,1.458333,0.01583576,0.02083333,0.23404255,0.02393617,0.019097,21
544449632131375104,1,19,18,0.947368,18,18,0.947368,0.947368,0.05037763,0.05263158,1.0,0.10526316,0.00188,19
544450135988899840,1,12,11,0.916667,11,11,0.916667,0.916667,0.07782115,0.08333333,1.0,0.16666667,0.265306,12
544450560460480512,1,16,15,0.9375,15,15,0.9375,0.9375,0.05934721,0.0625,1.0,0.125,0.0,14
544450580367024128,2,20,19,0.95,18,18,0.9,1.0,0.04599789,0.05,0.94736842,0.1,0.0,18
544450710926934017,0,9,0,0.0,0,0,1.0,0.0,0.11111111,0.11111111,0.0,0.0,0.0,7
544451041396531200,4,27,20,0.740741,10,10,0.62963,1.222222,0.02570632,0.03703704,0.38461538,0.05698006,0.048148,16
544451052679204864,3,29,22,0.758621,14,14,0.793103,0.965517,0.0285963,0.03448276,0.5,0.05418719,0.046552,20
544451181754744832,2,7,6,0.857143,5,5,0.714286,1.0,0.11306466,0.14285714,0.83333333,0.28571429,0.765918,7
544452087468150784,2,17,15,0.882353,12,12,0.764706,1.0,0.04720836,0.05882353,0.75,0.11029412,0.087858,6
544452299641192448,6,64,47,0.734375,7,7,0.578125,1.859375,0.01012593,0.015625,0.11111111,0.02331349,0.015104,18
544452969702236161,2,24,5,0.208333,2,0,0.833333,0.291667,0.03649639,0.04166667,0.0,0.01811594,0.0,5
544453205682556928,9,41,34,0.829268,5,2,0.585366,4.682927,0.01465963,0.02439024,0.05,0.04146341,0.092058,15
544453251068743681,0,7,0,0.0,0,0,1.0,0.0,0.14285714,0.14285714,0.0,0.0,0.0,6
544453564718804992,1,16,15,0.9375,15,15,0.9375,0.9375,0.05934721,0.0625,1.0,0.125,0.104779,16
544454229960974336,14,92,46,0.5,5,0,0.630435,2.608696,0.00713985,0.01086957,0.0,0.01098901,0.958583,26
544455370476109824,2,19,18,0.947368,16,16,0.842105,1.052632,0.04621003,0.05263158,0.88888889,0.10526316,0.045614,19
544455530756841474,3,27,7,0.259259,2,0,0.814815,0.444444,0.03030116,0.03703704,0.0,0.01994302,0.039043,21
544456216907636736,4,45,16,0.355556,2,0,0.688889,0.955556,0.01635957,0.02222222,0.0,0.01616162,0.083333,15
544457324211879937,6,72,45,0.625,3,0,0.583333,1.777778,0.00858224,0.01388889,0.0,0.01760563,0.068342,21
544457877688430593,0,7,0,0.0,0,0,1.0,0.0,0.14285714,0.14285714,0.0,0.0,0.231378,7
544457904422531072,2,23,22,0.956522,16,16,0.869565,1.217391,0.03900111,0.04347826,0.72727273,0.08695652,0.111767,22
544458083129229312,3,19,16,0.842105,14,14,0.842105,1.0,0.04470683,0.05263158,0.77777778,0.09356725,0.061404,16
544458427263512576,1,15,14,0.933333,14,14,0.933333,0.933333,0.06309152,0.06666667,1.0,0.13333333,0.077778,14
544458445764968448,0,1,0,0.0,0,0,1.0,0.0,1.0,1.0,1.0,1.0,0.0,1
544458458527834112,2,19,18,0.947368,17,17,0.894737,1.0,0.04821023,0.05263158,0.94444444,0.10526316,0.0,18
544458558432350208,2,22,13,0.590909,8,8,0.863636,1.0,0.0405839,0.04545455,0.38095238,0.05627706,0.045455,16
544459137674125312,6,19,16,0.842105,10,10,0.736842,2.210526,0.03922357,0.05263158,0.55555556,0.09356725,0.02381,14
544459333983948800,2,20,18,0.9,17,17,0.9,1.05,0.04599289,0.05,0.89473684,0.09473684,0.054167,20
544459726948286464,1,7,6,0.857143,6,6,0.857143,0.857143,0.12738858,0.14285714,1.0,0.28571429,0.195652,7
544459882075017216,1,9,8,0.888889,8,8,0.888889,0.888889,0.10152277,0.11111111,1.0,0.22222222,0.083333,9
544459886365376515,1,21,1,0.047619,1,0,0.952381,0.047619,0.0457666,0.04761905,0.0,0.0047619,0.042299,21
544460097146331136,11,132,82,0.621212,7,0,0.659091,2.204545,0.00540932,0.00757576,0.0,0.00948415,0.047391,26
544461231549992962,0,9,0,0.0,0,0,1.0,0.0,0.11111111,0.11111111,0.0,0.0,0.0,7
544461661055098881,5,20,12,0.6,3,0,0.55,1.6,0.02930155,0.05,0.0,0.06315789,0.118462,7
544461947882586112,5,31,23,0.741935,14,14,0.709677,1.322581,0.02161668,0.03225806,0.46666667,0.04946237,0.019438,17
544462330105712640,9,34,21,0.617647,7,7,0.617647,3.529412,0.01857994,0.02941176,0.21212121,0.03743316,0.833093,21
544462438310375425,0,10,0,0.0,0,0,1.0,0.0,0.1,0.1,0.0,0.0,0.033333,10
544462825952133121,3,12,3,0.25,1,0,0.75,0.5,0.06020758,0.08333333,0.0,0.04545455,0.087933,10
544462911729455104,2,19,18,0.947368,15,15,0.842105,1.105263,0.04619719,0.05263158,0.83333333,0.10526316,0.0,15
544462912644214785,3,19,4,0.210526,2,0,0.842105,0.473684,0.04235679,0.05263158,0.0,0.02339181,0.789474,17
544462918465503233,2,14,5,0.357143,2,0,0.714286,0.428571,0.05630234,0.07142857,0.0,0.05494505,0.220238,9
544463189447294976,3,31,23,0.741935,18,18,0.806452,0.935484,0.02707322,0.03225806,0.6,0.04946237,0.016129,20
544463201875025921,2,16,3,0.1875,1,0,0.8125,0.25,0.05188736,0.0625,0.0,0.025,0.015625,12
544463701030354944,7,46,21,0.456522,4,0,0.695652,1.826087,0.01598356,0.02173913,0.0,0.02028986,0.024875,14
544463778780557312,6,87,61,0.701149,12,12,0.574713,1.91954,0.00750421,0.01149425,0.13953488,0.0163058,0.027029,26
544464445787750401,0,1,0,0.0,0,0,1.0,0.0,1.0,1.0,1.0,1.0,0.0,1
544464695646617600,1,17,14,0.823529,14,14,0.941176,0.823529,0.05602243,0.05882353,0.875,0.10294118,0.028571,17
544464731449196544,1,20,0,0.0,0,0,1.0,0.95,0.05,0.05,0.0,0.0,0.0,20
544464812621578243,1,12,3,0.25,2,0,0.833333,0.25,0.07299269,0.08333333,0.0,0.04545455,0.108333,10
544465040666288129,1,19,1,0.052632,1,0,0.947368,0.052632,0.05037784,0.05263158,0.0,0.00584795,0.160762,18
544465862942797825,3,20,4,0.2,2,0,0.85,0.45,0.04364671,0.05,0.0,0.02105263,0.049359,15
544465890218369024,2,19,17,0.894737,13,13,0.842105,0.947368,0.04628425,0.05263158,0.72222222,0.0994152,0.040486,14
544465934149513216,2,16,11,0.6875,9,9,0.8125,0.8125,0.05367609,0.0625,0.6,0.09166667,0.109375,12
544466608450580481,0,10,0,0.0,0,0,1.0,0.0,0.1,0.1,0.0,0.0,0.0,10
544466903364673536,5,36,11,0.305556,3,0,0.777778,1.916667,0.02247913,0.02777778,0.0,0.01746032,0.038988,23
544466920880492544,3,27,11,0.407407,3,0,0.740741,1.148148,0.02907393,0.03703704,0.0,0.03133903,0.15212,16
544467005655748608,2,17,16,0.941176,15,15,0.882353,1.0,0.05333861,0.05882353,0.9375,0.11764706,0.088235,17
544467299218886656,3,35,20,0.571429,10,10,0.714286,0.942857,0.02227543,0.02857143,0.29411765,0.03361345,0.068582,22
544467710923395073,0,17,0,0.0,0,0,1.0,0.0,0.05882353,0.05882353,0.0,0.0,0.0,17
544467822168920064,0,1,0,0.0,0,0,1.0,0.0,1.0,1.0,1.0,1.0,0.0,1
544467919003213824,3,46,27,0.586957,13,13,0.73913,0.826087,0.01731414,0.02173913,0.28888889,0.02608696,0.048725,19
544468178961592321,3,25,10,0.4,3,0,0.76,0.64,0.03269931,0.04,0.0,0.03333333,0.0,19
544468997916614656,3,34,22,0.647059,10,10,0.764706,0.852941,0.02387559,0.02941176,0.3030303,0.03921569,0.111145,13
544469470568148992,3,18,17,0.944444,15,15,0.833333,1.111111,0.04681297,0.05555556,0.88235294,0.11111111,0.898235,15
544469609433563136,4,36,13,0.361111,2,0,0.722222,1.361111,0.02052263,0.02777778,0.0,0.02063492,0.053194,18
544469768745398272,1,2,1,0.5,1,1,0.5,0.5,0.35087736,0.5,1.0,1.0,0.0,2
544470398881259520,1,13,12,0.923077,12,12,0.923077,0.923077,0.07220225,0.07692308,1.0,0.15384615,0.240488,13
544470708093747202,1,18,1,0.055556,1,0,0.944444,0.055556,0.05305041,0.05555556,0.0,0.00653595,0.122222,15
544470843997564928,2,7,4,0.571429,3,3,0.714286,0.857143,0.11494245,0.14285714,0.5,0.19047619,0.0,4
544470979842281472,1,20,18,0.9,18,18,0.95,0.9,0.04796147,0.05,0.94736842,0.09473684,0.016667,19
544471218951581696,5,27,23,0.851852,15,15,0.740741,1.37037,0.02653701,0.03703704,0.57692308,0.06552707,0.134682,21
544471469527691264,0,1,0,0.0,0,0,1.0,0.0,1.0,1.0,1.0,1.0,1.0,1
544472530921480192,3,26,17,0.653846,14,14,0.846154,0.846154,0.03303636,0.03846154,0.56,0.05230769,0.067301,18
544472595140063232,1,2,1,0.5,1,1,0.5,0.5,0.35087736,0.5,1.0,1.0,0.0,2
544472800379940864,1,21,18,0.857143,18,18,0.952381,0.857143,0.04576647,0.04761905,0.9,0.08571429,0.0,20
544473507594113024,1,8,7,0.875,7,7,0.875,0.875,0.11299419,0.125,1.0,0.25,0.033654,8
544474138287812608,1,10,9,0.9,9,9,0.9,0.9,0.09216586,0.1,1.0,0.2,0.033333,10
544474153646956547,0,9,0,0.0,0,0,1.0,0.0,0.11111111,0.11111111,0.0,0.0,0.0,8
544474960602083328,4,17,14,0.823529,11,11,0.823529,1.352941,0.04903403,0.05882353,0.6875,0.10294118,0.131373,15
544475686740967424,3,20,16,0.8,11,11,0.75,0.95,0.03900034,0.05,0.57894737,0.08421053,0.158904,16
544475892685099008,2,11,9,0.818182,6,6,0.727273,0.909091,0.07315059,0.09090909,0.6,0.16363636,0.0,8
544475905926524928,1,18,17,0.944444,17,17,0.944444,0.944444,0.05305013,0.05555556,1.0,0.11111111,0.027778,18
544476492281827328,1,9,8,0.888889,8,8,0.888889,0.888889,0.10152277,0.11111111,1.0,0.22222222,0.048148,9
544476533302505472,3,23,18,0.782609,14,14,0.826087,1.130435,0.03773118,0.04347826,0.63636364,0.07114625,0.048309,16
544476597512699904,0,1,0,0.0,0,0,1.0,0.0,1.0,1.0,1.0,1.0,0.0,1
544476808566276097,3,32,10,0.3125,2,0,0.75,0.65625,0.02381112,0.03125,0.0,0.02016129,0.740507,22
544477019472289792,0,1,0,0.0,0,0,1.0,0.0,1.0,1.0,1.0,1.0,0.666667,1
544477048048082945,3,24,6,0.25,2,0,0.791667,0.375,0.03299342,0.04166667,0.0,0.02173913,0.096039,22
544477097016578048,2,13,8,0.615385,7,7,0.846154,0.692308,0.06755294,0.07692308,0.58333333,0.1025641,0.07967,11
544477404342018048,0,1,0,0.0,0,0,1.0,0.0,1.0,1.0,1.0,1.0,0.0,1
544477802255630336,3,22,8,0.363636,1,0,0.636364,0.954545,0.03306335,0.04545455,0.0,0.03463203,0.053571,11
544477834396577793,2,25,4,0.16,1,0,0.84,0.2,0.03433773,0.04,0.0,0.01333333,0.02,20
544478071340806146,1,19,1,0.052632,1,0,0.947368,0.052632,0.05037784,0.05263158,0.0,0.00584795,0.068421,16
544478625383608320,2,18,16,0.888889,16,16,0.944444,1.0,0.05305041,0.05555556,0.94117647,0.10457516,0.0,16
544478708741201920,1,6,5,0.833333,5,5,0.833333,0.833333,0.14598557,0.16666667,1.0,0.33333333,0.720938,6
544479045149130753,1,11,0,0.0,0,0,1.0,0.090909,0.09090909,0.09090909,0.0,0.0,0.170635,10
544480083982168064,2,25,21,0.84,17,17,0.8,0.92,0.03331668,0.04,0.70833333,0.07,0.0,17
544480905532669952,2,15,0,0.0,0,0,1.0,1.0,0.06666667,0.06666667,0.0,0.0,0.147778,15
544480936960606210,0,2,0,0.0,0,0,1.0,0.0,0.5,0.5,0.0,0.0,0.25,2
544482233038286848,1,4,3,0.75,3,3,0.75,0.75,0.20618575,0.25,1.0,0.5,0.028571,4
544482559900393472,3,24,20,0.833333,15,15,0.833333,1.083333,0.03587051,0.04166667,0.65217391,0.07246377,0.034722,20
544482664515121153,5,18,11,0.611111,3,0,0.611111,1.5,0.03550502,0.05555556,0.0,0.07189542,0.162869,9
544482745637158912,3,9,8,0.888889,4,4,0.666667,1.555556,0.08217847,0.11111111,0.5,0.22222222,0.157143,6
544483003758419969,1,19,1,0.052632,1,0,0.947368,0.052632,0.05037784,0.05263158,0.0,0.00584795,0.0,15
544483282352889857,2,31,12,0.387097,3,0,0.709677,0.419355,0.02563358,0.03225806,0.0,0.02580645,0.752435,11
544483404528775168,1,4,3,0.75,3,3,0.75,0.75,0.20618575,0.25,1.0,0.5,0.181941,4
544483913830531073,1,11,1,0.090909,1,0,0.909091,0.090909,0.08438817,0.09090909,0.0,0.01818182,0.040612,10
544483951524737024,1,19,15,0.789474,15,15,0.947368,0.842105,0.05037784,0.05263158,0.83333333,0.0877193,0.210848,12
544484477930467328,0,1,0,0.0,0,0,1.0,0.0,1.0,1.0,1.0,1.0,0.0,1
544484515742482432,2,22,20,0.909091,18,18,0.863636,1.0,0.04060043,0.04545455,0.85714286,0.08658009,0.107603,19
544484918567239681,1,9,1,0.111111,1,0,0.888889,0.111111,0.10152285,0.11111111,0.0,0.02777778,0.0,8
544486142763347969,5,26,10,0.384615,3,0,0.730769,0.846154,0.02935721,0.03846154,0.0,0.03076923,0.0,15
544486187478433793,0,1,0,0.0,0,0,1.0,0.0,1.0,1.0,1.0,1.0,0.0,1
544487291465392128,4,67,33,0.492537,8,8,0.746269,1.044776,0.01179134,0.01492537,0.12121212,0.01492537,0.068342,26
544487535418687488,0,1,0,0.0,0,0,1.0,0.0,1.0,1.0,1.0,1.0,1.0,1
544487556700598272,0,1,0,0.0,0,0,1.0,0.0,1.0,1.0,1.0,1.0,0.0,1
544487579048222721,0,2,0,0.0,0,0,1.0,0.0,0.5,0.5,0.0,0.0,0.0,2
544487672145018880,7,65,41,0.630769,4,4,0.553846,2.246154,0.0091082,0.01538462,0.0625,0.01971154,0.009231,11
544488899100147713,2,22,2,0.090909,1,0,0.909091,0.363636,0.04219408,0.04545455,0.0,0.00865801,0.0,19
544489340584222720,3,28,20,0.714286,12,12,0.785714,1.0,0.02936489,0.03571429,0.44444444,0.05291005,0.906803,18
544489539348471808,1,14,13,0.928571,13,13,0.928571,0.928571,0.06734012,0.07142857,1.0,0.14285714,0.092262,13
544490782183657474,0,15,0,0.0,0,0,1.0,0.0,0.06666667,0.06666667,0.0,0.0,0.658723,14
544490976253726720,2,22,16,0.727273,14,14,0.863636,0.772727,0.04064772,0.04545455,0.66666667,0.06926407,0.005051,14
544491151118860289,2,9,3,0.333333,1,0,0.666667,0.444444,0.08148297,0.11111111,0.0,0.08333333,0.858238,8
544491160803106816,3,27,22,0.814815,18,18,0.851852,0.962963,0.03244805,0.03703704,0.69230769,0.06267806,0.898256,21
544491410439667713,0,9,0,0.0,0,0,1.0,0.0,0.11111111,0.11111111,0.0,0.0,0.857183,9
544492053900836864,2,25,20,0.8,15,15,0.8,0.92,0.03366147,0.04,0.625,0.06666667,0.760457,19
544492209861836800,2,18,11,0.611111,11,11,0.944444,0.722222,0.05305041,0.05555556,0.64705882,0.07189542,0.843386,15
544492372088717312,1,5,4,0.8,4,4,0.8,0.8,0.17094005,0.2,1.0,0.4,0.19337,5
544492454016475137,1,14,2,0.142857,1,0,0.857143,0.142857,0.06369429,0.07142857,0.0,0.02197802,0.880952,13
544492465185898496,1,7,6,0.857143,6,6,0.857143,0.857143,0.12738858,0.14285714,1.0,0.28571429,0.166667,7
544492614838673408,3,16,15,0.9375,13,13,0.8125,1.125,0.05161207,0.0625,0.86666667,0.125,0.0,15
544492843499540480,3,22,13,0.590909,10,10,0.818182,1.090909,0.03925844,0.04545455,0.47619048,0.05627706,0.78595,14
544492919567417344,0,1,0,0.0,0,0,1.0,0.0,1.0,1.0,1.0,1.0,0.5,1
544492984880754688,4,24,20,0.833333,15,15,0.791667,1.333333,0.03357492,0.04166667,0.65217391,0.07246377,0.918361,19
544493466836017154,1,13,3,0.230769,3,0,0.923077,0.230769,0.07220216,0.07692308,0.0,0.03846154,0.715582,10
544493536771854336,2,8,1,0.125,1,0,0.875,1.0,0.11299437,0.125,0.0,0.03571429,0.125,8
544494058287423489,0,5,0,0.0,0,0,1.0,0.0,0.2,0.2,0.0,0.0,0.092308,5
544494273924562944,1,2,0,0.0,0,0,1.0,0.5,0.5,0.5,0.0,0.0,0.0,2
544494312206000128,3,20,18,0.9,11,11,0.75,1.2,0.03974615,0.05,0.57894737,0.09473684,0.05,12
544494408515608576,5,28,23,0.821429,13,13,0.714286,1.428571,0.02635556,0.03571429,0.48148148,0.06084656,0.136395,21
544494652418949120,2,16,13,0.8125,11,11,0.8125,0.875,0.05188736,0.0625,0.73333333,0.10833333,0.0,14
544494721872433152,3,19,3,0.157895,2,0,0.894737,1.210526,0.04830915,0.05263158,0.0,0.01754386,0.104106,17
544494787168972800,2,10,7,0.7,6,6,0.8,0.9,0.08547003,0.1,0.66666667,0.15555556,0.075,7
544495066258362368,3,48,30,0.625,13,13,0.6875,1.041667,0.01543687,0.02083333,0.27659574,0.02659574,0.068035,22
544495155198181376,2,19,15,0.789474,12,12,0.842105,1.052632,0.04614588,0.05263158,0.66666667,0.0877193,0.052555,17
544495167836016640,2,19,18,0.947368,16,16,0.842105,1.052632,0.04621003,0.05263158,0.88888889,0.10526316,0.026316,17
544495240640757760,0,1,0,0.0,0,0,1.0,0.0,1.0,1.0,1.0,1.0,0.0,1
544495359800930304,3,22,21,0.954545,15,15,0.772727,1.272727,0.03682167,0.04545455,0.71428571,0.09090909,0.282117,20
544495737770618880,2,24,19,0.791667,14,14,0.75,0.958333,0.0333585,0.04166667,0.60869565,0.06884058,0.06312,15
544495975083941889,3,39,15,0.384615,2,0,0.692308,0.615385,0.01882541,0.02564103,0.0,0.02024291,0.059829,14
544496062321664001,4,39,17,0.435897,2,0,0.692308,0.846154,0.0185203,0.02564103,0.0,0.02294197,0.047009,20
544496262629036032,5,19,15,0.789474,9,9,0.684211,1.368421,0.03668858,0.05263158,0.5,0.0877193,0.806508,13
544496602262806528,3,8,7,0.875,4,4,0.5,1.375,0.07913089,0.125,0.57142857,0.25,0.0,5
544496648445890561,1,21,3,0.142857,2,0,0.904762,0.142857,0.04405285,0.04761905,0.0,0.01428571,0.079147,18
544497137221136384,2,21,18,0.857143,18,18,0.952381,0.952381,0.04576647,0.04761905,0.9,0.08571429,0.163889,20
544497191155290112,2,18,17,0.944444,16,16,0.888889,1.0,0.05064538,0.05555556,0.94117647,0.11111111,0.159366,17
544497307933474816,2,21,18,0.857143,17,17,0.904762,0.904762,0.04397055,0.04761905,0.85,0.08571429,0.189252,20
544497405237161984,2,21,17,0.809524,12,12,0.904762,1.047619,0.0439363,0.04761905,0.6,0.08095238,0.113583,19
544499381731622912,1,3,2,0.666667,2,2,0.666667,0.666667,0.25974051,0.33333333,1.0,0.66666667,0.0,3
544499449645768706,2,20,3,0.15,1,0,0.85,0.2,0.04296925,0.05,0.0,0.01578947,0.02,16
544499780479893504,5,30,23,0.766667,10,10,0.7,1.933333,0.02374683,0.03333333,0.34482759,0.05287356,0.04,20
544499892010635264,2,17,16,0.941176,15,15,0.882353,1.0,0.05333861,0.05882353,0.9375,0.11764706,0.078431,16
544499931101548544,3,20,3,0.15,2,0,0.9,1.25,0.04608293,0.05,0.0,0.01578947,0.052083,15
544500288183607296,2,12,11,0.916667,10,10,0.833333,1.0,0.07260977,0.08333333,0.90909091,0.16666667,0.022436,12
544500527720325120,3,20,18,0.9,15,15,0.8,1.1,0.04122057,0.05,0.78947368,0.09473684,0.027143,18
544500883963518976,1,17,16,0.941176,16,16,0.941176,0.941176,0.05602206,0.05882353,1.0,0.11764706,0.088235,17
544501464849059840,3,20,15,0.75,10,10,0.8,1.25,0.04213445,0.05,0.52631579,0.07894737,0.058333,13
544502782267752449,4,30,13,0.433333,5,0,0.766667,0.833333,0.02642252,0.03333333,0.0,0.02988506,0.116239,17
544503037973528577,0,13,0,0.0,0,0,1.0,0.0,0.07692308,0.07692308,0.0,0.0,0.731685,12
544503217107648513,0,8,0,0.0,0,0,1.0,0.0,0.125,0.125,0.0,0.0,0.243622,7
544503425082613761,0,12,0,0.0,0,0,1.0,0.0,0.08333333,0.08333333,0.0,0.0,0.435419,12
544503881527742464,2,26,22,0.846154,18,18,0.807692,1.038462,0.03220325,0.03846154,0.72,0.06769231,0.161104,21
544504183341064192,5,19,13,0.684211,7,7,0.684211,1.473684,0.0399538,0.05263158,0.38888889,0.07602339,0.921053,12
544504859290906624,2,21,19,0.904762,17,17,0.857143,1.0,0.04231012,0.04761905,0.85,0.09047619,0.090136,21
544504889746149377,2,7,2,0.285714,1,0,0.714286,0.428571,0.10612886,0.14285714,0.0,0.0952381,0.0,5
544504954334224384,1,15,12,0.8,12,12,0.933333,0.8,0.06309152,0.06666667,0.85714286,0.11428571,0.073968,13
544505129810944001,0,20,0,0.0,0,0,1.0,0.0,0.05,0.05,0.0,0.0,0.0,17
544505447911149569,6,21,6,0.285714,1,0,0.714286,1.285714,0.03462404,0.04761905,0.0,0.02857143,0.074074,8
544506347438735361,3,6,1,0.166667,1,0,0.833333,1.5,0.14598538,0.16666667,0.0,0.06666667,0.32069,3
544506443626741762,3,20,4,0.2,1,0,0.8,0.35,0.03927881,0.05,0.0,0.02105263,0.17416,17
544506628239028224,2,22,19,0.863636,16,16,0.863636,0.909091,0.04014252,0.04545455,0.76190476,0.08225108,0.101926,16
544506678922977280,2,13,12,0.923077,11,11,0.846154,1.0,0.0677246,0.07692308,0.91666667,0.15384615,0.0,11
544508035113439232,1,7,6,0.857143,6,6,0.857143,0.857143,0.12738858,0.14285714,1.0,0.28571429,0.0,7
544508313220567041,0,11,0,0.0,0,0,1.0,0.0,0.09090909,0.09090909,0.0,0.0,0.060606,11
544508411178536960,1,14,13,0.928571,13,13,0.928571,0.928571,0.06734012,0.07142857,1.0,0.14285714,0.993506,11
544508479675711489,4,17,7,0.411765,2,0,0.705882,1.058824,0.04174605,0.05882353,0.0,0.05147059,0.936765,7
544508543152304128,2,33,23,0.69697,12,12,0.848485,1.030303,0.0266732,0.03030303,0.375,0.04356061,0.059596,23
544508666724876288,1,5,4,0.8,4,4,0.8,0.8,0.17094005,0.2,1.0,0.4,0.806667,5
544508725420380160,4,61,46,0.754098,16,16,0.737705,1.04918,0.01261632,0.01639344,0.26666667,0.02513661,0.059911,21
544508900595499009,0,12,0,0.0,0,0,1.0,0.0,0.08333333,0.08333333,0.0,0.0,0.856919,10
544508995361202176,1,6,4,0.666667,4,4,0.833333,0.666667,0.14598557,0.16666667,0.8,0.26666667,0.978261,6
544509086998749186,1,12,1,0.083333,1,0,0.916667,0.083333,0.077821,0.08333333,0.0,0.01515152,0.924342,12
544509140911919104,2,22,20,0.909091,15,15,0.772727,1.090909,0.03694284,0.04545455,0.71428571,0.08658009,0.833203,19
544509519179816960,0,1,0,0.0,0,0,1.0,0.0,1.0,1.0,1.0,1.0,0.25,1
544509652390924290,1,19,1,0.052632,1,0,0.947368,0.052632,0.05037784,0.05263158,0.0,0.00584795,0.11173,18
544510219401703425,0,11,0,0.0,0,0,1.0,0.0,0.09090909,0.09090909,0.0,0.0,0.81794,11
544510345289924608,4,13,10,0.769231,5,5,0.615385,1.461538,0.05175551,0.07692308,0.41666667,0.12820513,0.942882,10
544510402454110208,2,10,8,0.8,6,6,0.8,1.0,0.08459937,0.1,0.66666667,0.17777778,0.721265,9
544510450101415936,1,12,0,0.0,0,0,1.0,0.916667,0.08333333,0.08333333,0.0,0.0,0.897209,12
544510453201006592,1,18,17,0.944444,17,17,0.944444,0.944444,0.05305013,0.05555556,1.0,0.11111111,0.862678,18
544510784366080000,4,57,33,0.578947,11,11,0.789474,1.368421,0.01462152,0.01754386,0.19642857,0.02067669,0.045029,37
544510827433558016,2,11,9,0.818182,8,8,0.818182,0.909091,0.07818423,0.09090909,0.8,0.16363636,0.801796,8
544511112654618624,1,4,3,0.75,3,3,0.75,0.75,0.20618575,0.25,1.0,0.5,0.967391,4
544511130249744384,3,20,15,0.75,11,11,0.75,1.05,0.03974615,0.05,0.57894737,0.07894737,0.759976,13
544511151900753921,4,18,8,0.444444,2,0,0.722222,1.222222,0.03962245,0.05555556,0.0,0.05228758,0.875926,11
544511199702822913,0,9,0,0.0,0,0,1.0,0.0,0.11111111,0.11111111,0.0,0.0,0.952862,9
544511263788003329,0,7,0,0.0,0,0,1.0,0.0,0.14285714,0.14285714,0.0,0.0,0.874224,6
544511300630753280,1,5,4,0.8,4,4,0.8,0.8,0.17094005,0.2,1.0,0.4,0.9,5
544511391349354496,1,10,9,0.9,9,9,0.9,0.9,0.09216586,0.1,1.0,0.2,0.0,10
544511434840113152,1,20,0,0.0,0,0,1.0,0.95,0.05,0.05,0.0,0.0,0.854344,19
544511489869373440,1,2,1,0.5,1,1,0.5,0.5,0.35087736,0.5,1.0,1.0,0.862069,2
544511558173601792,4,9,7,0.777778,4,4,0.555556,1.444444,0.06700734,0.11111111,0.5,0.19444444,0.931447,5
544511560249790464,1,5,4,0.8,4,4,0.8,0.8,0.17094005,0.2,1.0,0.4,0.741524,5
544511676088066048,2,22,17,0.772727,15,15,0.863636,0.818182,0.0406534,0.04545455,0.71428571,0.07359307,0.691103,19
544511693204647936,2,10,1,0.1,1,0,0.9,1.0,0.09216586,0.1,0.0,0.02222222,0.907576,10
544511736465072128,1,9,8,0.888889,8,8,0.888889,0.888889,0.10152277,0.11111111,1.0,0.22222222,0.720044,7
544511773223968768,1,4,3,0.75,3,3,0.75,0.75,0.20618575,0.25,1.0,0.5,0.916667,4
544511783940403201,0,6,0,0.0,0,0,1.0,0.0,0.16666667,0.16666667,0.0,0.0,0.86715,6
544511811404705792,5,28,25,0.892857,14,14,0.642857,1.5,0.02356093,0.03571429,0.51851852,0.06613757,0.917118,17
544511865729323009,0,14,0,0.0,0,0,1.0,0.0,0.07142857,0.07142857,0.0,0.0,0.869048,9
544511915158810624,1,20,19,0.95,19,19,0.95,0.95,0.04796147,0.05,1.0,0.1,0.906404,20
544512064694546432,1,10,8,0.8,8,8,0.9,0.8,0.09216586,0.1,0.88888889,0.17777778,0.972414,10
544512078518968320,2,20,18,0.9,17,17,0.9,0.95,0.04599289,0.05,0.89473684,0.09473684,0.045833,20
544512108885725184,3,20,16,0.8,8,8,0.75,1.2,0.04027347,0.05,0.42105263,0.08421053,0.759189,11
544512187171995649,1,6,1,0.166667,1,0,0.833333,0.166667,0.14598538,0.16666667,0.0,0.06666667,0.84213,6
544512398628241408,2,23,21,0.913043,18,18,0.826087,1.043478,0.03770674,0.04347826,0.81818182,0.08300395,0.877536,21
544512465099587584,2,14,12,0.857143,8,8,0.642857,1.071429,0.05221085,0.07142857,0.61538462,0.13186813,0.0,11
544512514651066368,1,15,14,0.933333,14,14,0.933333,0.933333,0.06309152,0.06666667,1.0,0.13333333,0.767041,13
544512664769396736,1,6,0,0.0,0,0,1.0,0.833333,0.16666667,0.16666667,0.0,0.0,0.86641,6
544512676643500033,0,4,0,0.0,0,0,1.0,0.0,0.25,0.25,0.0,0.0,0.97619,4
544512691948498944,3,29,5,0.172414,2,0,0.862069,1.0,0.03019096,0.03448276,0.0,0.01231527,0.895698,25
544512867144192000,3,24,21,0.875,13,13,0.666667,1.333333,0.03071076,0.04166667,0.56521739,0.07608696,0.063623,17
544512910538838016,1,15,13,0.866667,12,12,0.866667,0.866667,0.05988025,0.06666667,0.85714286,0.12380952,0.839912,14
544513035118075904,4,28,26,0.928571,18,18,0.785714,1.392857,0.02890934,0.03571429,0.66666667,0.06878307,0.0,20
544513072006967297,0,6,0,0.0,0,0,1.0,0.0,0.16666667,0.16666667,0.0,0.0,0.6625,4
544513199375384576,4,22,19,0.863636,15,15,0.818182,1.363636,0.03720664,0.04545455,0.71428571,0.08225108,0.155051,18
544513292576641025,2,17,2,0.117647,1,0,0.882353,0.176471,0.0514867,0.05882353,0.0,0.01470588,0.882445,13
544513339544838147,0,3,0,0.0,0,0,1.0,0.0,0.33333333,0.33333333,0.0,0.0,0.403448,3
544513407400304640,5,19,17,0.894737,12,12,0.684211,1.421053,0.03544905,0.05263158,0.66666667,0.0994152,0.010526,13
544513510450155520,4,21,20,0.952381,13,13,0.666667,1.428571,0.03495679,0.04761905,0.65,0.0952381,0.116213,17
544513517706305536,1,7,0,0.0,0,0,1.0,0.857143,0.14285714,0.14285714,0.0,0.0,0.777822,7
544513524438155264,1,3,2,0.666667,2,2,0.666667,0.666667,0.25974051,0.33333333,1.0,0.66666667,0.611111,3
544513557912879105,0,4,0,0.0,0,0,1.0,0.0,0.25,0.25,0.0,0.0,0.640278,4
544514127197388801,1,9,1,0.111111,1,0,0.888889,0.111111,0.10152285,0.11111111,0.0,0.02777778,0.607099,9
544514207933542401,0,6,0,0.0,0,0,1.0,0.0,0.16666667,0.16666667,0.0,0.0,0.823232,6
544514249356484608,1,6,5,0.833333,5,5,0.833333,0.833333,0.14598557,0.16666667,1.0,0.33333333,0.523449,5
544514474963922944,4,27,5,0.185185,2,0,0.851852,1.259259,0.03145559,0.03703704,0.0,0.01424501,0.863857,19
544514538797035520,2,14,13,0.928571,12,12,0.857143,1.0,0.0634511,0.07142857,0.92307692,0.14285714,0.852759,12
544514564407427072,1,5,4,0.8,4,4,0.8,0.8,0.17094005,0.2,1.0,0.4,0.499091,5
544514569339953154,0,16,0,0.0,0,0,1.0,0.0,0.0625,0.0625,0.0,0.0,0.927083,16
544514570367168512,3,16,15,0.9375,12,12,0.75,1.1875,0.04927539,0.0625,0.8,0.125,0.756317,14
544514645571420160,5,19,15,0.789474,6,6,0.578947,2.052632,0.03440172,0.05263158,0.33333333,0.0877193,0.821637,9
544514782456729600,1,8,7,0.875,7,7,0.875,0.875,0.11299419,0.125,1.0,0.25,0.292115,7
544514883484520448,1,13,10,0.769231,10,10,0.923077,0.769231,0.07220225,0.07692308,0.83333333,0.12820513,0.743711,13
544514988078280704,3,24,17,0.708333,12,12,0.791667,0.875,0.03373728,0.04166667,0.52173913,0.0615942,0.169093,14
544515072203444224,3,20,16,0.8,15,15,0.9,1.1,0.04608293,0.05,0.78947368,0.08421053,0.221461,17
544515097625108480,2,22,20,0.909091,18,18,0.863636,1.0,0.04060043,0.04545455,0.85714286,0.08658009,0.754429,21
544515174376701952,7,92,47,0.51087,4,0,0.641304,1.652174,0.00761723,0.01086957,0.0,0.0112279,0.018317,16
544515215576948736,2,24,4,0.166667,2,0,0.875,1.0,0.03766473,0.04166667,0.0,0.01449275,0.03869,19
544515446100090881,1,8,1,0.125,1,0,0.875,0.125,0.11299437,0.125,0.0,0.03571429,0.78125,8
544515489016594432,2,16,13,0.8125,12,12,0.875,0.875,0.05630565,0.0625,0.8,0.10833333,0.109179,16
544515517546254338,3,25,7,0.28,2,0,0.76,0.48,0.0324438,0.04,0.0,0.02333333,0.239421,16
544515538383564801,3,20,3,0.15,1,0,0.85,0.3,0.04063556,0.05,0.0,0.01578947,0.933333,18
544515546633355264,1,3,2,0.666667,2,2,0.666667,0.666667,0.25974051,0.33333333,1.0,0.66666667,0.277778,3
544515584931528704,1,3,2,0.666667,2,2,0.666667,0.666667,0.25974051,0.33333333,1.0,0.66666667,0.866667,3
544515665319976960,1,14,13,0.928571,13,13,0.928571,0.928571,0.06734012,0.07142857,1.0,0.14285714,0.272619,12
544515671347200001,2,20,4,0.2,1,0,0.8,0.35,0.04273501,0.05,0.0,0.02105263,0.063889,13
544515781367582720,1,8,7,0.875,7,7,0.875,0.875,0.11299419,0.125,1.0,0.25,0.069444,8
544515850963648512,1,4,3,0.75,3,3,0.75,0.75,0.20618575,0.25,1.0,0.5,0.705357,4
544515971637968898,3,27,10,0.37037,2,0,0.666667,0.555556,0.02646001,0.03703704,0.0,0.02849003,0.0,12
544515999161393152,1,7,0,0.0,0,0,1.0,0.857143,0.14285714,0.14285714,0.0,0.0,0.613553,7
544516079129993216,1,16,14,0.875,14,14,0.9375,0.875,0.05934721,0.0625,0.93333333,0.11666667,0.792453,15
544516101556961280,1,9,8,0.888889,8,8,0.888889,0.888889,0.10152277,0.11111111,1.0,0.22222222,0.748928,9
544516142983684097,1,19,2,0.105263,1,0,0.894737,0.105263,0.04830915,0.05263158,0.0,0.01169591,0.081679,17
544516164333080577,1,4,0,0.0,0,0,1.0,0.25,0.25,0.25,0.0,0.0,0.493534,4
544516240572940289,0,6,0,0.0,0,0,1.0,0.0,0.16666667,0.16666667,0.0,0.0,0.155983,5
544516381031792642,0,8,0,0.0,0,0,1.0,0.0,0.125,0.125,0.0,0.0,0.682277,8
544516427827249153,0,7,0,0.0,0,0,1.0,0.0,0.14285714,0.14285714,0.0,0.0,0.72619,7
544516478821613569,1,21,2,0.095238,1,0,0.904762,0.095238,0.04405285,0.04761905,0.0,0.00952381,0.07209,20
544516514519343104,1,5,4,0.8,4,4,0.8,0.8,0.17094005,0.2,1.0,0.4,0.482675,5
544516530160300032,2,3,1,0.333333,1,1,0.666667,1.0,0.25974019,0.33333333,0.5,0.33333333,0.657895,3
544516739178827776,4,16,12,0.75,5,5,0.5,1.375,0.03702771,0.0625,0.33333333,0.1,0.0,6
544516940367413248,1,5,4,0.8,4,4,0.8,0.8,0.17094005,0.2,1.0,0.4,0.136364,5
544517264054423552,1,18,0,0.0,0,0,1.0,0.888889,0.05555556,0.05555556,0.0,0.0,0.923309,17
544517264725516288,1,19,18,0.947368,18,18,0.947368,0.947368,0.05037763,0.05263158,1.0,0.10526316,0.957895,19
544517440332627968,2,15,14,0.933333,12,12,0.866667,1.066667,0.05966513,0.06666667,0.85714286,0.13333333,0.938276,14
544517500118249472,7,34,22,0.647059,7,6,0.735294,2.794118,0.02300077,0.02941176,0.18181818,0.03921569,0.0,10
544517624114081793,0,8,0,0.0,0,0,1.0,0.0,0.125,0.125,0.0,0.0,0.714923,8
544517721757847552,1,18,0,0.0,0,0,1.0,0.888889,0.05555556,0.05555556,0.0,0.0,0.162954,18
544517991086710784,0,1,0,0.0,0,0,1.0,0.0,1.0,1.0,1.0,1.0,0.65,1
544518033902149632,1,6,5,0.833333,5,5,0.833333,0.833333,0.14598557,0.16666667,1.0,0.33333333,0.75,6
544518036255150080,2,13,11,0.846154,11,11,0.923077,1.0,0.07220225,0.07692308,0.91666667,0.14102564,0.245628,12
544518044643770368,1,5,4,0.8,4,4,0.8,0.8,0.17094005,0.2,1.0,0.4,0.245128,5
544518088117329920,1,20,19,0.95,19,19,0.95,0.95,0.04796147,0.05,1.0,0.1,0.045833,18
544518128798294016,2,12,11,0.916667,10,10,0.833333,1.0,0.07260977,0.08333333,0.90909091,0.16666667,0.041667,12
544518335019229184,2,17,16,0.941176,15,15,0.882353,1.0,0.05333861,0.05882353,0.9375,0.11764706,0.840803,17
544518337498058753,5,83,33,0.39759,4,0,0.710843,0.879518,0.00900968,0.01204819,0.0,0.00969733,0.03186,27
544518415952539649,0,4,0,0.0,0,0,1.0,0.0,0.25,0.25,0.0,0.0,0.309524,4
544518445870497793,0,2,0,0.0,0,0,1.0,0.0,0.5,0.5,0.0,0.0,0.25,2
544518583112314880,1,16,15,0.9375,15,15,0.9375,0.9375,0.05934721,0.0625,1.0,0.125,0.083432,16
544518590104621058,6,35,15,0.428571,3,0,0.742857,1.171429,0.02151366,0.02857143,0.0,0.02521008,0.920882,12
544518647881170945,0,4,0,0.0,0,0,1.0,0.0,0.25,0.25,0.0,0.0,0.806034,4
544518696463765505,0,19,0,0.0,0,0,1.0,0.0,0.05263158,0.05263158,0.0,0.0,0.154971,19
544518707825750016,1,8,7,0.875,7,7,0.875,0.875,0.11299419,0.125,1.0,0.25,0.1375,8
544518803225604096,6,69,45,0.652174,13,13,0.695652,1.536232,0.01089637,0.01449275,0.19117647,0.01918159,0.031401,16
544518841020473345,2,22,3,0.136364,1,0,0.863636,0.272727,0.03956875,0.04545455,0.0,0.01298701,0.984848,19
544518859290464256,2,18,16,0.888889,15,15,0.888889,1.055556,0.05063764,0.05555556,0.88235294,0.10457516,0.147619,17
544519021702311936,1,8,0,0.0,0,0,1.0,0.875,0.125,0.125,0.0,0.0,0.295833,8
544519024156360704,3,26,22,0.846154,19,19,0.846154,0.961538,0.03312037,0.03846154,0.76,0.06769231,0.063324,22
544519083300241408,2,21,19,0.904762,17,17,0.857143,1.0,0.04231012,0.04761905,0.85,0.09047619,0.09404,21
544519140552507392,0,1,0,0.0,0,0,1.0,0.0,1.0,1.0,1.0,1.0,0.65,1
544519166582337536,3,12,3,0.25,1,0,0.75,1.166667,0.06547719,0.08333333,0.0,0.04545455,0.602978,7
544519245087121408,1,13,12,0.923077,12,12,0.923077,0.923077,0.07220225,0.07692308,1.0,0.15384615,0.965959,13
544519284740079616,2,20,19,0.95,18,18,0.9,1.0,0.04599789,0.05,0.94736842,0.1,0.110928,20
544519298015039489,1,13,1,0.076923,1,0,0.923077,0.076923,0.07220216,0.07692308,0.0,0.01282051,0.153846,10
544519358090084354,0,7,0,0.0,0,0,1.0,0.0,0.14285714,0.14285714,0.0,0.0,0.071429,7
544519396828672000,1,18,12,0.666667,12,12,0.944444,0.722222,0.05305041,0.05555556,0.70588235,0.07843137,0.21808,18
544519480018489344,3,19,5,0.263158,2,0,0.789474,1.368421,0.04324795,0.05263158,0.0,0.02923977,0.087719,14
544519486167330817,2,14,2,0.142857,2,0,0.928571,0.285714,0.06734006,0.07142857,0.0,0.02197802,0.07483,12
544519486498676736,3,18,4,0.222222,2,0,0.833333,1.111111,0.04557725,0.05555556,0.0,0.02614379,0.027778,13
544519577733173248,1,20,19,0.95,19,19,0.95,0.95,0.04796147,0.05,1.0,0.1,0.0125,19
544519594438696961,0,7,0,0.0,0,0,1.0,0.0,0.14285714,0.14285714,0.0,0.0,0.802381,7
544519622389956609,0,1,0,0.0,0,0,1.0,0.0,1.0,1.0,1.0,1.0,1.0,1
544519635916169218,1,14,1,0.071429,1,0,0.928571,0.071429,0.06734006,0.07142857,0.0,0.01098901,0.804874,14
544519694401941504,2,17,13,0.764706,11,11,0.823529,0.882353,0.05115098,0.05882353,0.6875,0.09558824,0.845038,14
544519788752818176,2,10,8,0.8,8,8,0.9,1.0,0.09216586,0.1,0.88888889,0.17777778,0.877143,10
544519849507307520,1,18,16,0.888889,16,16,0.944444,0.888889,0.05305041,0.05555556,0.94117647,0.10457516,0.041414,17
544520042810200064,1,3,2,0.666667,2,2,0.666667,0.666667,0.25974051,0.33333333,1.0,0.66666667,0.833333,3
544520121436213248,2,22,21,0.954545,19,19,0.863636,1.045455,0.04060739,0.04545455,0.9047619,0.09090909,0.164868,22
544520195659014145,1,16,2,0.125,1,0,0.875,0.125,0.05649718,0.0625,0.0,0.01666667,0.15625,14
544520273718812672,2,19,17,0.894737,15,15,0.894737,1.0,0.04819704,0.05263158,0.83333333,0.0994152,0.865789,17
544520344976232449,0,2,0,0.0,0,0,1.0,0.0,0.5,0.5,0.0,0.0,0.614286,2
544520379176599552,1,19,0,0.0,0,0,1.0,0.947368,0.05263158,0.05263158,0.0,0.0,0.026316,17
544520434767503361,4,26,13,0.5,2,0,0.538462,1.192308,0.02260187,0.03846154,0.0,0.04,0.004274,7
544520586576547840,1,3,2,0.666667,2,2,0.666667,0.666667,0.25974051,0.33333333,1.0,0.66666667,0.166667,3
544520615441756162,1,7,1,0.142857,1,0,0.857143,0.142857,0.12738858,0.14285714,0.0,0.04761905,0.043956,7
544520654431981568,0,1,0,0.0,0,0,1.0,0.0,1.0,1.0,1.0,1.0,1.0,1
544520690490417152,2,9,1,0.111111,1,0,0.888889,1.0,0.10152285,0.11111111,0.0,0.02777778,0.0,7
544520795511611392,1,9,8,0.888889,8,8,0.888889,0.888889,0.10152277,0.11111111,1.0,0.22222222,0.177547,9
544520802339917824,1,12,9,0.75,9,9,0.916667,0.75,0.077821,0.08333333,0.81818182,0.13636364,0.148366,12
544520888003985408,1,5,4,0.8,4,4,0.8,0.8,0.17094005,0.2,1.0,0.4,0.116981,5
544520932405284864,3,35,16,0.457143,10,10,0.828571,0.628571,0.02371959,0.02857143,0.29411765,0.02689076,0.939374,11
544520949748752384,5,30,25,0.833333,15,15,0.666667,1.366667,0.02355939,0.03333333,0.51724138,0.05747126,0.099138,19
544520990538358784,2,6,4,0.666667,4,4,0.833333,1.0,0.14598557,0.16666667,0.8,0.26666667,0.270202,6
544521141335764992,2,21,19,0.904762,18,18,0.904762,0.952381,0.04397512,0.04761905,0.9,0.09047619,0.80922,20
544521166543548416,1,20,17,0.85,17,17,0.95,0.85,0.04796164,0.05,0.89473684,0.08947368,0.955,17
544521260840267776,2,4,2,0.5,2,2,0.75,1.0,0.20618553,0.25,0.66666667,0.33333333,0.0625,3
544521433473634304,6,100,56,0.56,15,15,0.67,1.62,0.00731601,0.01,0.15151515,0.01131313,0.136477,19
544521788777304064,1,18,17,0.944444,17,17,0.944444,0.944444,0.05305013,0.05555556,1.0,0.11111111,0.1,18
544521880661950464,1,4,3,0.75,3,3,0.75,0.75,0.20618575,0.25,1.0,0.5,0.0,4
544521948924248066,6,27,13,0.481481,2,0,0.62963,1.259259,0.02389009,0.03703704,0.0,0.03703704,0.066943,20
552783238415265792,2,10,7,0.7,5,5,0.7,0.8,0.07877415,0.1,0.55555556,0.15555556,0.817391,7
552783667052167168,3,8,6,0.75,5,5,0.75,1.25,0.10309287,0.125,0.71428571,0.21428571,0.964286,7
552783745565347840,1,6,5,0.833333,5,5,0.833333,0.833333,0.14598557,0.16666667,1.0,0.33333333,0.798611,6
552784168849907712,5,14,11,0.785714,3,3,0.428571,1.571429,0.03760594,0.07142857,0.23076923,0.12087912,0.814626,6
552784526955806720,2,17,12,0.705882,10,10,0.823529,0.764706,0.05096257,0.05882353,0.625,0.08823529,0.848555,13
552784600502915072,7,40,29,0.725,8,8,0.525,2.0,0.01465769,0.025,0.20512821,0.03717949,0.173004,13
552784882687299584,3,25,21,0.84,16,16,0.8,1.12,0.03322129,0.04,0.66666667,0.07,0.853624,21
552784898743099392,1,10,8,0.8,8,8,0.9,0.8,0.09216586,0.1,0.88888889,0.17777778,0.107143,10
552785367972450304,1,11,8,0.727273,8,8,0.909091,0.727273,0.08438817,0.09090909,0.8,0.14545455,0.718939,10
552785375161499649,0,4,0,0.0,0,0,1.0,0.0,0.25,0.25,0.0,0.0,0.817308,4
552785391653494784,6,32,23,0.71875,6,5,0.6875,2.4375,0.02278269,0.03125,0.16129032,0.04637097,0.034375,17
552785443813457921,0,11,0,0.0,0,0,1.0,0.0,0.09090909,0.09090909,0.0,0.0,0.878788,11
552785551930454016,1,3,2,0.666667,2,2,0.666667,0.666667,0.25974051,0.33333333,1.0,0.66666667,0.9,3
552785695845396480,2,5,4,0.8,3,3,0.6,1.0,0.14407486,0.2,0.75,0.4,0.697895,5
552786016906383360,2,15,11,0.733333,8,8,0.733333,0.866667,0.05381948,0.06666667,0.57142857,0.1047619,0.874603,12
552786099899494400,2,21,18,0.857143,17,17,0.904762,1.0,0.04397055,0.04761905,0.85,0.08571429,0.763013,20
552786116404072448,2,6,5,0.833333,4,4,0.666667,1.0,0.12689364,0.16666667,0.8,0.33333333,0.05,6
552786299875520512,2,11,10,0.909091,8,8,0.727273,1.090909,0.07282986,0.09090909,0.8,0.18181818,0.0,10
552786340958715904,2,18,14,0.777778,12,12,0.833333,0.944444,0.04851966,0.05555556,0.70588235,0.09150327,0.078704,14
552786361758265344,1,13,0,0.0,0,0,1.0,0.769231,0.07692308,0.07692308,0.0,0.0,0.751164,11
552786818853113857,1,14,1,0.071429,1,0,0.928571,0.071429,0.06734006,0.07142857,0.0,0.01098901,0.710884,14
552787144373460992,4,14,12,0.857143,10,10,0.785714,1.357143,0.05745095,0.07142857,0.76923077,0.13186813,0.02381,12
552787144415404032,4,7,6,0.857143,3,3,0.428571,1.714286,0.07646023,0.14285714,0.5,0.28571429,0.178571,5
552787231468191744,1,2,0,0.0,0,0,1.0,0.5,0.5,0.5,0.0,0.0,0.666667,2
552787321561812992,3,24,23,0.958333,17,17,0.791667,1.25,0.03477438,0.04166667,0.73913043,0.08333333,0.041667,21
552787361437057024,12,110,76,0.690909,14,14,0.545455,2.890909,0.00540307,0.00909091,0.12844037,0.01267723,0.028128,23
552787544837197824,1,8,2,0.25,1,1,0.75,0.25,0.10309287,0.125,0.14285714,0.07142857,0.833333,3
552787599031828480,1,6,5,0.833333,5,5,0.833333,0.833333,0.14598557,0.16666667,1.0,0.33333333,0.229809,6
552787878351474688,1,2,1,0.5,1,1,0.5,0.5,0.35087736,0.5,1.0,1.0,0.75,2
552787914271510529,0,7,0,0.0,0,0,1.0,0.0,0.14285714,0.14285714,0.0,0.0,0.0,7
552788007603142656,4,15,14,0.933333,11,11,0.733333,1.333333,0.04847751,0.06666667,0.78571429,0.13333333,0.074074,12
552788396733906944,1,3,0,0.0,0,0,1.0,0.666667,0.33333333,0.33333333,0.0,0.0,0.806452,3
552788555584765952,3,29,4,0.137931,1,0,0.862069,0.344828,0.03019096,0.03448276,0.0,0.00985222,0.0,11
552788720236376064,2,9,8,0.888889,6,6,0.666667,1.111111,0.08481175,0.11111111,0.75,0.22222222,0.233083,9
552788886355996672,7,61,42,0.688525,10,10,0.622951,1.819672,0.0108688,0.01639344,0.16666667,0.02295082,0.898423,24
552788945017516032,5,28,23,0.821429,9,9,0.571429,1.714286,0.02313595,0.03571429,0.33333333,0.06084656,0.931548,15
552788947219533824,1,4,3,0.75,3,3,0.75,0.75,0.20618575,0.25,1.0,0.5,0.960526,4
552789127792717826,0,7,0,0.0,0,0,1.0,0.0,0.14285714,0.14285714,0.0,0.0,1.0,7
552789196906459136,1,5,0,0.0,0,0,1.0,0.8,0.2,0.2,0.0,0.0,0.2,5
552789252690706432,1,18,14,0.777778,13,13,0.888889,0.777778,0.05076139,0.05555556,0.76470588,0.09150327,0.027778,16
552789443644751872,2,20,17,0.85,15,15,0.85,0.9,0.0442513,0.05,0.78947368,0.08947368,0.028472,18
552789521646247936,3,33,14,0.424242,4,0,0.787879,1.151515,0.02455249,0.03030303,0.0,0.02651515,0.652106,23
552789550238801920,3,11,9,0.818182,6,6,0.636364,1.181818,0.06465924,0.09090909,0.6,0.16363636,0.054545,7
552789583260577792,2,15,14,0.933333,13,13,0.866667,1.0,0.05968174,0.06666667,0.92857143,0.13333333,0.0,11
552789886202175490,0,6,0,0.0,0,0,1.0,0.0,0.16666667,0.16666667,0.0,0.0,0.18254,6
552790074166108160,1,9,8,0.888889,8,8,0.888889,0.888889,0.10152277,0.11111111,1.0,0.22222222,0.765152,8
552790082533752832,0,1,0,0.0,0,0,1.0,0.0,1.0,1.0,1.0,1.0,0.56,1
552790371848040449,0,14,0,0.0,0,0,1.0,0.0,0.07142857,0.07142857,0.0,0.0,0.781746,13
552790565642067968,2,13,8,0.615385,7,7,0.846154,0.692308,0.06755294,0.07692308,0.58333333,0.1025641,0.0,9
552790598823186432,1,3,2,0.666667,2,2,0.666667,0.666667,0.25974051,0.33333333,1.0,0.66666667,0.191667,3
552790695036321793,2,15,4,0.266667,2,0,0.8,0.333333,0.05583082,0.06666667,0.0,0.03809524,0.005128,11
552790742700417024,3,20,16,0.8,14,14,0.85,1.05,0.04424457,0.05,0.73684211,0.08421053,0.791924,14
552790824971677696,5,25,22,0.88,14,14,0.68,1.56,0.02774936,0.04,0.58333333,0.07333333,0.905127,17
552790838015979520,2,20,18,0.9,18,18,0.95,1.0,0.04796147,0.05,0.94736842,0.09473684,0.860439,20
552790875492073472,1,6,5,0.833333,5,5,0.833333,0.833333,0.14598557,0.16666667,1.0,0.33333333,0.895238,5
552790878805168129,0,6,0,0.0,0,0,1.0,0.0,0.16666667,0.16666667,0.0,0.0,0.643571,4
552791034447794176,2,9,7,0.777778,6,6,0.777778,0.888889,0.09241783,0.11111111,0.75,0.19444444,0.766749,8
552791065645027328,2,9,8,0.888889,7,7,0.777778,1.0,0.09256502,0.11111111,0.875,0.22222222,0.717633,8
552791115599192064,2,8,6,0.75,5,5,0.75,0.875,0.10157943,0.125,0.71428571,0.21428571,0.763928,8
552791159232540673,1,9,1,0.111111,1,0,0.888889,0.111111,0.10152285,0.11111111,0.0,0.02777778,0.019324,8
552791182670327808,2,16,13,0.8125,11,11,0.875,0.9375,0.0562883,0.0625,0.73333333,0.10833333,0.773512,15
552791196247269378,1,23,2,0.086957,1,0,0.913043,0.086957,0.04048582,0.04347826,0.0,0.00790514,0.875151,19
552791203432103937,3,22,7,0.318182,2,0,0.727273,0.454545,0.03509915,0.04545455,0.0,0.03030303,0.078688,13
552791332935434242,5,30,12,0.4,2,0,0.7,1.033333,0.02425398,0.03333333,0.0,0.02758621,0.109048,20
552791414388424704,2,8,5,0.625,4,4,0.75,0.75,0.10120815,0.125,0.57142857,0.17857143,0.0,7
552791578893619200,2,21,18,0.857143,17,17,0.904762,1.0,0.04397055,0.04761905,0.85,0.08571429,0.930604,19
552791678881660928,1,19,14,0.736842,14,14,0.947368,0.736842,0.05037784,0.05263158,0.77777778,0.08187135,0.017544,15
552791719272775680,3,26,19,0.730769,16,16,0.846154,1.076923,0.0338576,0.03846154,0.64,0.05846154,0.062937,16
552791831390732289,2,24,4,0.166667,3,0,0.916667,0.291667,0.03784635,0.04166667,0.0,0.01449275,0.060922,15
552792131447037952,1,4,0,0.0,0,0,1.0,0.75,0.25,0.25,0.0,0.0,0.0,4
552792193992519680,2,7,6,0.857143,4,4,0.714286,1.142857,0.11260468,0.14285714,0.66666667,0.28571429,0.874339,7
552792253601947648,1,2,1,0.5,1,1,0.5,0.5,0.35087736,0.5,1.0,1.0,0.0,1
552792271243210754,8,134,74,0.552239,10,0,0.641791,1.089552,0.00519672,0.00746269,0.0,0.00830434,0.848307,26
552792518870708224,0,1,0,0.0,0,0,1.0,0.0,1.0,1.0,1.0,1.0,0.0,1
552792544132997121,3,18,10,0.555556,4,0,0.777778,1.111111,0.04523972,0.05555556,0.0,0.06535948,0.913105,11
552792802309181440,2,9,7,0.777778,6,6,0.777778,0.888889,0.09241783,0.11111111,0.75,0.19444444,0.712644,9
552792913910833152,1,6,0,0.0,0,0,1.0,0.666667,0.16666667,0.16666667,0.0,0.0,0.869505,6
552792988376915969,0,17,0,0.0,0,0,1.0,0.0,0.05882353,0.05882353,0.0,0.0,0.871223,17
552793409438904321,3,21,7,0.333333,2,0,0.714286,0.571429,0.03544423,0.04761905,0.0,0.03333333,0.037747,16
552793539856588801,0,6,0,0.0,0,0,1.0,0.0,0.16666667,0.16666667,0.0,0.0,0.616667,6
552793551231541249,3,27,9,0.333333,2,0,0.740741,0.518519,0.02925064,0.03703704,0.0,0.02564103,0.698697,21
552793552376569857,9,172,107,0.622093,4,0,0.622093,1.860465,0.00392715,0.00581395,0.0,0.00727594,0.960724,23
552793679082311680,2,16,7,0.4375,6,6,0.875,1.375,0.05611541,0.0625,0.4,0.05833333,0.887798,15
552793759210307584,3,18,8,0.444444,2,1,0.611111,0.666667,0.04113316,0.05555556,0.05882353,0.05228758,0.0,4
552794157484634112,7,25,18,0.72,4,4,0.52,1.8,0.0214337,0.04,0.16666667,0.06,0.680783,12
552794286849536001,2,22,1,0.045455,1,0,0.954545,0.181818,0.04376368,0.04545455,0.0,0.004329,0.190144,21
552794514424102913,1,16,2,0.125,1,0,0.875,0.125,0.05649718,0.0625,0.0,0.01666667,0.110732,15
552794942759010304,1,8,7,0.875,7,7,0.875,0.875,0.11299419,0.125,1.0,0.25,0.749167,8
552794995942772736,2,21,6,0.285714,1,0,0.714286,0.714286,0.03728206,0.04761905,0.0,0.02857143,0.003663,10
552795050502270976,1,6,5,0.833333,5,5,0.833333,0.833333,0.14598557,0.16666667,1.0,0.33333333,0.916667,6
552795056080691200,2,5,3,0.6,3,3,0.8,1.0,0.17094005,0.2,0.75,0.3,0.206783,5
552795566242279424,2,4,3,0.75,2,2,0.5,1.0,0.16498256,0.25,0.66666667,0.5,0.499097,4
552795585095671808,1,5,4,0.8,4,4,0.8,0.8,0.17094005,0.2,1.0,0.4,0.732692,5
552795693682032640,1,9,8,0.888889,8,8,0.888889,0.888889,0.10152277,0.11111111,1.0,0.22222222,0.754046,9
552795773180858368,5,105,73,0.695238,9,9,0.657143,1.552381,0.00679553,0.00952381,0.08653846,0.01336996,0.858602,21
552795778922864640,6,24,19,0.791667,7,7,0.541667,1.833333,0.02567154,0.04166667,0.30434783,0.06884058,0.05,13
552795953301045248,1,9,8,0.888889,8,8,0.888889,0.888889,0.10152277,0.11111111,1.0,0.22222222,0.214782,8
552796091255894016,2,16,15,0.9375,14,14,0.875,1.0,0.05633301,0.0625,0.93333333,0.125,0.748512,16
552796269069209600,1,4,3,0.75,3,3,0.75,0.75,0.20618575,0.25,1.0,0.5,0.257593,4
552796506642591744,5,21,12,0.571429,5,0,0.761905,1.904762,0.03904531,0.04761905,0.0,0.05714286,0.02381,9
552796522904297472,3,35,26,0.742857,15,15,0.685714,1.0,0.02153737,0.02857143,0.44117647,0.04369748,0.071429,17
552796619104866304,5,32,21,0.65625,12,12,0.8125,1.34375,0.02569523,0.03125,0.38709677,0.04233871,0.017113,20
552796625467621376,3,20,18,0.9,15,15,0.8,1.1,0.04122057,0.05,0.78947368,0.09473684,0.107808,18
552796863297236992,1,6,5,0.833333,5,5,0.833333,0.833333,0.14598557,0.16666667,1.0,0.33333333,0.511349,6
552796895513681920,1,5,4,0.8,4,4,0.8,0.8,0.17094005,0.2,1.0,0.4,0.427556,5
552797058990870528,1,2,1,0.5,1,1,0.5,0.5,0.35087736,0.5,1.0,1.0,0.0,2
552797114863198208,1,2,1,0.5,1,1,0.5,0.5,0.35087736,0.5,1.0,1.0,0.25,2
552797148975464448,2,23,18,0.782609,17,17,0.913043,0.869565,0.04048582,0.04347826,0.77272727,0.07114625,0.085024,20
552797154692300800,10,301,176,0.584718,5,4,0.554817,1.694352,0.00212954,0.00332226,0.01333333,0.00389812,0.0,8
552797170295144449,2,9,3,0.333333,1,0,0.666667,0.444444,0.08148297,0.11111111,0.0,0.08333333,0.240741,8
552797406094716929,1,20,1,0.05,1,0,0.95,0.2,0.04796164,0.05,0.0,0.00526316,0.747603,16
552797638807281664,3,15,7,0.466667,5,5,0.8,1.2,0.05651473,0.06666667,0.35714286,0.06666667,0.660614,7
552797729504886784,3,29,19,0.655172,10,10,0.758621,1.0,0.02799026,0.03448276,0.35714286,0.04679803,0.030172,19
552797828977029120,3,17,15,0.882353,13,13,0.823529,1.058824,0.04907901,0.05882353,0.8125,0.11029412,0.14951,15
552798010196107264,2,8,6,0.75,5,5,0.75,0.875,0.10157943,0.125,0.71428571,0.21428571,0.056122,7
552798016646942721,0,8,0,0.0,0,0,1.0,0.0,0.125,0.125,0.0,0.0,0.170425,8
552798200990806016,1,2,1,0.5,1,1,0.5,0.5,0.35087736,0.5,1.0,1.0,0.0,2
552798310889566209,7,19,11,0.578947,3,0,0.631579,1.947368,0.03535338,0.05263158,0.0,0.06432749,0.104428,4
552798640679702528,3,29,13,0.448276,5,5,0.793103,0.793103,0.02849825,0.03448276,0.17857143,0.0320197,0.088456,6
552798654495354880,3,25,19,0.76,14,14,0.8,1.0,0.03357057,0.04,0.58333333,0.06333333,0.735619,21
552798832359374849,0,5,0,0.0,0,0,1.0,0.0,0.2,0.2,0.0,0.0,0.04,4
552798891994009601,0,7,0,0.0,0,0,1.0,0.0,0.14285714,0.14285714,0.0,0.0,0.744625,7
552799062421164032,3,22,14,0.636364,9,9,0.727273,1.0,0.03429461,0.04545455,0.42857143,0.06060606,0.628847,15
552799100715167744,4,20,9,0.45,2,0,0.7,1.5,0.03626526,0.05,0.0,0.04736842,0.146667,8
552799317602615297,1,12,0,0.0,0,0,1.0,0.083333,0.08333333,0.08333333,0.0,0.0,0.6956,12
552799591255384065,1,11,1,0.090909,1,0,0.909091,0.090909,0.08438817,0.09090909,0.0,0.01818182,0.782828,10
552799606833430528,2,10,8,0.8,6,6,0.8,1.0,0.08459937,0.1,0.66666667,0.17777778,0.0,8
552799640488517632,1,13,11,0.846154,10,10,0.846154,0.846154,0.06802726,0.07692308,0.83333333,0.14102564,0.788089,12
552799669521481728,2,11,8,0.727273,7,7,0.818182,0.818182,0.07810538,0.09090909,0.7,0.14545455,0.0,8
552800045096259584,3,18,17,0.944444,12,12,0.666667,1.333333,0.04027715,0.05555556,0.70588235,0.11111111,0.787037,15
552800070199148544,3,29,10,0.344828,2,0,0.758621,0.862069,0.02775173,0.03448276,0.0,0.02463054,0.0,8
552800222553079809,0,12,0,0.0,0,0,1.0,0.0,0.08333333,0.08333333,0.0,0.0,0.049074,11
552800223496790018,2,12,3,0.25,1,0,0.75,0.333333,0.06547719,0.08333333,0.0,0.04545455,0.074265,8
552800290861510656,4,28,24,0.857143,16,16,0.785714,1.178571,0.02908492,0.03571429,0.59259259,0.06349206,0.06576,20
552800929519792128,0,1,0,0.0,0,0,1.0,0.0,1.0,1.0,1.0,1.0,0.0,1
552801028262096896,4,38,26,0.684211,9,9,0.684211,1.5,0.02009027,0.02631579,0.24324324,0.03698435,0.041989,15
552801115516186625,1,13,1,0.076923,1,0,0.923077,0.076923,0.07220216,0.07692308,0.0,0.01282051,0.0,8
552801438821515264,1,12,11,0.916667,11,11,0.916667,0.916667,0.07782115,0.08333333,1.0,0.16666667,0.809188,11
552801667855695873,0,13,0,0.0,0,0,1.0,0.0,0.07692308,0.07692308,0.0,0.0,0.20584,11
552801724898226176,3,34,14,0.411765,8,8,0.852941,1.205882,0.0261438,0.02941176,0.24242424,0.02495544,0.029412,26
552801829290270720,4,33,19,0.575758,4,3,0.666667,1.151515,0.02128101,0.03030303,0.09375,0.03598485,0.824916,9
552801880812691456,2,8,3,0.375,2,2,0.75,0.625,0.09939114,0.125,0.28571429,0.10714286,0.75,5
552801894092275712,2,21,15,0.714286,11,11,0.761905,0.904762,0.03939896,0.04761905,0.55,0.07142857,0.065569,13
552801954733490176,1,3,2,0.666667,2,2,0.666667,0.666667,0.25974051,0.33333333,1.0,0.66666667,0.904762,3
552801958428700672,2,12,11,0.916667,10,10,0.833333,1.0,0.07260977,0.08333333,0.90909091,0.16666667,0.790759,11
552801979861598208,5,65,40,0.615385,11,11,0.630769,1.2,0.01075367,0.01538462,0.171875,0.01923077,0.013846,24
552802011733716992,5,30,26,0.866667,9,9,0.766667,2.0,0.0274136,0.03333333,0.31034483,0.05977011,0.0,23
552802098602319873,3,24,4,0.166667,1,0,0.833333,0.291667,0.03394542,0.04166667,0.0,0.01449275,0.031552,19
552802099331735552,7,94,53,0.56383,4,0,0.595745,1.62766,0.00694924,0.0106383,0.0,0.01212537,0.011525,13
552802117908697088,4,18,16,0.888889,9,9,0.611111,1.333333,0.03751337,0.05555556,0.52941176,0.10457516,0.018519,11
552802128688078848,2,13,10,0.769231,9,9,0.846154,0.846154,0.06765775,0.07692308,0.75,0.12820513,0.839957,12
552802515969138688,1,15,9,0.6,9,9,0.933333,0.6,0.06309152,0.06666667,0.64285714,0.08571429,0.258035,14
552802531672588288,2,7,6,0.857143,5,5,0.714286,1.0,0.11306466,0.14285714,0.83333333,0.28571429,0.047619,7
552802606696136705,3,30,8,0.266667,2,0,0.766667,0.4,0.02678038,0.03333333,0.0,0.0183908,0.849928,18
552802654641225728,2,8,7,0.875,6,6,0.75,1.0,0.10182859,0.125,0.85714286,0.25,0.730357,8
552802714816905216,2,12,11,0.916667,10,10,0.833333,1.0,0.07260977,0.08333333,0.90909091,0.16666667,0.03125,11
552803413583360001,1,8,1,0.125,1,0,0.875,0.25,0.11299437,0.125,0.0,0.03571429,0.008929,7
552803431702749184,2,11,10,0.909091,9,9,0.818182,1.0,0.07824555,0.09090909,0.9,0.18181818,0.0,9
552803757864787968,1,4,3,0.75,3,3,0.75,0.75,0.20618575,0.25,1.0,0.5,0.0,4
552803792618799106,2,28,4,0.142857,1,0,0.857143,0.178571,0.03113084,0.03571429,0.0,0.01058201,0.091071,21
552803839490150400,2,16,14,0.875,13,13,0.875,0.9375,0.05632038,0.0625,0.86666667,0.11666667,0.803934,15
552804175310901248,1,11,5,0.454545,5,5,0.909091,0.636364,0.08438817,0.09090909,0.5,0.09090909,0.109091,7
552804198161854464,1,9,8,0.888889,8,8,0.888889,0.888889,0.10152277,0.11111111,1.0,0.22222222,0.0,9
552804301316579330,4,47,22,0.468085,3,0,0.659574,0.851064,0.01535236,0.0212766,0.0,0.02035153,0.067705,16
552804328319504384,2,21,20,0.952381,18,18,0.857143,1.047619,0.04231858,0.04761905,0.9,0.0952381,0.049539,19
552804394727927808,1,8,6,0.75,6,6,0.875,0.75,0.11299419,0.125,0.85714286,0.21428571,0.809355,8
552804408233193473,0,4,0,0.0,0,0,1.0,0.0,0.25,0.25,0.0,0.0,0.882022,4
552804454773567488,3,26,13,0.5,5,5,0.730769,0.769231,0.03060676,0.03846154,0.2,0.04,0.110867,14
552804491821854720,5,22,18,0.818182,10,10,0.681818,1.772727,0.03275628,0.04545455,0.47619048,0.07792208,0.0,14
552804592988479488,2,7,6,0.857143,5,5,0.714286,1.0,0.11306466,0.14285714,0.83333333,0.28571429,0.107143,6
552804668951511041,0,1,0,0.0,0,0,1.0,0.0,1.0,1.0,1.0,1.0,1.0,1
552804763461775360,1,5,4,0.8,4,4,0.8,0.8,0.17094005,0.2,1.0,0.4,0.653846,5
552804769241526272,3,12,10,0.833333,9,9,0.833333,1.166667,0.0725675,0.08333333,0.81818182,0.15151515,0.090476,8
552804784819154944,3,14,4,0.285714,2,0,0.785714,1.0,0.05913221,0.07142857,0.0,0.04395604,0.083333,8
552804810463117312,7,33,26,0.787879,5,5,0.606061,2.393939,0.01991734,0.03030303,0.15625,0.04924242,0.053144,15
552804839886184448,1,10,9,0.9,9,9,0.9,0.9,0.09216586,0.1,1.0,0.2,0.68,10
552804962158514176,4,23,20,0.869565,12,12,0.652174,1.434783,0.03069428,0.04347826,0.54545455,0.07905138,0.003106,14
552805050620604418,5,51,17,0.333333,6,0,0.803922,0.803922,0.01582888,0.01960784,0.0,0.01333333,0.044568,28
552805069956329472,4,23,17,0.73913,10,10,0.73913,1.478261,0.03414521,0.04347826,0.45454545,0.06719368,0.143379,14
552805169206157312,4,25,18,0.72,6,6,0.6,1.36,0.02796473,0.04,0.25,0.06,0.0,11
552805175874686977,2,28,12,0.428571,3,0,0.678571,0.571429,0.02661214,0.03571429,0.0,0.03174603,0.176455,9
552805209424941058,0,3,0,0.0,0,0,1.0,0.0,0.33333333,0.33333333,0.0,0.0,0.097561,3
552805267990413312,1,18,17,0.944444,17,17,0.944444,0.944444,0.05305013,0.05555556,1.0,0.11111111,0.869444,13
552805450350362625,3,37,8,0.216216,2,0,0.810811,0.297297,0.0222177,0.02702703,0.0,0.01201201,0.055489,23
552805488631758849,7,111,40,0.36036,5,0,0.72973,0.783784,0.00682872,0.00900901,0.0,0.00655201,0.664437,15
552805596198871040,1,14,12,0.857143,12,12,0.928571,0.857143,0.06734012,0.07142857,0.92307692,0.13186813,0.913763,12
552805619301097472,2,10,8,0.8,7,7,0.8,0.9,0.08472267,0.1,0.77777778,0.17777778,0.917391,8
552805638024077312,2,20,19,0.95,18,18,0.9,1.0,0.04599789,0.05,0.94736842,0.1,0.168501,19
552805735885991936,1,2,0,0.0,0,0,1.0,0.5,0.5,0.5,0.0,0.0,0.685897,2
552805799106732032,2,22,18,0.818182,15,15,0.818182,0.909091,0.03821077,0.04545455,0.71428571,0.07792208,0.075606,18
552805830677258240,3,27,20,0.740741,14,14,0.740741,1.037037,0.02890694,0.03703704,0.53846154,0.05698006,0.0,17
552805853762699264,1,7,6,0.857143,6,6,0.857143,0.857143,0.12738858,0.14285714,1.0,0.28571429,0.0,7
552805956619628544,2,16,1,0.0625,1,0,0.9375,1.0,0.05934721,0.0625,0.0,0.00833333,0.049342,16
552805970536333314,0,16,0,0.0,0,0,1.0,0.0,0.0625,0.0625,0.0,0.0,0.045387,16
552806056154644480,5,21,17,0.809524,10,10,0.619048,1.714286,0.0338013,0.04761905,0.5,0.08095238,0.060544,13
552806077755326464,3,41,25,0.609756,12,12,0.756098,0.902439,0.01976925,0.02439024,0.3,0.0304878,0.047635,19
552806117328568321,0,4,0,0.0,0,0,1.0,0.0,0.25,0.25,0.0,0.0,0.49579,4
552806309540528128,7,40,27,0.675,13,13,0.725,1.7,0.01966291,0.025,0.33333333,0.03461538,0.761012,22
552806462125506560,2,6,5,0.833333,4,4,0.666667,1.0,0.12689364,0.16666667,0.8,0.33333333,0.192299,6
552806610490646528,7,346,184,0.531792,13,13,0.693642,1.384393,0.00215885,0.00289017,0.03768116,0.00308285,0.020473,77
552806624046641153,0,13,0,0.0,0,0,1.0,0.0,0.07692308,0.07692308,0.0,0.0,0.083333,13
552806757672964097,1,13,1,0.076923,1,0,0.923077,0.076923,0.07220216,0.07692308,0.0,0.01282051,0.842491,12
552806890498191361,0,10,0,0.0,0,0,1.0,0.0,0.1,0.1,0.0,0.0,0.017391,10
552806932176977920,3,23,14,0.608696,5,5,0.652174,1.043478,0.03237954,0.04347826,0.22727273,0.05533597,0.0,7
552806937470201856,1,20,15,0.75,14,14,0.9,0.75,0.04608293,0.05,0.73684211,0.07894737,0.663556,16
552807013764575232,1,11,10,0.909091,10,10,0.909091,0.909091,0.08438842,0.09090909,1.0,0.18181818,0.092803,9
552807027781947393,1,22,2,0.090909,2,0,0.954545,0.090909,0.04376368,0.04545455,0.0,0.00865801,0.831328,21
552807054268956673,2,17,1,0.058824,1,0,0.941176,0.176471,0.05602243,0.05882353,0.0,0.00735294,0.044118,16
552807071054184448,1,4,3,0.75,3,3,0.75,0.75,0.20618575,0.25,1.0,0.5,0.0,4
552807101442322432,3,20,18,0.9,16,16,0.85,1.05,0.04281552,0.05,0.84210526,0.09473684,0.113571,17
552807191775043585,0,9,0,0.0,0,0,1.0,0.0,0.11111111,0.11111111,0.0,0.0,0.138889,9
552807210041212928,1,2,1,0.5,1,1,0.5,0.5,0.35087736,0.5,1.0,1.0,0.458333,2
552807236339507200,1,10,9,0.9,9,9,0.9,0.9,0.09216586,0.1,1.0,0.2,0.0,10
552807328287064065,2,20,2,0.1,1,0,0.9,0.2,0.04459811,0.05,0.0,0.01052632,0.146288,17
552807528070131712,1,18,14,0.777778,13,13,0.888889,0.777778,0.05076139,0.05555556,0.76470588,0.09150327,0.822917,15
552807536894947329,1,7,2,0.285714,1,0,0.714286,0.285714,0.11494245,0.14285714,0.0,0.0952381,0.0,6
552807582113730560,1,5,4,0.8,4,4,0.8,0.8,0.17094005,0.2,1.0,0.4,0.034783,5
552807598966059008,4,32,26,0.8125,16,16,0.71875,1.28125,0.02408437,0.03125,0.51612903,0.05241935,0.066964,18
552807658869493760,1,9,6,0.666667,6,6,0.888889,0.666667,0.10152277,0.11111111,0.75,0.16666667,0.027778,8
552807783385800705,0,7,0,0.0,0,0,1.0,0.0,0.14285714,0.14285714,0.0,0.0,0.362245,7
552807832257835008,1,13,11,0.846154,11,11,0.923077,0.846154,0.07220225,0.07692308,0.91666667,0.14102564,0.100592,13
552807834434699264,2,20,16,0.8,14,14,0.9,1.1,0.04597361,0.05,0.73684211,0.08421053,0.795062,18
552807874192482305,10,36,14,0.388889,2,0,0.666667,1.916667,0.01736122,0.02777778,0.0,0.02222222,0.005556,9
552807904597008385,8,66,31,0.469697,3,0,0.651515,1.636364,0.00981835,0.01515152,0.0,0.01445221,0.038889,19
552808071387701248,5,110,57,0.518182,13,13,0.681818,1.181818,0.00671229,0.00909091,0.11926606,0.00950792,0.943925,19
552808135006887937,2,18,1,0.055556,1,0,0.944444,0.166667,0.05305041,0.05555556,0.0,0.00653595,0.0,12
552808138127446016,1,8,5,0.625,5,5,0.875,0.625,0.11299437,0.125,0.71428571,0.17857143,0.0,6
552808242276229120,1,19,17,0.894737,17,17,0.947368,0.894737,0.05037763,0.05263158,0.94444444,0.0994152,0.105645,18
552808282398924800,2,18,11,0.611111,8,8,0.777778,0.666667,0.04653257,0.05555556,0.47058824,0.07189542,0.861111,9
552808461940301825,3,9,5,0.555556,2,0,0.555556,1.0,0.07066106,0.11111111,0.0,0.13888889,0.031746,7
552808487924011008,7,44,36,0.818182,7,7,0.636364,2.75,0.0153435,0.02272727,0.1627907,0.03805497,0.04689,23
552808620187217920,1,5,4,0.8,4,4,0.8,0.8,0.17094005,0.2,1.0,0.4,0.516783,5
552808658510561280,3,21,15,0.714286,7,7,0.571429,1.0,0.03160749,0.04761905,0.35,0.07142857,0.031746,10
552808669646036992,0,1,0,0.0,0,0,1.0,0.0,1.0,1.0,1.0,1.0,0.0,1
552808701065953280,1,10,7,0.7,7,7,0.9,0.7,0.09216586,0.1,0.77777778,0.15555556,0.076786,10
552808776492130304,1,5,4,0.8,4,4,0.8,0.8,0.17094005,0.2,1.0,0.4,0.0,5
552808785329549313,2,10,2,0.2,1,0,0.8,0.4,0.08049894,0.1,0.0,0.04444444,0.075,6
552808904137408512,1,4,3,0.75,3,3,0.75,0.75,0.20618575,0.25,1.0,0.5,0.564312,4
552809042687819776,3,8,5,0.625,2,2,0.625,1.125,0.08751943,0.125,0.28571429,0.17857143,0.0,4
552809336360419329,0,10,0,0.0,0,0,1.0,0.0,0.1,0.1,0.0,0.0,0.072414,10
552809418417790976,2,27,20,0.740741,16,16,0.814815,0.851852,0.03118879,0.03703704,0.61538462,0.05698006,0.780893,22
552809902956367872,3,14,12,0.857143,11,11,0.857143,1.142857,0.06342891,0.07142857,0.84615385,0.13186813,0.07415,13
552810032765497345,6,56,27,0.482143,2,0,0.660714,1.285714,0.01260639,0.01785714,0.0,0.01753247,0.087739,17
552810124776308736,4,26,8,0.307692,2,0,0.769231,1.0,0.03015763,0.03846154,0.0,0.02461538,0.019231,10
552810138114195456,2,5,4,0.8,3,3,0.6,1.0,0.14407486,0.2,0.75,0.4,0.72792,5
552810166744547328,1,16,12,0.75,12,12,0.9375,0.75,0.05934721,0.0625,0.8,0.1,0.0,13
552810249263259649,0,3,0,0.0,0,0,1.0,0.0,0.33333333,0.33333333,0.0,0.0,0.0,3
552810276635291649,2,9,2,0.222222,1,0,0.777778,0.333333,0.08754628,0.11111111,0.0,0.05555556,0.123457,8
552810287695659009,0,14,0,0.0,0,0,1.0,0.0,0.07142857,0.07142857,0.0,0.0,0.219945,14
552810359409897472,1,2,1,0.5,1,1,0.5,0.5,0.35087736,0.5,1.0,1.0,0.0,2
552810448324943872,1,20,17,0.85,17,17,0.95,0.85,0.04796164,0.05,0.89473684,0.08947368,0.773,19
552810477940932609,3,27,10,0.37037,2,0,0.666667,0.62963,0.02646001,0.03703704,0.0,0.02849003,0.091005,15
552810625873633280,4,22,19,0.863636,14,14,0.772727,1.409091,0.03596273,0.04545455,0.66666667,0.08225108,0.022727,17
552810804186460161,1,21,1,0.047619,1,0,0.952381,0.047619,0.0457666,0.04761905,0.0,0.0047619,0.694745,20
552810805243412481,0,3,0,0.0,0,0,1.0,0.0,0.33333333,0.33333333,0.0,0.0,0.0,3
552810855503757313,0,20,0,0.0,0,0,1.0,0.0,0.05,0.05,0.0,0.0,0.016346,18
552810884029222912,2,20,18,0.9,15,15,0.8,1.0,0.04137252,0.05,0.78947368,0.09473684,0.096196,15
552811128326475776,3,13,10,0.769231,8,8,0.769231,1.076923,0.06145338,0.07692308,0.66666667,0.12820513,0.005495,9
552811254667288576,2,25,16,0.64,8,8,0.76,0.76,0.03282857,0.04,0.33333333,0.05333333,0.02,10
552811319079227393,7,50,25,0.5,4,0,0.72,1.38,0.0149294,0.02,0.0,0.02040816,0.087113,18
552811354323963904,2,21,16,0.761905,13,13,0.809524,0.857143,0.04079777,0.04761905,0.65,0.07619048,0.077778,16
552811386259386370,0,19,0,0.0,0,0,1.0,0.0,0.05263158,0.05263158,0.0,0.0,0.719231,18
552811408094945280,4,23,21,0.913043,18,18,0.826087,1.173913,0.03501118,0.04347826,0.81818182,0.08300395,0.136487,19
552811438994378754,2,15,6,0.4,2,0,0.733333,0.533333,0.05229437,0.06666667,0.0,0.05714286,0.0,12
552811533303296001,1,20,1,0.05,1,0,0.95,0.05,0.04796164,0.05,0.0,0.00526316,0.0375,14
552811606640721921,3,47,15,0.319149,3,0,0.787234,0.723404,0.01734626,0.0212766,0.0,0.01387604,0.0,29
552811735183552512,5,31,20,0.645161,5,5,0.548387,1.16129,0.01934805,0.03225806,0.16666667,0.04301075,0.123104,10
552811772038881280,1,11,9,0.818182,9,9,0.909091,0.818182,0.08438817,0.09090909,0.9,0.16363636,0.200866,11
552812020295532544,4,32,13,0.40625,3,0,0.71875,1.15625,0.02405187,0.03125,0.0,0.02620968,0.017578,17
552812040926941185,1,14,2,0.142857,1,0,0.857143,0.142857,0.06369429,0.07142857,0.0,0.02197802,0.0,10
552812098057936896,1,14,13,0.928571,13,13,0.928571,0.928571,0.06734012,0.07142857,1.0,0.14285714,0.0688,11
552812140479148032,5,46,30,0.652174,10,10,0.630435,1.73913,0.0146988,0.02173913,0.22222222,0.02898551,0.014493,19
552812188315172864,2,6,5,0.833333,4,4,0.666667,1.0,0.12689364,0.16666667,0.8,0.33333333,0.194343,6
552812399997489152,0,1,0,0.0,0,0,1.0,0.0,1.0,1.0,1.0,1.0,0.346154,1
552812416485294080,1,6,5,0.833333,5,5,0.833333,0.833333,0.14598557,0.16666667,1.0,0.33333333,0.111111,6
552812475134275584,6,60,41,0.683333,13,13,0.633333,1.416667,0.01138166,0.01666667,0.22033898,0.02316384,0.0,20
552812572731527168,3,21,18,0.857143,12,12,0.714286,1.142857,0.03749889,0.04761905,0.6,0.08571429,0.069902,15
552812623658762240,2,8,7,0.875,6,6,0.75,1.0,0.10182859,0.125,0.85714286,0.25,0.0,8
552812682626465792,2,17,10,0.588235,8,8,0.823529,0.705882,0.05068263,0.05882353,0.5,0.07352941,0.9,10
552812775907422209,2,25,9,0.36,3,0,0.8,0.48,0.03377095,0.04,0.0,0.03,0.078667,12
552812811651272705,6,43,21,0.488372,4,0,0.604651,1.255814,0.01407686,0.02325581,0.0,0.02325581,0.025337,22
552812847651377153,2,7,2,0.285714,1,0,0.714286,0.428571,0.10612886,0.14285714,0.0,0.0952381,0.0,4
552812951208722432,2,20,14,0.7,11,11,0.8,0.85,0.0426155,0.05,0.57894737,0.07368421,0.019167,15
552812984343330816,5,96,52,0.541667,8,3,0.625,1.052083,0.00735485,0.01041667,0.03157895,0.01140351,0.017361,17
552813011803836416,1,11,10,0.909091,10,10,0.909091,0.909091,0.08438842,0.09090909,1.0,0.18181818,0.022727,11
552813155572006912,2,16,14,0.875,12,12,0.8125,0.9375,0.053734,0.0625,0.8,0.11666667,0.0625,14
552813160110252032,2,9,8,0.888889,7,7,0.777778,1.0,0.09256502,0.11111111,0.875,0.22222222,0.0,8
552813223360352256,1,9,8,0.888889,8,8,0.888889,0.888889,0.10152277,0.11111111,1.0,0.22222222,0.0,9
552813420136128513,4,20,6,0.3,1,0,0.7,0.6,0.03446171,0.05,0.0,0.03157895,0.004167,9
552813461953323008,3,39,24,0.615385,10,10,0.74359,0.897436,0.01990234,0.02564103,0.26315789,0.03238866,0.848784,15
552813494345940992,1,8,5,0.625,5,5,0.875,0.625,0.11299437,0.125,0.71428571,0.17857143,0.857692,8
552813549291315200,1,7,6,0.857143,6,6,0.857143,0.857143,0.12738858,0.14285714,1.0,0.28571429,0.872063,7
552813590919778304,5,24,21,0.875,17,17,0.791667,1.375,0.03282897,0.04166667,0.73913043,0.07608696,0.008348,19
552813988644659200,1,15,14,0.933333,14,14,0.933333,0.933333,0.06309152,0.06666667,1.0,0.13333333,0.06444,12
552814076167213056,1,7,5,0.714286,5,5,0.857143,0.714286,0.12738858,0.14285714,0.83333333,0.23809524,0.0,7
552814130827370498,1,11,1,0.090909,1,0,0.909091,0.090909,0.08438817,0.09090909,0.0,0.01818182,0.030303,9
552814137857036289,0,5,0,0.0,0,0,1.0,0.0,0.2,0.2,0.0,0.0,0.0,4
552814213081866240,3,18,15,0.833333,14,14,0.888889,1.055556,0.0506288,0.05555556,0.82352941,0.09803922,0.198589,13
552814216550563840,1,9,8,0.888889,8,8,0.888889,0.888889,0.10152277,0.11111111,1.0,0.22222222,0.0,9
552814280471367680,5,27,20,0.740741,15,15,0.777778,1.148148,0.02764639,0.03703704,0.57692308,0.05698006,0.091899,21
552814317096407040,1,8,7,0.875,7,7,0.875,0.875,0.11299419,0.125,1.0,0.25,0.217262,7
552814382338826240,2,17,9,0.529412,4,4,0.647059,0.647059,0.04247183,0.05882353,0.25,0.06617647,0.0,7
552814410763603968,1,6,5,0.833333,5,5,0.833333,0.833333,0.14598557,0.16666667,1.0,0.33333333,0.0,6
552814460193476609,1,17,2,0.117647,2,0,0.941176,0.176471,0.05602243,0.05882353,0.0,0.01470588,0.116263,14
552814494381256704,1,11,10,0.909091,10,10,0.909091,0.909091,0.08438842,0.09090909,1.0,0.18181818,0.723278,11
552814566594576386,5,54,23,0.425926,3,0,0.722222,1.092593,0.01419523,0.01851852,0.0,0.01607268,0.003392,17
552814627399012352,0,1,0,0.0,0,0,1.0,0.0,1.0,1.0,1.0,1.0,0.111111,1
552814766369284097,0,3,0,0.0,0,0,1.0,0.0,0.33333333,0.33333333,0.0,0.0,0.090909,3
552814767417876480,1,8,7,0.875,7,7,0.875,0.875,0.11299419,0.125,1.0,0.25,0.779167,8
552814770542628865,2,42,17,0.404762,8,0,0.809524,0.452381,0.02015611,0.02380952,0.0,0.01974448,0.046123,19
552814845016694786,0,11,0,0.0,0,0,1.0,0.0,0.09090909,0.09090909,0.0,0.0,0.167325,11
552814916567322624,1,8,4,0.5,4,4,0.875,0.5,0.11299437,0.125,0.57142857,0.14285714,0.0,6
552814974511628289,0,4,0,0.0,0,0,1.0,0.0,0.25,0.25,0.0,0.0,0.25,4
552814978823385088,2,6,5,0.833333,4,4,0.666667,1.0,0.12689364,0.16666667,0.8,0.33333333,0.055556,6
552814983797821440,1,8,7,0.875,7,7,0.875,0.875,0.11299419,0.125,1.0,0.25,0.041667,8
552815017402589184,2,15,13,0.866667,12,12,0.866667,0.933333,0.05966513,0.06666667,0.85714286,0.12380952,0.144658,14
552815091331366912,1,3,2,0.666667,2,2,0.666667,0.666667,0.25974051,0.33333333,1.0,0.66666667,0.0,3
552815122897727488,5,65,48,0.738462,9,8,0.615385,1.723077,0.01053208,0.01538462,0.125,0.02307692,0.065812,30
552815182708494336,1,5,0,0.0,0,0,1.0,0.8,0.2,0.2,0.0,0.0,0.8,5
552815274848964608,1,5,4,0.8,4,4,0.8,0.8,0.17094005,0.2,1.0,0.4,0.625974,5
552815293349650433,2,35,8,0.228571,5,0,0.885714,0.285714,0.02594404,0.02857143,0.0,0.01344538,0.015238,17
552815332931665921,3,22,5,0.227273,1,0,0.772727,0.409091,0.03444521,0.04545455,0.0,0.02164502,0.015152,16
552815387759616000,3,20,17,0.85,14,14,0.8,1.05,0.04120392,0.05,0.73684211,0.08947368,0.048157,17
552815443959091200,3,27,17,0.62963,7,7,0.740741,0.851852,0.02851994,0.03703704,0.26923077,0.04843305,0.048148,9
552815540721291265,0,7,0,0.0,0,0,1.0,0.0,0.14285714,0.14285714,0.0,0.0,0.761905,7
552815575672836096,3,12,8,0.666667,4,4,0.583333,1.0,0.05546563,0.08333333,0.36363636,0.12121212,0.027778,8
552815682241691648,5,28,22,0.785714,17,17,0.892857,1.75,0.03228741,0.03571429,0.62962963,0.05820106,0.168612,18
552815712327454720,4,81,51,0.62963,10,10,0.641975,1.185185,0.00859591,0.01234568,0.125,0.01574074,0.014697,20
552815712432316417,0,3,0,0.0,0,0,1.0,0.0,0.33333333,0.33333333,0.0,0.0,0.0,3
552815993165467649,1,8,1,0.125,1,0,0.875,0.125,0.11299437,0.125,0.0,0.03571429,0.369754,7
552816010752167936,4,17,3,0.176471,1,0,0.823529,1.411765,0.05115088,0.05882353,0.0,0.02205882,0.05124,15
552816020403269632,1,6,4,0.666667,4,4,0.833333,0.666667,0.14598557,0.16666667,0.8,0.26666667,0.746032,6
552816062593761280,2,30,10,0.333333,8,8,0.9,0.433333,0.03072195,0.03333333,0.27586207,0.02298851,0.021429,27
552816233796894720,1,8,7,0.875,7,7,0.875,0.875,0.11299419,0.125,1.0,0.25,0.133013,8
552816288612225024,1,15,11,0.733333,10,10,0.866667,0.733333,0.05988025,0.06666667,0.71428571,0.1047619,0.189699,13
552816288935202817,0,1,0,0.0,0,0,1.0,0.0,1.0,1.0,1.0,1.0,0.2,1
552816302780579840,2,23,16,0.695652,14,14,0.869565,0.73913,0.03906003,0.04347826,0.63636364,0.06324111,0.743577,20
552816497740251136,2,20,2,0.1,1,0,0.9,1.0,0.04459811,0.05,0.0,0.01052632,0.053125,11
552816539175763969,1,15,1,0.066667,1,0,0.933333,0.066667,0.06309148,0.06666667,0.0,0.00952381,0.144624,14
552816561514635264,2,24,17,0.708333,11,11,0.75,0.875,0.03345799,0.04166667,0.47826087,0.0615942,0.060516,14
552816590463315968,1,17,15,0.882353,15,15,0.941176,0.882353,0.05602243,0.05882353,0.9375,0.11029412,0.023529,16
552816600995614721,1,4,1,0.25,1,0,0.75,0.25,0.20618553,0.25,0.0,0.16666667,0.691667,4
552816686752358401,1,20,1,0.05,1,0,0.95,0.05,0.04796164,0.05,0.0,0.00526316,0.0,17
552816689386373121,1,26,7,0.269231,2,0,0.769231,0.269231,0.03215427,0.03846154,0.0,0.02153846,0.048077,11
552816883012239360,2,10,5,0.5,3,3,0.7,0.8,0.07818103,0.1,0.33333333,0.11111111,0.0,4
552816932643405824,1,7,6,0.857143,6,6,0.857143,0.857143,0.12738858,0.14285714,1.0,0.28571429,0.691837,7
552816933851394048,3,18,13,0.722222,8,8,0.722222,1.166667,0.04161597,0.05555556,0.47058824,0.08496732,0.020915,11
552817061203050496,4,10,9,0.9,5,5,0.6,1.8,0.06316786,0.1,0.55555556,0.2,0.093696,7
552817101057318913,0,3,0,0.0,0,0,1.0,0.0,0.33333333,0.33333333,0.0,0.0,0.833333,3
552817146166652928,2,10,9,0.9,8,8,0.8,1.0,0.08481539,0.1,0.88888889,0.2,0.066667,10
552817151112142848,1,10,9,0.9,9,9,0.9,0.9,0.09216586,0.1,1.0,0.2,0.214985,10
552817205982019584,3,30,16,0.533333,5,5,0.7,0.966667,0.02518304,0.03333333,0.17241379,0.03678161,0.033333,14
552817293969739778,8,87,55,0.632184,15,0,0.597701,1.632184,0.00700245,0.01149425,0.0,0.01470195,0.021711,29
552817345887207425,2,21,1,0.047619,1,0,0.952381,0.190476,0.0457666,0.04761905,0.0,0.0047619,0.6503,14
552817367995002880,1,20,19,0.95,19,19,0.95,0.95,0.04796147,0.05,1.0,0.1,0.155955,20
552817391181103104,2,11,10,0.909091,9,9,0.818182,1.0,0.07824555,0.09090909,0.9,0.18181818,0.024793,8
552817490263572480,2,9,8,0.888889,7,7,0.777778,1.0,0.09256502,0.11111111,0.875,0.22222222,0.0,7
552817675408523264,4,26,23,0.884615,13,13,0.653846,1.615385,0.02669827,0.03846154,0.52,0.07076923,0.065253,19
552817711617552385,3,35,10,0.285714,2,0,0.742857,0.457143,0.02305605,0.02857143,0.0,0.01680672,0.137054,15
552817759684665345,0,2,0,0.0,0,0,1.0,0.0,0.5,0.5,0.0,0.0,0.043478,2
552817769604198400,1,6,4,0.666667,4,4,0.833333,0.666667,0.14598557,0.16666667,0.8,0.26666667,0.0,5
552817783910961152,2,16,1,0.0625,1,0,0.9375,0.875,0.05934721,0.0625,0.0,0.00833333,0.031158,16
552817785949396992,3,22,18,0.818182,13,13,0.772727,1.0,0.03685838,0.04545455,0.61904762,0.07792208,0.001567,16
552817918220984320,2,15,10,0.666667,8,8,0.8,0.733333,0.05472698,0.06666667,0.57142857,0.0952381,0.100563,11
552817965813739520,2,23,20,0.869565,18,18,0.869565,0.956522,0.03901643,0.04347826,0.81818182,0.07905138,0.714195,21
552818300041052160,1,15,14,0.933333,14,14,0.933333,0.933333,0.06309152,0.06666667,1.0,0.13333333,0.117478,15
552818301530025984,0,1,0,0.0,0,0,1.0,0.0,1.0,1.0,1.0,1.0,0.0,1
552818309050421250,0,1,0,0.0,0,0,1.0,0.0,1.0,1.0,1.0,1.0,0.0,1
552818334643658752,3,32,12,0.375,2,0,0.65625,1.0625,0.02265944,0.03125,0.0,0.02419355,0.027344,14
552818368487911425,0,4,0,0.0,0,0,1.0,0.0,0.25,0.25,0.0,0.0,0.0,4
552818685526933505,3,38,12,0.315789,3,0,0.736842,0.447368,0.02029161,0.02631579,0.0,0.0170697,0.020243,11
552818799095730176,1,21,19,0.904762,19,19,0.952381,0.904762,0.04576647,0.04761905,0.95,0.09047619,0.030612,21
552818821460148226,1,6,1,0.166667,1,0,0.833333,0.166667,0.14598538,0.16666667,0.0,0.06666667,0.3886,5
552818868604129280,3,9,6,0.666667,6,6,0.888889,1.222222,0.10152277,0.11111111,0.75,0.16666667,0.0,7
552818870281850881,1,24,3,0.125,2,0,0.916667,0.166667,0.0389105,0.04166667,0.0,0.01086957,0.051452,18
552818922798727168,2,29,17,0.586207,12,12,0.827586,0.689655,0.02975197,0.03448276,0.42857143,0.04187192,0.00391,16
552818988468944897,1,14,1,0.071429,1,0,0.928571,0.071429,0.06734006,0.07142857,0.0,0.01098901,0.165849,12
552819064301961216,3,25,21,0.84,12,12,0.76,1.28,0.03186657,0.04,0.5,0.07,0.027,17
552819155859431424,4,53,27,0.509434,5,5,0.735849,1.075472,0.01482915,0.01886792,0.09615385,0.01959361,0.244473,11
552819208212717568,3,11,10,0.909091,5,5,0.636364,1.545455,0.06617403,0.09090909,0.5,0.18181818,0.0,10
552819316702199811,4,27,9,0.333333,3,0,0.740741,0.703704,0.02833981,0.03703704,0.0,0.02564103,0.061686,16
552819350504493057,4,25,5,0.2,2,0,0.84,0.64,0.03476902,0.04,0.0,0.01666667,0.085196,16
552819474320359425,0,1,0,0.0,0,0,1.0,0.0,1.0,1.0,1.0,1.0,0.0,1
552819569103220736,3,8,2,0.25,1,0,0.75,1.125,0.09594626,0.125,0.0,0.07142857,0.095982,6
552819649599897601,4,73,26,0.356164,3,0,0.684932,0.753425,0.00991077,0.01369863,0.0,0.00989346,0.006849,22
552819824007872512,1,4,3,0.75,3,3,0.75,0.75,0.20618575,0.25,1.0,0.5,0.0,4
552819936343883776,4,83,43,0.518072,11,11,0.722892,0.855422,0.0091737,0.01204819,0.13414634,0.01263591,0.03034,19
552819983915700224,2,5,3,0.6,2,2,0.6,0.8,0.14161789,0.2,0.5,0.3,0.066667,5
552819986834923520,4,13,11,0.846154,7,7,0.692308,1.384615,0.0556323,0.07692308,0.58333333,0.14102564,0.071795,8
552820025409941506,0,1,0,0.0,0,0,1.0,0.0,1.0,1.0,1.0,1.0,0.0,1
552820150345297921,0,1,0,0.0,0,0,1.0,0.0,1.0,1.0,1.0,1.0,0.4,1
552820156980670464,2,7,5,0.714286,4,4,0.714286,0.857143,0.11260468,0.14285714,0.66666667,0.23809524,0.089286,5
552820265994829824,1,2,1,0.5,1,1,0.5,0.5,0.35087736,0.5,1.0,1.0,0.0,2
552820331204055041,2,18,3,0.166667,2,0,0.888889,0.277778,0.04896562,0.05555556,0.0,0.01960784,0.055556,15
552820384039706624,3,7,6,0.857143,4,4,0.571429,1.285714,0.09428049,0.14285714,0.66666667,0.28571429,0.085714,5
552820533507944448,2,9,7,0.777778,5,5,0.666667,0.888889,0.08551038,0.11111111,0.625,0.19444444,0.123994,8
552820575752974336,1,17,0,0.0,0,0,1.0,0.882353,0.05882353,0.05882353,0.0,0.0,0.075021,15
552820735513612288,2,5,3,0.6,2,2,0.6,0.8,0.14161789,0.2,0.5,0.3,0.057143,3
552820736490889216,6,31,25,0.806452,12,12,0.580645,2.096774,0.01917257,0.03225806,0.4,0.05376344,0.713339,20
552820842544246784,6,96,57,0.59375,7,7,0.604167,1.59375,0.00711085,0.01041667,0.07368421,0.0125,0.014789,13
552820930419109888,2,24,17,0.708333,15,15,0.875,0.833333,0.03759656,0.04166667,0.65217391,0.0615942,0.020833,19
552821030117711872,3,49,21,0.428571,10,10,0.816327,0.55102,0.01701739,0.02040816,0.20833333,0.01785714,0.020229,19
552821050145513472,3,20,17,0.85,14,14,0.8,1.05,0.04120392,0.05,0.73684211,0.08947368,0.079167,18
552821069036670976,3,22,19,0.863636,15,15,0.772727,1.090909,0.03682167,0.04545455,0.71428571,0.08225108,0.822321,19
552821223676444672,1,7,6,0.857143,6,6,0.857143,0.857143,0.12738858,0.14285714,1.0,0.28571429,0.013605,7
552821282447040513,0,10,0,0.0,0,0,1.0,0.0,0.1,0.1,0.0,0.0,0.077673,10
552821287933202435,5,40,19,0.475,4,0,0.65,1.225,0.01820956,0.025,0.0,0.02435897,0.805723,19
552821437678223361,6,46,24,0.521739,4,0,0.652174,1.347826,0.01503709,0.02173913,0.0,0.02318841,0.075851,15
552821475066281984,1,11,10,0.909091,10,10,0.909091,0.909091,0.08438842,0.09090909,1.0,0.18181818,0.701116,11
552821570423771136,2,17,1,0.058824,1,0,0.941176,1.0,0.05602243,0.05882353,0.0,0.00735294,0.170412,16
552821573946982401,3,21,5,0.238095,1,0,0.761905,0.380952,0.03661789,0.04761905,0.0,0.02380952,0.082904,17
552821659103940608,3,18,15,0.833333,13,13,0.833333,1.0,0.04678295,0.05555556,0.76470588,0.09803922,0.076842,15
552821730100924417,3,31,11,0.354839,2,0,0.709677,0.548387,0.0245319,0.03225806,0.0,0.02365591,0.021478,16
552821810224304128,5,53,32,0.603774,7,7,0.660377,1.320755,0.01375497,0.01886792,0.13461538,0.02322206,0.061605,15
552821810572439553,1,25,2,0.08,1,0,0.92,0.12,0.03745318,0.04,0.0,0.00666667,0.068569,22
552821862850637825,0,20,0,0.0,0,0,1.0,0.0,0.05,0.05,0.0,0.0,0.045513,20
552821977061556225,8,127,71,0.559055,6,0,0.708661,2.03937,0.00580111,0.00787402,0.0,0.00887389,0.015745,29
552821991850668032,1,7,6,0.857143,6,6,0.857143,0.857143,0.12738858,0.14285714,1.0,0.28571429,0.098901,7
552822043490938881,0,20,0,0.0,0,0,1.0,0.0,0.05,0.05,0.0,0.0,0.0,20
552822076676255744,2,13,1,0.076923,1,0,0.923077,1.0,0.07220216,0.07692308,0.0,0.01282051,0.009414,13
552822314157768704,2,19,15,0.789474,15,15,0.947368,1.105263,0.05037784,0.05263158,0.83333333,0.0877193,0.161757,19
552822330141851649,16,98,51,0.520408,3,0,0.612245,2.959184,0.00657199,0.01020408,0.0,0.01073007,0.109575,23
552822434639126528,2,13,11,0.846154,11,11,0.923077,1.0,0.07220225,0.07692308,0.91666667,0.14102564,0.508541,13
552822450824962048,1,10,9,0.9,9,9,0.9,0.9,0.09216586,0.1,1.0,0.2,0.077778,10
552822465047437314,0,4,0,0.0,0,0,1.0,0.0,0.25,0.25,0.0,0.0,0.117188,4
552822544341139458,5,20,5,0.25,1,0,0.75,0.8,0.03550172,0.05,0.0,0.02631579,0.0,13
552822566726164481,4,22,9,0.409091,2,0,0.636364,1.0,0.03100768,0.04545455,0.0,0.03896104,0.016234,8
552822604206460928,2,26,21,0.807692,17,17,0.884615,0.923077,0.03473325,0.03846154,0.68,0.06461538,0.09543,22
552822696195932161,0,3,0,0.0,0,0,1.0,0.0,0.33333333,0.33333333,0.0,0.0,0.853333,3
552822696200142850,0,3,0,0.0,0,0,1.0,0.0,0.33333333,0.33333333,0.0,0.0,0.833333,3
552822718115373057,0,17,0,0.0,0,0,1.0,0.0,0.05882353,0.05882353,0.0,0.0,0.023572,17
552822739388882944,1,12,1,0.083333,1,0,0.916667,0.583333,0.077821,0.08333333,0.0,0.01515152,0.008996,11
552822783311630336,3,25,8,0.32,1,0,0.68,1.36,0.0300797,0.04,0.0,0.02666667,0.268829,20
552822812281692160,1,9,8,0.888889,8,8,0.888889,0.888889,0.10152277,0.11111111,1.0,0.22222222,0.166667,7
552822841541144577,0,4,0,0.0,0,0,1.0,0.0,0.25,0.25,0.0,0.0,0.0,3
552822873773993984,2,20,12,0.6,10,10,0.85,0.65,0.04420423,0.05,0.52631579,0.06315789,0.008333,15
552822887988883457,2,37,11,0.297297,2,0,0.756757,0.432432,0.02186567,0.02702703,0.0,0.01651652,0.047715,11
552822944603582464,1,20,19,0.95,19,19,0.95,0.95,0.04796147,0.05,1.0,0.1,0.040312,20
552823014866563072,4,32,28,0.875,18,18,0.75,1.28125,0.02369256,0.03125,0.58064516,0.05645161,0.09003,22
552823029680852992,1,2,1,0.5,1,1,0.5,0.5,0.35087736,0.5,1.0,1.0,0.022727,2
552823108537954306,4,59,22,0.372881,2,0,0.661017,0.830508,0.01174823,0.01694915,0.0,0.01285798,0.019068,22
552823186966855680,1,10,9,0.9,9,9,0.9,0.9,0.09216586,0.1,1.0,0.2,0.0,10
552823198484819969,0,13,0,0.0,0,0,1.0,0.0,0.07692308,0.07692308,0.0,0.0,0.12173,11
552823301899575296,2,18,17,0.944444,16,16,0.888889,1.0,0.05064538,0.05555556,0.94117647,0.11111111,0.07682,17
552823427862908928,3,18,15,0.833333,11,11,0.722222,1.111111,0.04305641,0.05555556,0.64705882,0.09803922,0.091646,13
552823691500072960,0,1,0,0.0,0,0,1.0,0.0,1.0,1.0,1.0,1.0,0.0,1
552823829333291010,2,10,4,0.4,2,0,0.8,0.6,0.08291021,0.1,0.0,0.08888889,0.09,9
552823933381394432,8,53,36,0.679245,5,5,0.528302,2.622642,0.01148735,0.01886792,0.09615385,0.02612482,0.016981,9
552823940440403968,1,14,11,0.785714,11,11,0.928571,0.785714,0.06734012,0.07142857,0.84615385,0.12087912,0.057532,14
552823949311369216,1,4,3,0.75,3,3,0.75,0.75,0.20618575,0.25,1.0,0.5,0.0625,4
552823984358977536,0,1,0,0.0,0,0,1.0,0.0,1.0,1.0,1.0,1.0,0.0,1
552824126659104771,0,3,0,0.0,0,0,1.0,0.0,0.33333333,0.33333333,0.0,0.0,0.015152,3
552824162969210880,2,15,13,0.866667,12,12,0.866667,1.066667,0.05966513,0.06666667,0.85714286,0.12380952,0.080625,15
552824163841638400,4,22,19,0.863636,10,10,0.590909,1.409091,0.02928938,0.04545455,0.47619048,0.08225108,0.040528,15
552824320389435392,2,23,20,0.869565,19,19,0.913043,0.956522,0.04048582,0.04347826,0.86363636,0.07905138,0.001976,20
552824383816073216,1,16,15,0.9375,15,15,0.9375,0.9375,0.05934721,0.0625,1.0,0.125,0.081875,16
552824456557887488,5,18,14,0.777778,11,11,0.777778,1.388889,0.044956,0.05555556,0.64705882,0.09150327,0.05291,15
552824462958395392,1,20,19,0.95,19,19,0.95,0.95,0.04796147,0.05,1.0,0.1,0.061726,19
552824705703763969,0,3,0,0.0,0,0,1.0,0.0,0.33333333,0.33333333,0.0,0.0,0.201754,3
552824742097719296,1,32,11,0.34375,9,9,0.90625,0.34375,0.02894355,0.03125,0.29032258,0.02217742,0.015625,28
552824769754976257,1,6,1,0.166667,1,0,0.833333,0.166667,0.14598538,0.16666667,0.0,0.06666667,0.236855,6
552824885484224513,1,7,0,0.0,0,0,1.0,0.285714,0.14285714,0.14285714,0.0,0.0,0.032468,6
552825083941879808,3,34,21,0.617647,12,12,0.764706,1.147059,0.02408334,0.02941176,0.36363636,0.03743316,0.088931,15
552825211654246401,0,15,0,0.0,0,0,1.0,0.0,0.06666667,0.06666667,0.0,0.0,0.095708,14
552825236715208707,4,46,18,0.391304,2,0,0.673913,1.043478,0.01584611,0.02173913,0.0,0.0173913,0.202698,21
552825257707335680,1,6,5,0.833333,5,5,0.833333,0.833333,0.14598557,0.16666667,1.0,0.33333333,0.041667,6
552825303341740032,8,32,19,0.59375,10,10,0.71875,1.625,0.02141971,0.03125,0.32258065,0.03830645,0.0,12
552825402872590336,3,18,9,0.5,7,0,0.833333,1.388889,0.04817789,0.05555556,0.0,0.05882353,0.035125,15
552825459546030080,3,35,21,0.6,5,5,0.571429,0.942857,0.01928097,0.02857143,0.14705882,0.03529412,0.0,9
552825473160736768,1,2,1,0.5,1,1,0.5,0.5,0.35087736,0.5,1.0,1.0,0.0,2
552825512708808704,1,20,19,0.95,19,19,0.95,0.95,0.04796147,0.05,1.0,0.1,0.088888,18
552825664307744769,2,28,4,0.142857,2,0,0.892857,0.214286,0.03273321,0.03571429,0.0,0.01058201,0.013528,16
552825739075022848,1,5,4,0.8,4,4,0.8,0.8,0.17094005,0.2,1.0,0.4,0.0,5
552825753264717824,2,11,9,0.818182,9,9,0.909091,1.0,0.08438817,0.09090909,0.9,0.16363636,0.696248,11
552825783337897984,2,15,7,0.466667,3,2,0.733333,0.733333,0.05132486,0.06666667,0.14285714,0.06666667,0.039216,3
552825844755083265,1,28,1,0.035714,1,0,0.964286,0.035714,0.03466205,0.03571429,0.0,0.0026455,0.059079,26
552826060455550976,2,7,6,0.857143,5,5,0.714286,1.0,0.11306466,0.14285714,0.83333333,0.28571429,0.0,7
552826150141960192,1,8,5,0.625,5,5,0.875,0.625,0.11299437,0.125,0.71428571,0.17857143,0.0,7
552826238407294977,0,8,0,0.0,0,0,1.0,0.0,0.125,0.125,0.0,0.0,0.115079,8
552826270866616320,2,23,17,0.73913,13,13,0.826087,0.826087,0.03779924,0.04347826,0.59090909,0.06719368,0.045455,15
552826443965927425,1,23,1,0.043478,1,0,0.956522,0.086957,0.04192872,0.04347826,0.0,0.00395257,0.001976,20
552826524467216385,0,1,0,0.0,0,0,1.0,0.0,1.0,1.0,1.0,1.0,0.0,1
552826580741795840,3,25,18,0.72,12,12,0.88,1.04,0.03596652,0.04,0.5,0.06,0.02658,19
552826581916594178,1,14,2,0.142857,2,0,0.928571,0.142857,0.06734006,0.07142857,0.0,0.02197802,0.003247,8
552826724774592512,2,3,1,0.333333,1,1,0.666667,1.0,0.25974019,0.33333333,0.5,0.33333333,0.166667,3
552826876398292992,2,10,8,0.8,8,8,0.9,1.0,0.09216586,0.1,0.88888889,0.17777778,0.05,10
552826992509599744,1,12,1,0.083333,1,0,0.916667,0.833333,0.077821,0.08333333,0.0,0.01515152,0.079589,11
552827008800280576,1,13,12,0.923077,12,12,0.923077,0.923077,0.07220225,0.07692308,1.0,0.15384615,0.030824,13
552827029692104706,0,2,0,0.0,0,0,1.0,0.0,0.5,0.5,0.0,0.0,0.0,2
552827117663436801,2,22,3,0.136364,1,0,0.863636,0.181818,0.03956875,0.04545455,0.0,0.01298701,0.036157,19
552827123963281408,2,22,7,0.318182,5,5,0.863636,0.363636,0.03956875,0.04545455,0.23809524,0.03030303,0.212293,9
552827133500719104,2,22,20,0.909091,19,19,0.909091,0.954545,0.04212651,0.04545455,0.9047619,0.08658009,0.111153,22
552827164677373952,2,21,3,0.142857,1,0,0.857143,1.047619,0.04246286,0.04761905,0.0,0.01428571,0.031746,20
552827349667176448,2,22,16,0.727273,14,14,0.863636,0.863636,0.03956875,0.04545455,0.66666667,0.06926407,0.063425,20
552827553493565441,1,17,2,0.117647,1,0,0.882353,0.117647,0.05347594,0.05882353,0.0,0.01470588,0.057183,17
552827606715076608,2,12,11,0.916667,9,9,0.75,1.083333,0.06797825,0.08333333,0.81818182,0.16666667,0.035354,11
552827757164371968,0,1,0,0.0,0,0,1.0,0.0,1.0,1.0,1.0,1.0,0.0,1
552827819521085441,0,17,0,0.0,0,0,1.0,0.0,0.05882353,0.05882353,0.0,0.0,0.0,9
552827825603219456,3,8,5,0.625,4,4,0.75,1.125,0.10309287,0.125,0.57142857,0.17857143,0.083333,5
552827848734830592,1,12,11,0.916667,11,11,0.916667,0.916667,0.07782115,0.08333333,1.0,0.16666667,0.1,10
552827966950866945,3,9,4,0.444444,2,0,0.666667,0.888889,0.07727498,0.11111111,0.0,0.11111111,0.033333,4
552827979093385216,1,7,6,0.857143,6,6,0.857143,0.857143,0.12738858,0.14285714,1.0,0.28571429,0.107143,7
552827981069291520,2,13,11,0.846154,10,10,0.846154,0.923077,0.0676945,0.07692308,0.83333333,0.14102564,0.06044,12
552828280806850561,1,12,1,0.083333,1,0,0.916667,0.083333,0.077821,0.08333333,0.0,0.01515152,0.092882,11
552828308744699904,1,4,3,0.75,3,3,0.75,0.75,0.20618575,0.25,1.0,0.5,0.03125,4
552828400843620353,0,6,0,0.0,0,0,1.0,0.0,0.16666667,0.16666667,0.0,0.0,0.029412,6
552828474814398464,2,13,12,0.923077,8,8,0.769231,1.230769,0.06357023,0.07692308,0.66666667,0.15384615,0.887179,11
552828504060874752,1,19,0,0.0,0,0,1.0,0.894737,0.05263158,0.05263158,0.0,0.0,0.050507,17
552828573896413185,4,30,9,0.3,3,0,0.766667,1.066667,0.02657035,0.03333333,0.0,0.02068966,0.0,21
552828658747187201,0,6,0,0.0,0,0,1.0,0.0,0.16666667,0.16666667,0.0,0.0,0.625,6
552828811344359425,3,42,25,0.595238,9,0,0.761905,0.857143,0.01896826,0.02380952,0.0,0.029036,0.071376,19
552828872379875328,8,28,20,0.714286,4,4,0.5,2.107143,0.02065096,0.03571429,0.14814815,0.05291005,0.0,8
552829011983089664,1,21,18,0.857143,17,17,0.904762,0.857143,0.04405285,0.04761905,0.85,0.08571429,0.054205,19
552829031075553281,1,19,1,0.052632,1,0,0.947368,0.052632,0.05037784,0.05263158,0.0,0.00584795,0.035088,18
552829046485434368,2,20,18,0.9,17,17,0.9,0.95,0.04599289,0.05,0.89473684,0.09473684,0.135238,18
552829082388660224,2,11,9,0.818182,8,8,0.818182,0.909091,0.07818423,0.09090909,0.8,0.16363636,0.077922,10
552829096816693248,7,91,58,0.637363,7,6,0.659341,2.054945,0.00787716,0.01098901,0.06666667,0.01416361,0.002198,9
552829129356496896,3,22,17,0.772727,15,15,0.863636,1.0,0.0406534,0.04545455,0.71428571,0.07359307,0.018182,19
552829176018112513,3,37,12,0.324324,2,0,0.702703,0.621622,0.02035361,0.02702703,0.0,0.01801802,0.044512,22
552829217134505985,3,24,7,0.291667,1,0,0.708333,0.708333,0.03055146,0.04166667,0.0,0.02536232,0.005208,9
552829306439598080,1,9,8,0.888889,8,8,0.888889,0.888889,0.10152277,0.11111111,1.0,0.22222222,0.0,9
552829386773516290,1,16,1,0.0625,1,0,0.9375,0.125,0.05934721,0.0625,0.0,0.00833333,0.594073,15
552829395690201088,2,22,19,0.863636,17,17,0.863636,0.954545,0.04059274,0.04545455,0.80952381,0.08225108,0.022727,22
552829396265230336,6,42,19,0.452381,3,0,0.714286,2.285714,0.01733189,0.02380952,0.0,0.02206736,0.004361,21
552829481962835969,1,20,0,0.0,0,0,1.0,0.05,0.05,0.05,0.0,0.0,0.175392,20
552829571750715392,4,23,20,0.869565,17,17,0.826087,1.130435,0.03500373,0.04347826,0.77272727,0.07905138,0.193624,21
552829580579323904,2,13,11,0.846154,9,9,0.769231,0.923077,0.06397836,0.07692308,0.75,0.14102564,0.715812,11
552829622128500736,1,4,0,0.0,0,0,1.0,0.75,0.25,0.25,0.0,0.0,0.500893,4
552829637215408128,3,34,28,0.823529,15,15,0.735294,1.147059,0.02277501,0.02941176,0.45454545,0.04991087,0.009611,23
552829734502297600,5,76,43,0.565789,3,3,0.513158,1.171053,0.00775705,0.01315789,0.04,0.01508772,0.0,13
552829904396775425,0,7,0,0.0,0,0,1.0,0.0,0.14285714,0.14285714,0.0,0.0,0.109524,7
552829971631472640,4,24,18,0.75,15,15,0.833333,1.208333,0.03544632,0.04166667,0.65217391,0.06521739,0.040385,18
552830151650967552,4,20,3,0.15,1,0,0.85,1.25,0.04063556,0.05,0.0,0.01578947,0.038368,18
552830433688571904,1,15,12,0.8,11,11,0.866667,0.8,0.05988025,0.06666667,0.78571429,0.11428571,0.088239,11
552830459273809920,1,5,2,0.4,1,1,0.6,0.4,0.14925385,0.2,0.25,0.2,0.2,4
552830521340723200,2,15,14,0.933333,13,13,0.866667,1.0,0.05968174,0.06666667,0.92857143,0.13333333,0.1,14
552830599002857472,2,10,9,0.9,8,8,0.8,1.0,0.08481539,0.1,0.88888889,0.2,0.083333,10
552830668607348736,2,10,0,0.0,0,0,1.0,1.1,0.1,0.1,0.0,0.0,0.064286,9
552830674357334016,1,5,4,0.8,4,4,0.8,0.8,0.17094005,0.2,1.0,0.4,0.19,5
552830684021424128,3,14,12,0.857143,5,5,0.785714,1.571429,0.0591512,0.07142857,0.38461538,0.13186813,0.822055,10
552830781656428544,3,42,22,0.52381,12,0,0.880952,1.142857,0.02139873,0.02380952,0.0,0.02555168,0.004819,33
552830850279424001,0,15,0,0.0,0,0,1.0,0.0,0.06666667,0.06666667,0.0,0.0,0.089729,15
552830862585503746,3,16,3,0.1875,1,0,0.8125,0.4375,0.04852212,0.0625,0.0,0.025,0.0,12
552830864187727876,0,10,0,0.0,0,0,1.0,0.0,0.1,0.1,0.0,0.0,0.758303,10
552830966411321344,1,9,0,0.0,0,0,1.0,0.888889,0.11111111,0.11111111,0.0,0.0,0.092593,9
552831101312303104,1,4,3,0.75,3,3,0.75,0.75,0.20618575,0.25,1.0,0.5,0.125,3
552831107985858560,5,47,30,0.638298,9,9,0.787234,1.319149,0.01728882,0.0212766,0.19565217,0.02775208,0.01837,14
552831197420994560,1,14,10,0.714286,10,10,0.928571,0.714286,0.06734012,0.07142857,0.76923077,0.10989011,0.02381,9
552831230735962113,0,7,0,0.0,0,0,1.0,0.0,0.14285714,0.14285714,0.0,0.0,0.02381,7
552831266945794048,3,15,10,0.666667,9,9,0.866667,1.133333,0.05959378,0.06666667,0.64285714,0.0952381,0.085865,12
552831420197261314,0,2,0,0.0,0,0,1.0,0.0,0.5,0.5,0.0,0.0,0.0,2
552831460236099586,3,28,14,0.5,3,0,0.571429,0.892857,0.02319494,0.03571429,0.0,0.03703704,0.217968,11
552831506041683970,0,3,0,0.0,0,0,1.0,0.0,0.33333333,0.33333333,0.0,0.0,0.0,3
552831515940634624,7,52,34,0.653846,8,8,0.673077,1.846154,0.01354678,0.01923077,0.15686275,0.02564103,0.0,15
552831524002103297,1,15,1,0.066667,1,0,0.933333,0.066667,0.06309148,0.06666667,0.0,0.00952381,0.0,11
552831624283693056,1,4,3,0.75,3,3,0.75,0.75,0.20618575,0.25,1.0,0.5,0.181452,4
552831705351225344,1,7,0,0.0,0,0,1.0,0.857143,0.14285714,0.14285714,0.0,0.0,0.042857,7
552831761957523456,1,12,11,0.916667,11,11,0.916667,0.916667,0.07782115,0.08333333,1.0,0.16666667,0.055556,11
552831842232324097,7,30,18,0.6,4,0,0.666667,1.8,0.0225431,0.03333333,0.0,0.04137931,0.105,14
552831881847533568,3,20,18,0.9,16,16,0.85,1.05,0.04281552,0.05,0.84210526,0.09473684,0.720935,17
552831974784905216,1,10,9,0.9,9,9,0.9,0.9,0.09216586,0.1,1.0,0.2,0.0,10
552831978522021890,1,5,1,0.2,1,0,0.8,0.2,0.17094019,0.2,0.0,0.1,0.0,5
552832019940376576,2,9,8,0.888889,7,7,0.777778,1.0,0.09256502,0.11111111,0.875,0.22222222,0.0,8
552832142397296641,1,20,2,0.1,1,0,0.9,0.1,0.04608293,0.05,0.0,0.01052632,0.091875,11
552832169496694786,4,27,8,0.296296,5,0,0.851852,0.740741,0.03213111,0.03703704,0.0,0.02279202,0.063786,18
552832177138696192,3,26,24,0.923077,16,16,0.769231,1.269231,0.03100961,0.03846154,0.64,0.07384615,0.038462,20
552832232197746688,3,10,8,0.8,4,4,0.6,1.4,0.06831877,0.1,0.44444444,0.17777778,0.102521,8
552832291601674240,2,15,13,0.866667,12,12,0.866667,0.933333,0.05966513,0.06666667,0.85714286,0.12380952,0.044444,14
552832584045330432,5,20,19,0.95,14,14,0.7,1.5,0.03420709,0.05,0.73684211,0.1,0.133904,16
552832721945628672,1,4,3,0.75,3,3,0.75,0.75,0.20618575,0.25,1.0,0.5,0.0625,4
552832738542514176,1,19,16,0.842105,16,16,0.947368,0.842105,0.05037784,0.05263158,0.88888889,0.09356725,0.0,15
552832784046108672,2,10,9,0.9,8,8,0.8,1.0,0.08481539,0.1,0.88888889,0.2,0.0,9
552832817089236992,2,13,11,0.846154,8,8,0.769231,1.076923,0.06357023,0.07692308,0.66666667,0.14102564,0.787179,11
552832996676730881,0,1,0,0.0,0,0,1.0,0.0,1.0,1.0,1.0,1.0,0.0,1
552833028201144320,2,19,17,0.894737,17,17,0.947368,1.0,0.05037763,0.05263158,0.94444444,0.0994152,0.869934,18
552833148128862208,2,25,19,0.76,17,17,0.88,0.8,0.03624172,0.04,0.70833333,0.06333333,0.04,21
552833197084778496,3,20,17,0.85,12,12,0.8,1.05,0.04193392,0.05,0.63157895,0.08947368,0.059738,15
552833236389199874,1,19,4,0.210526,3,0,0.894737,0.210526,0.04830915,0.05263158,0.0,0.02339181,0.006579,14
552833268362772481,2,23,7,0.304348,2,0,0.73913,0.391304,0.03426561,0.04347826,0.0,0.02766798,0.01087,15
552833393734721537,3,21,5,0.238095,1,0,0.761905,0.428571,0.03850222,0.04761905,0.0,0.02380952,0.0,12
552833432540430337,0,10,0,0.0,0,0,1.0,0.0,0.1,0.1,0.0,0.0,0.183908,9
552833483325059072,2,20,16,0.8,13,13,0.8,0.95,0.04243266,0.05,0.68421053,0.08421053,0.02,17
552833527444566016,2,21,17,0.809524,16,16,0.904762,0.857143,0.04396541,0.04761905,0.8,0.08095238,0.0,17
552833658017824768,1,13,12,0.923077,12,12,0.923077,0.923077,0.07220225,0.07692308,1.0,0.15384615,0.088828,11
552833662593400833,1,20,1,0.05,1,0,0.95,0.05,0.04796164,0.05,0.0,0.00526316,0.045833,19
552833681111658496,5,51,30,0.588235,7,7,0.666667,1.333333,0.01346036,0.01960784,0.14,0.02352941,0.009804,10
552833795142209536,2,21,3,0.142857,2,0,0.904762,0.666667,0.04405285,0.04761905,0.0,0.01428571,0.031746,14
552833941930274816,2,10,8,0.8,7,7,0.8,0.9,0.08472267,0.1,0.77777778,0.17777778,0.0,10
552833942777511937,1,5,1,0.2,1,0,0.8,0.2,0.17094019,0.2,0.0,0.1,0.0,5
552834033600966657,0,8,0,0.0,0,0,1.0,0.0,0.125,0.125,0.0,0.0,0.025,6
552834182905221121,0,20,0,0.0,0,0,1.0,0.0,0.05,0.05,0.0,0.0,0.072619,20
552834229722038273,11,85,55,0.647059,6,0,0.576471,2.482353,0.00725831,0.01176471,0.0,0.01540616,0.098285,17
552834411553886209,0,8,0,0.0,0,0,1.0,0.0,0.125,0.125,0.0,0.0,0.173177,8
552834445301256192,1,5,4,0.8,4,4,0.8,0.8,0.17094005,0.2,1.0,0.4,0.756463,5
552834461478715392,2,22,18,0.818182,16,16,0.863636,0.954545,0.04058396,0.04545455,0.76190476,0.07792208,0.79697,17
552834481183539201,2,20,9,0.45,6,0,0.8,0.5,0.04251628,0.05,0.0,0.04736842,0.0,9
552834501383290880,1,22,19,0.863636,19,19,0.954545,0.863636,0.04376358,0.04545455,0.9047619,0.08225108,0.035426,17
552834558706847745,1,20,1,0.05,1,0,0.95,0.05,0.04796164,0.05,0.0,0.00526316,0.071852,14
552834559297867778,3,29,7,0.241379,2,0,0.793103,0.586207,0.02765554,0.03448276,0.0,0.01724138,0.067386,22
552834623944671232,1,4,3,0.75,3,3,0.75,0.75,0.20618575,0.25,1.0,0.5,0.284615,4
552834640692912128,5,40,22,0.55,4,3,0.7,1.15,0.01905596,0.025,0.07692308,0.02820513,0.0125,7
552834732325879809,1,22,4,0.181818,1,0,0.818182,0.227273,0.03937007,0.04545455,0.0,0.01731602,0.179924,14
552834754056556544,2,3,1,0.333333,1,0,0.666667,1.0,0.25974019,0.33333333,0.0,0.33333333,0.0,3
552834808121163776,2,12,9,0.75,6,6,0.666667,1.083333,0.06393511,0.08333333,0.54545455,0.13636364,0.0,10
552834842837409793,7,68,31,0.455882,9,0,0.720588,1.117647,0.01064803,0.01470588,0.0,0.01360843,0.000919,18
552834961762709505,2,18,4,0.222222,3,0,0.888889,0.277778,0.05014836,0.05555556,0.0,0.02614379,0.802508,16
552834996265054208,1,11,10,0.909091,10,10,0.909091,0.909091,0.08438842,0.09090909,1.0,0.18181818,0.04329,11
552835109372825601,0,5,0,0.0,0,0,1.0,0.0,0.2,0.2,0.0,0.0,0.166667,5
552835209285337089,0,20,0,0.0,0,0,1.0,0.0,0.05,0.05,0.0,0.0,0.03692,18
552835221859483649,5,24,6,0.25,1,0,0.75,0.708333,0.03028696,0.04166667,0.0,0.02173913,0.035256,14
552835288725061635,0,6,0,0.0,0,0,1.0,0.0,0.16666667,0.16666667,0.0,0.0,0.033333,6
552835301547442176,1,3,2,0.666667,2,2,0.666667,0.666667,0.25974051,0.33333333,1.0,0.66666667,0.0,3
552835339325558785,1,17,2,0.117647,1,0,0.882353,0.117647,0.05347594,0.05882353,0.0,0.01470588,0.128414,13
552835385043062784,1,2,1,0.5,1,1,0.5,0.5,0.35087736,0.5,1.0,1.0,0.055556,2
552835794646212608,1,5,4,0.8,4,4,0.8,0.8,0.17094005,0.2,1.0,0.4,0.0,5
552835854750605313,0,20,0,0.0,0,0,1.0,0.0,0.05,0.05,0.0,0.0,0.08698,20
552835988540895232,2,20,16,0.8,10,10,0.85,1.1,0.04420423,0.05,0.52631579,0.08421053,0.020884,15
552836095332081664,1,7,6,0.857143,6,6,0.857143,0.857143,0.12738858,0.14285714,1.0,0.28571429,0.0,7
552836100814032896,4,20,18,0.9,15,15,0.8,1.2,0.03908858,0.05,0.78947368,0.09473684,0.033333,16
552836167029514240,1,2,1,0.5,1,1,0.5,0.5,0.35087736,0.5,1.0,1.0,0.0,2
552836204283326465,1,15,1,0.066667,1,0,0.933333,0.066667,0.06309148,0.06666667,0.0,0.00952381,0.054074,13
552836392678465537,2,19,2,0.105263,1,0,0.894737,0.157895,0.04667991,0.05263158,0.0,0.01169591,0.0,18
552836444835037184,1,3,2,0.666667,2,2,0.666667,0.666667,0.25974051,0.33333333,1.0,0.66666667,0.0,3
552836516775354368,1,9,8,0.888889,8,8,0.888889,0.888889,0.10152277,0.11111111,1.0,0.22222222,0.018519,8
552836586191474689,4,32,11,0.34375,3,0,0.78125,0.71875,0.02471581,0.03125,0.0,0.02217742,0.106163,20
552836695754678273,4,37,20,0.540541,3,0,0.648649,1.108108,0.01878796,0.02702703,0.0,0.03003003,0.079529,15
552836775191019520,4,20,17,0.85,13,13,0.75,1.2,0.03772506,0.05,0.68421053,0.08947368,0.007143,18
552836829234614272,2,20,15,0.75,11,11,0.85,0.8,0.04421706,0.05,0.57894737,0.07894737,0.22157,13
552836844560609281,0,18,0,0.0,0,0,1.0,0.0,0.05555556,0.05555556,0.0,0.0,0.031884,18
552836854085459968,4,20,17,0.85,12,12,0.7,1.2,0.03439035,0.05,0.63157895,0.08947368,0.033333,13
552836898562265088,1,19,18,0.947368,18,18,0.947368,0.947368,0.05037763,0.05263158,1.0,0.10526316,0.070175,17
552836913091330051,1,11,1,0.090909,1,0,0.909091,0.090909,0.08438817,0.09090909,0.0,0.01818182,0.0,7
552836968410021888,1,9,7,0.777778,6,6,0.777778,0.777778,0.09345779,0.11111111,0.75,0.19444444,0.0,7
552836975741632514,0,10,0,0.0,0,0,1.0,0.0,0.1,0.1,0.0,0.0,0.0,8
552836985493409792,2,21,16,0.761905,15,15,0.904762,0.809524,0.04395958,0.04761905,0.75,0.07619048,0.02381,17
552837012689264640,2,24,19,0.791667,17,17,0.875,0.833333,0.03666688,0.04166667,0.73913043,0.06884058,0.015848,18
552837016350912512,0,1,0,0.0,0,0,1.0,0.0,1.0,1.0,1.0,1.0,0.090909,1
552837027616804864,3,26,22,0.846154,17,17,0.846154,1.192308,0.03178727,0.03846154,0.68,0.06769231,0.0,18
552837035732381696,2,20,18,0.9,17,17,0.9,0.95,0.04599289,0.05,0.89473684,0.09473684,0.01,20
552837078854410241,0,19,0,0.0,0,0,1.0,0.0,0.05263158,0.05263158,0.0,0.0,0.179408,19
552837086425128961,1,10,2,0.2,2,0,0.9,0.2,0.09216586,0.1,0.0,0.04444444,0.183333,10
552837132491186179,1,32,7,0.21875,1,0,0.78125,0.21875,0.02635042,0.03125,0.0,0.0141129,0.988281,21
552837147305455616,4,18,16,0.888889,14,14,0.833333,1.277778,0.04853992,0.05555556,0.82352941,0.10457516,0.011111,15
552837168482492416,0,1,0,0.0,0,0,1.0,0.0,1.0,1.0,1.0,1.0,0.0,1
552837190360006657,1,13,0,0.0,0,0,1.0,0.076923,0.07692308,0.07692308,0.0,0.0,0.008723,11
552837268160135169,1,22,1,0.045455,1,0,0.954545,0.045455,0.04376368,0.04545455,0.0,0.004329,0.055736,20
552837310707171328,3,20,19,0.95,17,17,0.85,1.1,0.04282453,0.05,0.89473684,0.1,0.062326,18
552837484221300736,1,9,0,0.0,0,0,1.0,0.888889,0.11111111,0.11111111,0.0,0.0,0.0,8
552837499937378305,3,42,17,0.404762,6,0,0.833333,0.642857,0.02064767,0.02380952,0.0,0.01974448,0.00641,16
552837527640363010,0,3,0,0.0,0,0,1.0,0.0,0.33333333,0.33333333,0.0,0.0,0.0,2
552837561119686656,1,9,8,0.888889,8,8,0.888889,0.888889,0.10152277,0.11111111,1.0,0.22222222,0.07672,9
552837599304622080,1,21,15,0.714286,15,15,0.952381,0.714286,0.0457666,0.04761905,0.75,0.07142857,0.060317,18
552837610897694720,2,6,5,0.833333,4,4,0.666667,1.0,0.12689364,0.16666667,0.8,0.33333333,0.0,5
552837644959621120,2,30,14,0.466667,7,7,0.8,0.633333,0.02775548,0.03333333,0.24137931,0.03218391,0.015,15
552837655105658880,2,15,14,0.933333,12,12,0.8,1.066667,0.05659168,0.06666667,0.85714286,0.13333333,0.084244,13
552837775498964992,2,20,17,0.85,14,14,0.85,0.9,0.04364671,0.05,0.73684211,0.08947368,0.039286,16
552837814946394112,1,8,7,0.875,7,7,0.875,0.875,0.11299419,0.125,1.0,0.25,0.134239,8
552837907174948864,14,98,65,0.663265,4,4,0.561224,3.755102,0.0065166,0.01020408,0.04123711,0.01367557,0.012245,21
552838074636718080,1,7,6,0.857143,6,6,0.857143,0.857143,0.12738858,0.14285714,1.0,0.28571429,0.0,7
552838105422913538,0,1,0,0.0,0,0,1.0,0.0,1.0,1.0,1.0,1.0,0.0,1
552838134627860480,2,23,13,0.565217,9,9,0.826087,0.695652,0.03686978,0.04347826,0.40909091,0.0513834,0.018517,15
552838171323817984,2,26,18,0.692308,16,16,0.884615,0.730769,0.03497095,0.03846154,0.64,0.05538462,0.07375,21
552838203078873089,0,18,0,0.0,0,0,1.0,0.0,0.05555556,0.05555556,0.0,0.0,0.018519,16
552838203276021760,1,3,2,0.666667,2,2,0.666667,0.666667,0.25974051,0.33333333,1.0,0.66666667,0.0,3
552838287929663489,3,57,18,0.315789,2,0,0.719298,0.596491,0.01325544,0.01754386,0.0,0.0112782,0.076316,17
552838324977545216,3,33,21,0.636364,12,12,0.727273,0.909091,0.02287896,0.03030303,0.375,0.03977273,0.03879,19
552838341843226624,2,20,19,0.95,16,16,0.9,1.1,0.04598726,0.05,0.84210526,0.1,0.056826,16
552838440103198720,1,3,2,0.666667,2,2,0.666667,0.666667,0.25974051,0.33333333,1.0,0.66666667,0.0,3
552838479844216833,4,33,13,0.393939,2,0,0.666667,0.757576,0.02036523,0.03030303,0.0,0.02462121,0.022758,15
552838551071911936,2,21,2,0.095238,2,0,0.952381,1.0,0.0457666,0.04761905,0.0,0.00952381,0.694611,17
552838559393013760,2,21,16,0.761905,15,15,0.904762,0.809524,0.04395958,0.04761905,0.75,0.07619048,0.074603,18
552838568717344769,0,12,0,0.0,0,0,1.0,0.0,0.08333333,0.08333333,0.0,0.0,0.086111,12
552838613877411840,1,8,6,0.75,6,6,0.875,0.75,0.11299419,0.125,0.85714286,0.21428571,0.0,7
552838710296080384,1,3,2,0.666667,2,2,0.666667,0.666667,0.25974051,0.33333333,1.0,0.66666667,0.0,3
552839028350136320,1,7,5,0.714286,5,5,0.857143,0.714286,0.12738858,0.14285714,0.83333333,0.23809524,0.128571,7
552839103214288896,4,12,9,0.75,3,2,0.583333,2.166667,0.05197899,0.08333333,0.18181818,0.13636364,0.224702,7
552839167575883776,2,10,9,0.9,8,8,0.8,1.0,0.08481539,0.1,0.88888889,0.2,0.0,10
552839190921351168,2,17,15,0.882353,13,13,0.882353,1.0,0.05331748,0.05882353,0.8125,0.11029412,0.0,16
552839270395035649,1,7,1,0.142857,1,0,0.857143,0.142857,0.12738858,0.14285714,0.0,0.04761905,0.035714,7
552839289919533056,0,1,0,0.0,0,0,1.0,0.0,1.0,1.0,1.0,1.0,0.0,1
552839385209917440,1,7,6,0.857143,6,6,0.857143,0.857143,0.12738858,0.14285714,1.0,0.28571429,0.149845,7
552839416620658688,1,13,12,0.923077,12,12,0.923077,0.923077,0.07220225,0.07692308,1.0,0.15384615,0.0,13
552839518974660608,4,28,18,0.642857,11,11,0.714286,0.928571,0.02535496,0.03571429,0.40740741,0.04761905,0.051996,12
552839800433410049,3,20,6,0.3,4,0,0.85,0.65,0.04236094,0.05,0.0,0.03157895,0.026096,17
552839843999645697,1,21,0,0.0,0,0,1.0,0.095238,0.04761905,0.04761905,0.0,0.0,0.02381,21
552839869387399168,2,22,14,0.636364,10,10,0.772727,0.818182,0.03687723,0.04545455,0.47619048,0.06060606,0.011364,16
552839936521830401,0,1,0,0.0,0,0,1.0,0.0,1.0,1.0,1.0,1.0,0.0,1
552839972911611904,3,13,7,0.538462,4,4,0.692308,0.769231,0.05417371,0.07692308,0.33333333,0.08974359,0.0,6
552839975843016706,1,8,1,0.125,1,0,0.875,0.125,0.11299437,0.125,0.0,0.03571429,0.0,5
552840037642297345,2,15,1,0.066667,1,0,0.933333,0.2,0.06309148,0.06666667,0.0,0.00952381,0.116325,14
552840067199533057,1,8,1,0.125,1,0,0.875,0.125,0.11299437,0.125,0.0,0.03571429,0.0625,7
552840155728736256,1,20,16,0.8,16,16,0.95,0.8,0.04796164,0.05,0.84210526,0.08421053,0.026786,20
552840606074953728,1,20,17,0.85,17,17,0.95,0.85,0.04796164,0.05,0.89473684,0.08947368,0.113874,18
552840728116994049,0,1,0,0.0,0,0,1.0,0.0,1.0,1.0,1.0,1.0,0.0,1
552840740007866368,1,13,11,0.846154,11,11,0.923077,0.846154,0.07220225,0.07692308,0.91666667,0.14102564,0.064103,12
552840805678084096,4,28,19,0.678571,17,17,0.892857,0.928571,0.03189669,0.03571429,0.62962963,0.05026455,0.042063,20
552840905213083648,1,9,8,0.888889,8,8,0.888889,0.888889,0.10152277,0.11111111,1.0,0.22222222,0.063492,9
552840964025626624,1,21,18,0.857143,18,18,0.952381,0.857143,0.04576647,0.04761905,0.9,0.08571429,0.007326,20
552841006799159296,3,13,12,0.923077,8,8,0.692308,1.307692,0.05753766,0.07692308,0.66666667,0.15384615,0.015385,11
552841043423805440,1,23,18,0.782609,17,17,0.913043,0.782609,0.04048582,0.04347826,0.77272727,0.07114625,0.085138,21
552841049467400192,1,20,17,0.85,16,16,0.9,0.85,0.04608293,0.05,0.84210526,0.08947368,0.0,17
552841157785694208,1,5,4,0.8,4,4,0.8,0.8,0.17094005,0.2,1.0,0.4,0.0,5
552841185199263745,5,37,20,0.540541,5,0,0.621622,1.108108,0.01757621,0.02702703,0.0,0.03003003,0.02973,21
552841287670308865,2,16,3,0.1875,2,0,0.875,0.25,0.05536717,0.0625,0.0,0.025,0.021739,12
552841460681572352,4,23,10,0.434783,4,0,0.695652,1.695652,0.03349735,0.04347826,0.0,0.03952569,0.052174,17
552841477819473920,3,29,12,0.413793,3,3,0.724138,0.551724,0.02662957,0.03448276,0.10714286,0.02955665,0.085441,25
552841562963464195,5,43,17,0.395349,3,0,0.767442,0.953488,0.01844905,0.02325581,0.0,0.01882614,0.039978,12
552841583251701761,0,4,0,0.0,0,0,1.0,0.0,0.25,0.25,0.0,0.0,0.0,4
552841650582847488,1,7,6,0.857143,6,6,0.857143,0.857143,0.12738858,0.14285714,1.0,0.28571429,0.161905,7
552841684485414914,0,13,0,0.0,0,0,1.0,0.0,0.07692308,0.07692308,0.0,0.0,0.059532,12
552842042242789377,0,10,0,0.0,0,0,1.0,0.0,0.1,0.1,0.0,0.0,0.091768,10
552842140188147712,1,5,3,0.6,3,3,0.8,0.6,0.17094005,0.2,0.75,0.3,0.0,5
552842236883652609,3,25,5,0.2,1,0,0.8,0.36,0.03121919,0.04,0.0,0.01666667,0.087525,19
552842342143905794,4,23,8,0.347826,1,0,0.652174,0.695652,0.03069211,0.04347826,0.0,0.03162055,0.028986,16
552842580929826816,2,16,10,0.625,9,9,0.875,0.6875,0.0562421,0.0625,0.6,0.08333333,0.017857,10
552842614555545600,2,17,16,0.941176,14,14,0.823529,1.058824,0.05088222,0.05882353,0.875,0.11764706,0.135472,17
552842642216988672,7,40,26,0.65,5,5,0.6,2.575,0.01537363,0.025,0.12820513,0.03333333,0.0,11
552842755454799872,1,5,4,0.8,4,4,0.8,0.8,0.17094005,0.2,1.0,0.4,0.04,5
552842761565904896,2,20,17,0.85,15,15,0.85,0.9,0.0442513,0.05,0.78947368,0.08947368,0.016667,14
552842762505428992,1,6,5,0.833333,5,5,0.833333,0.833333,0.14598557,0.16666667,1.0,0.33333333,0.682222,6
552842814061424640,3,43,20,0.465116,12,12,0.813953,0.581395,0.01948901,0.02325581,0.28571429,0.02214839,0.043407,37
552842837516386304,1,10,9,0.9,9,9,0.9,0.9,0.09216586,0.1,1.0,0.2,0.075,7
552842983247466497,1,21,1,0.047619,1,0,0.952381,0.047619,0.0457666,0.04761905,0.0,0.0047619,0.050356,20
552843136238899200,1,6,5,0.833333,5,5,0.833333,0.833333,0.14598557,0.16666667,1.0,0.33333333,0.083333,6
552843174218321921,5,68,18,0.264706,2,0,0.794118,0.558824,0.01195547,0.01470588,0.0,0.00790167,0.009804,13
552843236797349889,0,1,0,0.0,0,0,1.0,0.0,1.0,1.0,1.0,1.0,0.285714,1
552843285468020736,2,22,1,0.045455,1,0,0.954545,0.681818,0.04376368,0.04545455,0.0,0.004329,0.019697,15
552843349246619648,1,5,4,0.8,4,4,0.8,0.8,0.17094005,0.2,1.0,0.4,0.1,5
552844023996907520,7,27,20,0.740741,5,5,0.592593,2.037037,0.02370464,0.03703704,0.19230769,0.05698006,0.0,10
552844100224172034,5,20,4,0.2,1,0,0.8,0.85,0.0366065,0.05,0.0,0.02105263,0.0,13
552844104418091008,3,47,30,0.638298,15,15,0.723404,0.893617,0.01651079,0.0212766,0.32608696,0.02775208,0.067562,19
552844167681159169,0,9,0,0.0,0,0,1.0,0.0,0.11111111,0.11111111,0.0,0.0,0.169324,9
552844311096983552,2,20,1,0.05,1,0,0.95,1.0,0.04796164,0.05,0.0,0.00526316,0.094444,20
552844436460560384,3,28,19,0.678571,14,14,0.785714,1.0,0.03007088,0.03571429,0.51851852,0.05026455,0.053741,21
552844593046097920,2,21,17,0.809524,15,15,0.857143,0.952381,0.04237612,0.04761905,0.75,0.08095238,0.003322,18
552844643097120768,4,23,18,0.782609,5,5,0.608696,1.73913,0.02932563,0.04347826,0.22727273,0.07114625,0.0,7
552844767281688577,0,2,0,0.0,0,0,1.0,0.0,0.5,0.5,0.0,0.0,0.083333,2
552844893148938240,2,12,9,0.75,8,8,0.833333,1.0,0.07251472,0.08333333,0.72727273,0.13636364,0.0,10
552845017208061953,3,10,4,0.4,2,0,0.7,0.7,0.07173171,0.1,0.0,0.08888889,0.016667,6
552845028130037760,2,20,17,0.85,17,17,0.95,1.05,0.04796164,0.05,0.89473684,0.08947368,0.075128,20
552845136414380032,5,55,30,0.545455,4,1,0.636364,1.127273,0.0128853,0.01818182,0.01851852,0.02020202,0.820082,15
552845191003250688,2,25,17,0.68,14,14,0.84,0.72,0.03433773,0.04,0.58333333,0.05666667,0.057379,18
552845250268766209,1,14,0,0.0,0,0,1.0,0.214286,0.07142857,0.07142857,0.0,0.0,0.060013,14
552845255796461569,0,4,0,0.0,0,0,1.0,0.0,0.25,0.25,0.0,0.0,0.196429,3
552845267289247744,2,16,2,0.125,1,0,0.875,0.8125,0.05649718,0.0625,0.0,0.01666667,0.136905,13
552845393541988352,3,24,5,0.208333,2,0,0.833333,1.125,0.03555874,0.04166667,0.0,0.01811594,0.066667,22
552845542536261634,1,22,2,0.090909,1,0,0.909091,0.090909,0.04219408,0.04545455,0.0,0.00865801,0.094774,19
552845654637436928,3,21,19,0.904762,15,15,0.809524,1.142857,0.04019609,0.04761905,0.75,0.09047619,0.043707,18
552845671477153793,3,24,4,0.166667,1,0,0.833333,0.291667,0.03394542,0.04166667,0.0,0.01449275,0.020833,19
552845711289909248,5,56,29,0.517857,6,4,0.767857,1.339286,0.01407924,0.01785714,0.07272727,0.01883117,0.0,6
552845840247971842,1,23,2,0.086957,2,0,0.956522,0.130435,0.04192872,0.04347826,0.0,0.00790514,0.054441,21
552845868932800512,5,50,34,0.68,13,13,0.66,1.38,0.01394616,0.02,0.26530612,0.0277551,0.022857,15
552846287314640897,0,7,0,0.0,0,0,1.0,0.0,0.14285714,0.14285714,0.0,0.0,0.063492,6
552846337746952194,3,28,9,0.321429,4,0,0.785714,0.464286,0.02867045,0.03571429,0.0,0.02380952,0.032143,16
552846353416867841,0,2,0,0.0,0,0,1.0,0.0,0.5,0.5,0.0,0.0,0.0,2
552846463467024384,1,11,9,0.818182,7,7,0.818182,0.818182,0.07874032,0.09090909,0.7,0.16363636,0.0,7
552846544320618496,4,20,18,0.9,14,14,0.8,1.25,0.04018797,0.05,0.73684211,0.09473684,0.05,16
552846565950627840,0,1,0,0.0,0,0,1.0,0.0,1.0,1.0,1.0,1.0,0.0,1
552846625467817984,1,5,4,0.8,4,4,0.8,0.8,0.17094005,0.2,1.0,0.4,0.0,4
552846698524184576,0,1,0,0.0,0,0,1.0,0.0,1.0,1.0,1.0,1.0,0.0,1
552846811359350788,6,108,59,0.546296,6,0,0.638889,1.305556,0.00630326,0.00925926,0.0,0.01021115,0.017361,35
552846874432909312,2,20,18,0.9,17,17,0.9,0.95,0.04599289,0.05,0.89473684,0.09473684,0.051786,19
552846886626164736,1,20,0,0.0,0,0,1.0,0.95,0.05,0.05,0.0,0.0,0.058987,20
552846893588709376,1,8,7,0.875,7,7,0.875,0.875,0.11299419,0.125,1.0,0.25,0.132143,8
552846905819291649,0,1,0,0.0,0,0,1.0,0.0,1.0,1.0,1.0,1.0,0.0,1
552846938677059586,0,4,0,0.0,0,0,1.0,0.0,0.25,0.25,0.0,0.0,0.041667,4
552847035108323329,0,6,0,0.0,0,0,1.0,0.0,0.16666667,0.16666667,0.0,0.0,0.055556,6
552847218403581953,5,31,11,0.354839,4,0,0.806452,1.032258,0.02619531,0.03225806,0.0,0.02365591,0.026882,22
552847230693310466,4,33,11,0.333333,2,0,0.69697,0.666667,0.02229671,0.03030303,0.0,0.02083333,0.098226,16
552847251207241728,1,5,4,0.8,4,4,0.8,0.8,0.17094005,0.2,1.0,0.4,0.086667,5
552847370489430017,3,23,7,0.304348,2,0,0.782609,0.521739,0.03448034,0.04347826,0.0,0.02766798,0.071014,10
552847427410341890,1,16,1,0.0625,1,0,0.9375,0.0625,0.05934721,0.0625,0.0,0.00833333,0.131703,15
552847488571678720,3,25,17,0.68,15,15,0.88,0.8,0.03525893,0.04,0.625,0.05666667,0.01,18
552847505763737600,1,10,8,0.8,8,8,0.9,0.8,0.09216586,0.1,0.88888889,0.17777778,0.05,9
552847548776742914,3,31,7,0.225806,3,0,0.83871,0.483871,0.02725166,0.03225806,0.0,0.01505376,0.029132,21
552847627319259137,1,18,2,0.111111,1,0,0.888889,0.166667,0.05076139,0.05555556,0.0,0.0130719,0.107223,17
552847905498103808,3,29,23,0.793103,18,18,0.862069,1.034483,0.03012338,0.03448276,0.64285714,0.05665025,0.054913,20
552847959864274944,0,1,0,0.0,0,0,1.0,0.0,1.0,1.0,1.0,1.0,0.0,1
552848013778251777,0,2,0,0.0,0,0,1.0,0.0,0.5,0.5,0.0,0.0,0.0,2
552848426812313600,1,9,8,0.888889,8,8,0.888889,0.888889,0.10152277,0.11111111,1.0,0.22222222,0.092593,9
552848478196736000,5,66,39,0.590909,17,17,0.727273,1.0,0.01122174,0.01515152,0.26153846,0.01818182,0.008457,32
552848590373392384,9,134,85,0.634328,15,15,0.58209,1.61194,0.0048012,0.00746269,0.11278195,0.00953877,0.007107,35
552848620375261184,2,16,14,0.875,14,14,0.9375,1.0,0.05934721,0.0625,0.93333333,0.11666667,0.786975,16
552848653132767232,2,16,14,0.875,13,13,0.875,0.9375,0.05632038,0.0625,0.86666667,0.11666667,0.170287,14
552848653980033025,8,40,20,0.5,3,0,0.575,1.9,0.01431173,0.025,0.0,0.02564103,0.08691,24
552848701312737280,2,8,5,0.625,4,4,0.75,0.75,0.10120815,0.125,0.57142857,0.17857143,0.24793,7
552848704819183616,1,3,2,0.666667,2,2,0.666667,0.666667,0.25974051,0.33333333,1.0,0.66666667,0.0,3
552848726197559296,1,3,2,0.666667,2,2,0.666667,0.666667,0.25974051,0.33333333,1.0,0.66666667,0.0,3
552848961372176384,1,3,2,0.666667,2,2,0.666667,0.666667,0.25974051,0.33333333,1.0,0.66666667,0.0,3
552849116280393728,2,10,9,0.9,8,8,0.8,1.0,0.08481539,0.1,0.88888889,0.2,0.0,10
552849157694947328,4,70,42,0.6,8,5,0.8,1.342857,0.01192563,0.01428571,0.07246377,0.0173913,0.093277,12
552849194944167936,1,21,0,0.0,0,0,1.0,0.142857,0.04761905,0.04761905,0.0,0.0,0.071429,8
552849248182865920,2,20,17,0.85,16,16,0.9,0.9,0.04598726,0.05,0.84210526,0.08947368,0.02817,18
552849316021551105,0,9,0,0.0,0,0,1.0,0.0,0.11111111,0.11111111,0.0,0.0,0.388889,3
552849515271958528,1,4,3,0.75,3,3,0.75,0.75,0.20618575,0.25,1.0,0.5,0.1625,4
552849585899462659,0,12,0,0.0,0,0,1.0,0.0,0.08333333,0.08333333,0.0,0.0,0.041667,12
552849662991151104,3,22,17,0.772727,15,15,0.863636,0.909091,0.03942969,0.04545455,0.71428571,0.07359307,0.082428,21
552849797892542464,5,42,26,0.619048,9,5,0.714286,1.52381,0.01771364,0.02380952,0.12195122,0.03019744,0.011905,11
552849865680494595,8,96,54,0.5625,4,0,0.614583,1.802083,0.00668178,0.01041667,0.0,0.01184211,0.061012,17
552849968546213888,1,13,12,0.923077,12,12,0.923077,0.923077,0.07220225,0.07692308,1.0,0.15384615,0.046823,13
552850022271033344,1,5,0,0.0,0,0,1.0,0.8,0.2,0.2,0.0,0.0,0.12,2
552850079074099201,1,10,1,0.1,1,0,0.9,0.2,0.09216586,0.1,0.0,0.02222222,0.0,8
552850092806258690,1,12,1,0.083333,1,0,0.916667,0.083333,0.077821,0.08333333,0.0,0.01515152,0.037037,11
552850116324130816,1,3,2,0.666667,2,2,0.666667,0.666667,0.25974051,0.33333333,1.0,0.66666667,0.0,3
552850282410176512,4,20,16,0.8,4,3,0.55,1.65,0.03162941,0.05,0.15789474,0.08421053,0.0,5
552850379453366272,1,18,17,0.944444,17,17,0.944444,0.944444,0.05305013,0.05555556,1.0,0.11111111,0.036062,18
552850514132873217,1,20,2,0.1,2,0,0.95,0.1,0.04796164,0.05,0.0,0.01052632,0.003846,19
552850533523136513,0,21,0,0.0,0,0,1.0,0.0,0.04761905,0.04761905,0.0,0.0,0.0,19
552850599168196608,1,2,1,0.5,1,1,0.5,0.5,0.35087736,0.5,1.0,1.0,0.0,2
552850603714826241,1,14,1,0.071429,1,0,0.928571,0.142857,0.06734006,0.07142857,0.0,0.01098901,0.173052,13
552850611524599808,1,2,1,0.5,1,1,0.5,0.5,0.35087736,0.5,1.0,1.0,0.0,2
552850725467082752,1,9,0,0.0,0,0,1.0,0.888889,0.11111111,0.11111111,0.0,0.0,0.055556,9
552850925510225920,5,42,24,0.571429,13,13,0.785714,1.142857,0.0188212,0.02380952,0.31707317,0.02787456,0.002976,16
552851189675470849,3,27,7,0.259259,2,0,0.777778,0.518519,0.02922851,0.03703704,0.0,0.01994302,0.018519,14
552851305023414272,1,22,17,0.772727,16,16,0.909091,0.772727,0.04219408,0.04545455,0.76190476,0.07359307,0.0,18
552851421155299328,2,22,14,0.636364,6,6,0.636364,0.772727,0.03373488,0.04545455,0.28571429,0.06060606,0.022727,15
552851433247477760,1,3,2,0.666667,2,2,0.666667,0.666667,0.25974051,0.33333333,1.0,0.66666667,0.222222,3
552851546384646145,1,20,2,0.1,1,0,0.9,0.1,0.04608293,0.05,0.0,0.01052632,0.013846,17
552851629624803328,6,34,27,0.794118,12,12,0.558824,1.823529,0.01754783,0.02941176,0.36363636,0.04812834,0.005882,11
552851679905734657,3,53,13,0.245283,2,0,0.773585,0.45283,0.01485482,0.01886792,0.0,0.00943396,0.026125,25
552851710880653312,2,21,17,0.809524,16,16,0.904762,0.857143,0.04396541,0.04761905,0.8,0.08095238,0.032532,18
552851772658561028,0,20,0,0.0,0,0,1.0,0.0,0.05,0.05,0.0,0.0,0.0,20
552851838928953344,1,8,0,0.0,0,0,1.0,0.75,0.125,0.125,0.0,0.0,0.0,7
552851847581413377,2,12,3,0.25,2,0,0.833333,0.416667,0.06933605,0.08333333,0.0,0.04545455,0.0,9
552956517197303810,0,1,0,0.0,0,0,1.0,0.0,1.0,1.0,1.0,1.0,0.333333,1
552978030935941120,2,11,10,0.909091,9,9,0.818182,1.0,0.07824555,0.09090909,0.9,0.18181818,0.116563,11
552978099357237248,1,4,3,0.75,3,3,0.75,0.75,0.20618575,0.25,1.0,0.5,0.875,4
552978184413921281,0,3,0,0.0,0,0,1.0,0.0,0.33333333,0.33333333,0.0,0.0,0.666667,3
552978225010184193,1,13,2,0.153846,2,0,0.923077,0.230769,0.07220216,0.07692308,0.0,0.02564103,0.061538,10
552978225094078464,2,20,19,0.95,18,18,0.9,1.0,0.04599789,0.05,0.94736842,0.1,0.121511,19
552978376424964097,2,7,2,0.285714,1,0,0.714286,0.428571,0.10612886,0.14285714,0.0,0.0952381,0.657143,5
552978385572732928,1,6,5,0.833333,5,5,0.833333,0.833333,0.14598557,0.16666667,1.0,0.33333333,0.083333,6
552978435090681856,4,22,21,0.954545,12,12,0.772727,1.5,0.03505802,0.04545455,0.57142857,0.09090909,0.015152,20
552978476605923328,3,17,15,0.882353,12,12,0.823529,1.117647,0.05000736,0.05882353,0.75,0.11029412,0.941176,17
552978519328686080,1,2,1,0.5,1,1,0.5,0.5,0.35087736,0.5,1.0,1.0,0.0,2
552978586559188992,2,7,6,0.857143,5,5,0.714286,1.0,0.11306466,0.14285714,0.83333333,0.28571429,0.089286,7
552978642968780800,2,18,17,0.944444,15,15,0.833333,1.055556,0.04843472,0.05555556,0.88235294,0.11111111,0.078704,17
552978972963643392,1,10,9,0.9,9,9,0.9,0.9,0.09216586,0.1,1.0,0.2,0.003448,10
552979275776032768,1,6,5,0.833333,5,5,0.833333,0.833333,0.14598557,0.16666667,1.0,0.33333333,0.012821,6
552979279039197186,2,21,4,0.190476,1,0,0.809524,0.238095,0.03980499,0.04761905,0.0,0.01904762,0.750786,19
552979420227842048,2,30,14,0.466667,9,9,0.8,0.533333,0.02849001,0.03333333,0.31034483,0.03218391,0.0,15
552979466050613248,6,83,48,0.578313,11,11,0.60241,1.46988,0.00808256,0.01204819,0.13414634,0.0141052,0.01935,17
552979571021447168,1,20,19,0.95,19,19,0.95,0.95,0.04796147,0.05,1.0,0.1,0.082418,20
552979992603533312,2,11,9,0.818182,9,9,0.909091,1.0,0.08438817,0.09090909,0.9,0.16363636,0.058899,10
552980261512949760,1,3,2,0.666667,2,2,0.666667,0.666667,0.25974051,0.33333333,1.0,0.66666667,1.0,3
552980288394231809,0,4,0,0.0,0,0,1.0,0.0,0.25,0.25,0.0,0.0,0.083333,4
552980299769200640,2,6,4,0.666667,4,4,0.833333,1.0,0.14598557,0.16666667,0.8,0.26666667,0.020833,6
552980557836337152,3,22,7,0.318182,4,0,0.818182,0.863636,0.03828121,0.04545455,0.0,0.03030303,0.249945,14
552980632432050177,1,21,1,0.047619,1,0,0.952381,0.047619,0.0457666,0.04761905,0.0,0.0047619,0.092203,21
552980714610634753,0,11,0,0.0,0,0,1.0,0.0,0.09090909,0.09090909,0.0,0.0,0.003135,11
552980760500916225,0,6,0,0.0,0,0,1.0,0.0,0.16666667,0.16666667,0.0,0.0,0.128205,2
552980862774808577,4,16,6,0.375,2,0,0.6875,0.75,0.04303223,0.0625,0.0,0.05,0.025593,8
552981008518500353,0,20,0,0.0,0,0,1.0,0.0,0.05,0.05,0.0,0.0,0.0,20
552981296839131136,3,21,5,0.238095,2,0,0.809524,0.952381,0.03980499,0.04761905,0.0,0.02380952,0.0,11
552981531023921153,2,22,3,0.136364,2,0,0.909091,0.181818,0.04156059,0.04545455,0.0,0.01298701,0.022727,20
552981694979248128,2,20,18,0.9,15,15,0.9,1.05,0.04598089,0.05,0.78947368,0.09473684,0.037937,19
552981833189969921,1,14,3,0.214286,1,0,0.785714,0.214286,0.06042289,0.07142857,0.0,0.03296703,0.916667,11
552981889619722241,6,38,17,0.447368,2,0,0.631579,1.447368,0.01787917,0.02631579,0.0,0.02418208,0.058521,10
552982124274647042,1,26,3,0.115385,1,0,0.884615,0.115385,0.03502624,0.03846154,0.0,0.00923077,0.071245,23
552982263907241984,1,4,3,0.75,3,3,0.75,0.75,0.20618575,0.25,1.0,0.5,0.083333,4
552982443511144448,7,36,21,0.583333,12,12,0.75,1.583333,0.02068236,0.02777778,0.34285714,0.03333333,0.946272,17
552982560146726912,2,17,16,0.941176,15,15,0.882353,1.0,0.05333861,0.05882353,0.9375,0.11764706,0.056956,16
552982613288157184,1,5,4,0.8,4,4,0.8,0.8,0.17094005,0.2,1.0,0.4,0.933333,5
552982635178635265,1,21,4,0.190476,2,0,0.857143,0.190476,0.04246286,0.04761905,0.0,0.01904762,0.074603,16
552982669840355329,2,8,2,0.25,1,0,0.75,0.5,0.10309287,0.125,0.0,0.07142857,0.0625,5
552982813671043072,2,18,15,0.833333,15,15,0.944444,1.055556,0.05305041,0.05555556,0.88235294,0.09803922,0.049534,16
552982816045408256,2,7,6,0.857143,5,5,0.714286,1.0,0.11306466,0.14285714,0.83333333,0.28571429,0.133333,7
552982828963856384,1,4,3,0.75,3,3,0.75,0.75,0.20618575,0.25,1.0,0.5,0.0,3
552982908865368064,5,25,16,0.64,7,7,0.68,1.68,0.03033249,0.04,0.29166667,0.05333333,0.077873,11
552983003308515328,1,4,3,0.75,3,3,0.75,0.75,0.20618575,0.25,1.0,0.5,0.197368,4
552983300730404864,2,7,6,0.857143,4,4,0.714286,1.142857,0.11260468,0.14285714,0.66666667,0.28571429,0.364286,7
552983615747796994,2,25,3,0.12,1,0,0.88,0.16,0.03536997,0.04,0.0,0.01,0.785993,23
552983656231628800,1,14,12,0.857143,12,12,0.928571,0.857143,0.06734012,0.07142857,0.92307692,0.13186813,0.242287,13
552983966932688897,1,14,3,0.214286,2,0,0.857143,0.214286,0.06369429,0.07142857,0.0,0.03296703,0.078571,14
552984231748829184,2,22,17,0.772727,15,15,0.863636,0.954545,0.040574,0.04545455,0.71428571,0.07359307,0.037603,21
552984347754897409,0,13,0,0.0,0,0,1.0,0.0,0.07692308,0.07692308,0.0,0.0,0.810256,13
552984474729062401,0,4,0,0.0,0,0,1.0,0.0,0.25,0.25,0.0,0.0,0.3125,4
552984502063337472,1,4,3,0.75,3,3,0.75,0.75,0.20618575,0.25,1.0,0.5,0.69881,4
552984511051751425,0,16,0,0.0,0,0,1.0,0.0,0.0625,0.0625,0.0,0.0,0.173611,13
552984527295873024,1,8,7,0.875,7,7,0.875,0.875,0.11299419,0.125,1.0,0.25,0.083333,7
552984798671945728,1,6,5,0.833333,5,5,0.833333,0.833333,0.14598557,0.16666667,1.0,0.33333333,0.083333,5
552984916070531072,3,85,17,0.2,8,8,0.905882,0.352941,0.01079763,0.01176471,0.0952381,0.0047619,0.934985,26
552984940900384769,1,10,1,0.1,1,0,0.9,0.1,0.09216586,0.1,0.0,0.02222222,0.003448,10
552985297307598848,4,26,17,0.653846,3,3,0.538462,1.538462,0.0229784,0.03846154,0.12,0.05230769,0.051282,8
552985339011153920,1,17,15,0.882353,15,15,0.941176,0.882353,0.05602243,0.05882353,0.9375,0.11029412,0.019608,17
552985389523148802,4,34,20,0.588235,3,0,0.588235,1.176471,0.01907934,0.02941176,0.0,0.03565062,0.075105,10
552985611070881792,1,20,18,0.9,18,18,0.95,0.9,0.04796147,0.05,0.94736842,0.09473684,0.840152,19
552985855854661633,6,78,43,0.551282,7,0,0.679487,1.75641,0.0091491,0.01282051,0.0,0.01431901,0.801518,20
552985912901001218,0,6,0,0.0,0,0,1.0,0.0,0.16666667,0.16666667,0.0,0.0,0.888889,5
552985973445783552,1,8,0,0.0,0,0,1.0,0.875,0.125,0.125,0.0,0.0,0.020833,8
552986187364065281,1,6,2,0.333333,1,0,0.666667,0.333333,0.12987025,0.16666667,0.0,0.13333333,0.916667,4
552986374765563904,1,5,3,0.6,2,2,0.6,0.6,0.14925385,0.2,0.5,0.3,0.0,4
552991544731774976,9,38,27,0.710526,14,14,0.736842,2.789474,0.01899149,0.02631579,0.37837838,0.03840683,0.963816,18
552993818816299008,9,178,110,0.617978,6,3,0.662921,1.780899,0.0040037,0.00561798,0.01694915,0.0069828,0.963503,17
552996335319007233,6,16,7,0.4375,2,0,0.625,1.375,0.03489181,0.0625,0.0,0.05833333,0.901042,6
553017543330648064,4,29,20,0.689655,12,12,0.724138,1.172414,0.0272456,0.03448276,0.42857143,0.04926108,0.847247,17
553096753898323968,1,6,5,0.833333,5,5,0.833333,0.833333,0.14598557,0.16666667,1.0,0.33333333,0.661966,6
553096943455727617,0,13,0,0.0,0,0,1.0,0.0,0.07692308,0.07692308,0.0,0.0,0.164336,13
553096978788515840,3,22,20,0.909091,13,13,0.727273,1.272727,0.03559726,0.04545455,0.61904762,0.08658009,0.037879,15
553097004138913792,2,11,10,0.909091,9,9,0.818182,1.0,0.07824555,0.09090909,0.9,0.18181818,0.011793,10
553098571323437056,2,5,4,0.8,3,3,0.6,1.0,0.14407486,0.2,0.75,0.4,1.0,4
553098785132670976,1,7,6,0.857143,6,6,0.857143,0.857143,0.12738858,0.14285714,1.0,0.28571429,0.071429,7
553098796108750848,1,17,16,0.941176,16,16,0.941176,0.941176,0.05602206,0.05882353,1.0,0.11764706,0.034672,17
553098799380717568,4,23,15,0.652174,7,7,0.652174,1.608696,0.03181067,0.04347826,0.31818182,0.05928854,0.069358,9
553099050409807872,1,9,8,0.888889,8,8,0.888889,0.888889,0.10152277,0.11111111,1.0,0.22222222,0.027778,9
553099479381848064,2,18,16,0.888889,15,15,0.888889,1.055556,0.05063764,0.05555556,0.88235294,0.10457516,0.001916,17
553099685888790528,2,20,11,0.55,6,6,0.7,0.6,0.03872594,0.05,0.31578947,0.05789474,0.966667,7
553099800951136256,3,20,17,0.85,12,12,0.75,1.25,0.03967582,0.05,0.63157895,0.08947368,0.019231,13
553100203239428097,9,141,93,0.659574,5,0,0.531915,2.687943,0.00426698,0.0070922,0.0,0.00942249,0.009456,25
553100279089205249,1,10,1,0.1,1,0,0.9,0.1,0.09216586,0.1,0.0,0.02222222,0.0,8
553100922268942336,1,10,0,0.0,0,0,1.0,0.9,0.1,0.1,0.0,0.0,0.116667,9
553100996855885824,2,24,15,0.625,10,10,0.75,0.708333,0.03419442,0.04166667,0.43478261,0.05434783,0.0,12
553101388926840832,1,7,6,0.857143,6,6,0.857143,0.857143,0.12738858,0.14285714,1.0,0.28571429,0.0,7
553101451271352320,1,3,2,0.666667,2,2,0.666667,0.666667,0.25974051,0.33333333,1.0,0.66666667,0.0,3
553101858013581313,1,17,5,0.294118,4,0,0.882353,0.294118,0.05347588,0.05882353,0.0,0.03676471,0.101841,13
553102562665050112,3,16,14,0.875,12,12,0.8125,1.1875,0.05158926,0.0625,0.8,0.11666667,0.011398,14
553102828743716864,1,7,6,0.857143,6,6,0.857143,0.857143,0.12738858,0.14285714,1.0,0.28571429,0.080952,7
553102901619748864,4,21,15,0.714286,6,6,0.666667,1.333333,0.03371008,0.04761905,0.3,0.07142857,0.854915,12
553103134210666497,0,4,0,0.0,0,0,1.0,0.0,0.25,0.25,0.0,0.0,0.0,4
553103334626701312,1,5,4,0.8,4,4,0.8,0.8,0.17094005,0.2,1.0,0.4,0.695192,5
553103772852191233,0,4,0,0.0,0,0,1.0,0.0,0.25,0.25,0.0,0.0,1.0,4
553103832717094912,1,6,5,0.833333,5,5,0.833333,0.833333,0.14598557,0.16666667,1.0,0.33333333,0.078205,6
553104503520890880,2,15,11,0.733333,4,4,0.733333,1.0,0.05330134,0.06666667,0.28571429,0.1047619,0.843492,6
553104539898089472,1,4,3,0.75,3,3,0.75,0.75,0.20618575,0.25,1.0,0.5,0.05,4
553104721503088640,1,8,7,0.875,7,7,0.875,0.875,0.11299419,0.125,1.0,0.25,0.041667,8
553105121526427649,2,20,3,0.15,1,0,0.85,0.2,0.04296925,0.05,0.0,0.01578947,0.018889,16
553105208008773632,2,27,22,0.814815,12,12,0.740741,1.185185,0.03012877,0.03703704,0.46153846,0.06267806,0.012346,16
553105460887572480,7,49,37,0.755102,7,7,0.510204,2.265306,0.01266525,0.02040816,0.14583333,0.03146259,0.0,14
553105493255000065,0,4,0,0.0,0,0,1.0,0.0,0.25,0.25,0.0,0.0,0.008621,4
553105942460760064,1,4,2,0.5,2,2,0.75,0.5,0.20618553,0.25,0.66666667,0.33333333,0.375,4
553106200242700289,2,22,4,0.181818,1,0,0.818182,0.227273,0.03828121,0.04545455,0.0,0.01731602,0.047475,20
553106334607228928,5,26,23,0.884615,13,13,0.692308,1.615385,0.02697997,0.03846154,0.52,0.07076923,0.010989,18
553106714682462209,3,17,3,0.176471,1,0,0.823529,0.352941,0.04627675,0.05882353,0.0,0.02205882,0.055882,12
553106869615472640,1,11,10,0.909091,10,10,0.909091,0.909091,0.08438842,0.09090909,1.0,0.18181818,0.0,11
553107688591089664,1,6,5,0.833333,5,5,0.833333,0.833333,0.14598557,0.16666667,1.0,0.33333333,0.0,6
553107921081749504,1,7,6,0.857143,6,6,0.857143,0.857143,0.12738858,0.14285714,1.0,0.28571429,0.807937,7
553107939926736896,2,23,21,0.913043,18,18,0.826087,1.0,0.03681531,0.04347826,0.81818182,0.08300395,0.107246,21
553108153915944961,0,3,0,0.0,0,0,1.0,0.0,0.33333333,0.33333333,0.0,0.0,0.0,3
553108170726719488,4,21,15,0.714286,6,6,0.666667,1.428571,0.03382175,0.04761905,0.3,0.07142857,0.172449,7
553108242856177664,2,14,12,0.857143,12,12,0.928571,1.0,0.06734012,0.07142857,0.92307692,0.13186813,0.020737,14
553108804934856704,1,8,7,0.875,7,7,0.875,0.875,0.11299419,0.125,1.0,0.25,0.14684,8
553109319764291584,2,21,19,0.904762,17,17,0.857143,1.0,0.04231012,0.04761905,0.85,0.09047619,0.0,20
553109369886633984,0,1,0,0.0,0,0,1.0,0.0,1.0,1.0,1.0,1.0,0.0,1
553109813807575040,3,24,18,0.75,17,17,0.916667,0.958333,0.03884626,0.04166667,0.73913043,0.06521739,0.0,19
553110339236409346,2,21,4,0.190476,1,0,0.809524,0.238095,0.03980499,0.04761905,0.0,0.01904762,0.791824,16
553110609513177088,3,8,6,0.75,5,5,0.75,1.25,0.10309287,0.125,0.71428571,0.21428571,0.078125,7
553110751238701058,0,5,0,0.0,0,0,1.0,0.0,0.2,0.2,0.0,0.0,0.245561,4
553110780745629696,3,12,9,0.75,9,9,0.916667,1.166667,0.077821,0.08333333,0.81818182,0.13636364,0.0,10
553110783761338368,4,52,36,0.692308,16,16,0.692308,1.384615,0.01409004,0.01923077,0.31372549,0.02714932,0.029167,18
553111157738057728,7,84,59,0.702381,7,7,0.535714,2.416667,0.00732636,0.01190476,0.08433735,0.01692484,0.0,13
553111553235361792,3,54,26,0.481481,4,4,0.685185,0.888889,0.01409181,0.01851852,0.0754717,0.01816911,0.0,10
553111820786204672,2,24,20,0.833333,16,16,0.791667,1.041667,0.03440823,0.04166667,0.69565217,0.07246377,0.021635,19
553112060788473856,9,96,64,0.666667,8,8,0.625,2.583333,0.00683506,0.01041667,0.08421053,0.01403509,0.002976,25
553112230292496384,2,15,11,0.733333,8,8,0.733333,0.866667,0.05381948,0.06666667,0.57142857,0.1047619,0.0,14
553113395487330304,1,16,15,0.9375,15,15,0.9375,0.9375,0.05934721,0.0625,1.0,0.125,0.089744,16
553113509152952321,5,36,20,0.555556,6,0,0.666667,1.388889,0.01987883,0.02777778,0.0,0.03174603,0.040344,22
553113536625664000,4,9,8,0.888889,5,5,0.555556,1.555556,0.06742716,0.11111111,0.625,0.22222222,0.003831,6
553113938091462656,4,16,14,0.875,9,9,0.75,1.5,0.05112342,0.0625,0.6,0.11666667,0.023214,8
553113944219320320,0,1,0,0.0,0,0,1.0,0.0,1.0,1.0,1.0,1.0,0.0,1
553114158989074432,4,9,8,0.888889,4,4,0.555556,1.777778,0.07047086,0.11111111,0.5,0.22222222,0.076898,6
553114307383541761,2,21,3,0.142857,1,0,0.857143,0.190476,0.04119895,0.04761905,0.0,0.01428571,0.02381,20
553115168084074497,3,20,3,0.15,1,0,0.85,0.4,0.04296925,0.05,0.0,0.01578947,0.852143,15
553115176057065473,1,9,1,0.111111,1,0,0.888889,0.111111,0.10152285,0.11111111,0.0,0.02777778,0.029915,7
553115236992290816,1,5,4,0.8,4,4,0.8,0.8,0.17094005,0.2,1.0,0.4,0.787179,5
553115341338198016,1,22,16,0.727273,14,14,0.863636,0.727273,0.04073321,0.04545455,0.66666667,0.06926407,0.027778,18
553115396006764544,3,21,1,0.047619,1,0,0.952381,1.095238,0.0457666,0.04761905,0.0,0.0047619,0.03869,18
553115926531674112,1,10,9,0.9,9,9,0.9,0.9,0.09216586,0.1,1.0,0.2,0.033333,10
553116149333114880,2,21,18,0.857143,18,18,0.952381,1.047619,0.04576647,0.04761905,0.9,0.08571429,0.003663,21
553116528074575872,1,11,10,0.909091,10,10,0.909091,0.909091,0.08438842,0.09090909,1.0,0.18181818,0.035714,10
553116915325870083,0,4,0,0.0,0,0,1.0,0.0,0.25,0.25,0.0,0.0,0.633333,4
553117423906590720,7,47,29,0.617021,7,7,0.659574,1.893617,0.01501255,0.0212766,0.15217391,0.02682701,0.004255,16
553117500410716160,1,8,7,0.875,7,7,0.875,0.875,0.11299419,0.125,1.0,0.25,0.020833,8
553117623568068608,6,26,23,0.884615,9,5,0.615385,2.230769,0.02473541,0.03846154,0.2,0.07076923,0.019231,19
553117778870169600,1,2,1,0.5,1,1,0.5,0.5,0.35087736,0.5,1.0,1.0,0.022727,2
553117857609809920,1,12,11,0.916667,11,11,0.916667,0.916667,0.07782115,0.08333333,1.0,0.16666667,0.0,12
553118198741356544,2,16,3,0.1875,1,0,0.8125,0.875,0.05390833,0.0625,0.0,0.025,0.782292,11
553118212813246464,1,17,15,0.882353,15,15,0.941176,0.882353,0.05602243,0.05882353,0.9375,0.11029412,0.115686,16
553118384540643328,1,10,9,0.9,9,9,0.9,0.9,0.09216586,0.1,1.0,0.2,0.01134,10
553118438332571648,1,9,8,0.888889,8,8,0.888889,0.888889,0.10152277,0.11111111,1.0,0.22222222,0.102151,9
553119235904643072,2,27,17,0.62963,10,10,0.777778,0.814815,0.03073753,0.03703704,0.38461538,0.04843305,0.096296,15
553119505887395840,1,7,5,0.714286,5,5,0.857143,0.714286,0.12738858,0.14285714,0.83333333,0.23809524,0.107143,7
553120696910364673,0,14,0,0.0,0,0,1.0,0.0,0.07142857,0.07142857,0.0,0.0,0.018304,14
553120849231089664,3,23,20,0.869565,17,17,0.869565,1.130435,0.03850327,0.04347826,0.77272727,0.07905138,0.116101,19
553121522769219584,1,4,3,0.75,3,3,0.75,0.75,0.20618575,0.25,1.0,0.5,0.0,4
553121581187485696,1,20,19,0.95,19,19,0.95,0.95,0.04796147,0.05,1.0,0.1,0.085128,20
553121732387946496,2,15,14,0.933333,12,12,0.8,1.066667,0.05659168,0.06666667,0.85714286,0.13333333,0.790583,15
553122276913471488,2,12,11,0.916667,7,7,0.666667,1.25,0.06365523,0.08333333,0.63636364,0.16666667,0.0,12
553122359398260736,2,21,2,0.095238,1,0,0.904762,1.095238,0.04405285,0.04761905,0.0,0.00952381,0.100332,20
553123078541434880,3,8,7,0.875,4,4,0.5,1.375,0.07913089,0.125,0.57142857,0.25,0.0,5
553123329561743361,0,7,0,0.0,0,0,1.0,0.0,0.14285714,0.14285714,0.0,0.0,1.0,7
553123958602862593,0,16,0,0.0,0,0,1.0,0.0,0.0625,0.0625,0.0,0.0,0.052993,16
553124268196642816,2,8,5,0.625,4,4,0.75,0.75,0.10120815,0.125,0.57142857,0.17857143,0.916667,6
553124563266306048,1,6,5,0.833333,5,5,0.833333,0.833333,0.14598557,0.16666667,1.0,0.33333333,0.175505,6
553124783043649537,0,1,0,0.0,0,0,1.0,0.0,1.0,1.0,1.0,1.0,0.0,1
553124985137815552,1,20,0,0.0,0,0,1.0,0.95,0.05,0.05,0.0,0.0,0.093709,20
553124985900785666,0,5,0,0.0,0,0,1.0,0.0,0.2,0.2,0.0,0.0,0.006897,5
553125301090525185,6,37,19,0.513514,2,0,0.621622,2.054054,0.01826206,0.02702703,0.0,0.02852853,0.038288,16
553125364520992768,2,10,9,0.9,8,8,0.8,1.0,0.08481539,0.1,0.88888889,0.2,0.0,9
553125384246804480,1,2,1,0.5,1,1,0.5,0.5,0.35087736,0.5,1.0,1.0,0.0,2
553126044375732224,2,20,19,0.95,16,16,0.9,1.1,0.04598726,0.05,0.84210526,0.1,0.05,19
553126072905383936,1,15,0,0.0,0,0,1.0,0.8,0.06666667,0.06666667,0.0,0.0,0.173325,9
553126492579053568,1,7,6,0.857143,6,6,0.857143,0.857143,0.12738858,0.14285714,1.0,0.28571429,0.171958,7
553126517027262465,0,1,0,0.0,0,0,1.0,0.0,1.0,1.0,1.0,1.0,0.0,1
553126517187047424,2,20,18,0.9,17,17,0.9,0.95,0.04599289,0.05,0.89473684,0.09473684,0.021875,20
553126953268834304,2,7,6,0.857143,3,3,0.714286,1.285714,0.11184643,0.14285714,0.5,0.28571429,0.0625,6
553127086706397185,2,21,4,0.190476,1,0,0.809524,0.285714,0.04098359,0.04761905,0.0,0.01904762,0.02381,15
553127274829328385,1,11,1,0.090909,1,0,0.909091,0.090909,0.08438817,0.09090909,0.0,0.01818182,0.0,8
553127508150071297,1,20,1,0.05,1,0,0.95,0.1,0.04796164,0.05,0.0,0.00526316,0.074933,20
553127546129117184,4,22,17,0.772727,10,10,0.681818,1.409091,0.0342721,0.04545455,0.47619048,0.07359307,0.053139,15
553127632947396609,2,21,2,0.095238,1,0,0.904762,0.238095,0.04269366,0.04761905,0.0,0.00952381,0.003401,15
553127899033640960,1,11,10,0.909091,10,10,0.909091,0.909091,0.08438842,0.09090909,1.0,0.18181818,0.0,11
553128245420257280,10,74,38,0.513514,12,12,0.716216,2.0,0.0098893,0.01351351,0.16438356,0.01406886,0.009009,15
553128325217275905,4,26,15,0.576923,5,0,0.692308,1.115385,0.02766282,0.03846154,0.0,0.04615385,0.003663,7
553128548526227456,1,3,2,0.666667,2,2,0.666667,0.666667,0.25974051,0.33333333,1.0,0.66666667,0.0,3
553129117215100928,1,2,1,0.5,1,1,0.5,0.5,0.35087736,0.5,1.0,1.0,0.0,2
553129378969047043,1,9,2,0.222222,1,0,0.777778,0.222222,0.09345797,0.11111111,0.0,0.05555556,0.0,8
553129478008758272,1,3,2,0.666667,2,2,0.666667,0.666667,0.25974051,0.33333333,1.0,0.66666667,0.157328,3
553129559173115904,5,12,10,0.833333,7,7,0.666667,1.75,0.05641838,0.08333333,0.63636364,0.15151515,0.69015,8
553129811850559488,2,22,19,0.863636,15,15,0.772727,1.090909,0.03788677,0.04545455,0.71428571,0.08225108,0.045455,16
553130148107943937,0,4,0,0.0,0,0,1.0,0.0,0.25,0.25,0.0,0.0,0.772727,4
553130475032563712,1,2,1,0.5,1,1,0.5,0.5,0.35087736,0.5,1.0,1.0,0.0,2
553131554743287808,4,24,23,0.958333,15,15,0.75,1.583333,0.03185888,0.04166667,0.65217391,0.08333333,0.0125,18
553131557892804609,1,3,0,0.0,0,0,1.0,0.333333,0.33333333,0.33333333,0.0,0.0,0.0,3
553131566172737536,3,15,1,0.066667,1,0,0.933333,1.066667,0.06309148,0.06666667,0.0,0.00952381,0.068519,13
553131713376047104,1,9,8,0.888889,8,8,0.888889,0.888889,0.10152277,0.11111111,1.0,0.22222222,0.055556,9
553131763468603392,2,22,18,0.818182,17,17,0.909091,0.954545,0.04211857,0.04545455,0.80952381,0.07792208,0.136616,20
553131791553667072,2,20,19,0.95,17,17,0.85,1.05,0.04417935,0.05,0.89473684,0.1,0.017262,18
553131797379551232,1,5,4,0.8,4,4,0.8,0.8,0.17094005,0.2,1.0,0.4,0.006897,5
553132534771744768,3,11,8,0.727273,6,6,0.727273,1.363636,0.07251194,0.09090909,0.6,0.14545455,0.060606,9
553132714446950400,4,30,23,0.766667,15,15,0.766667,1.133333,0.02625881,0.03333333,0.51724138,0.05287356,0.042917,17
553132819237462016,2,9,8,0.888889,7,7,0.777778,1.0,0.09256502,0.11111111,0.875,0.22222222,0.024995,8
553133048611753984,1,27,18,0.666667,18,18,0.962963,0.666667,0.03590661,0.03703704,0.69230769,0.05128205,0.039815,21
553133340795363328,4,20,12,0.6,4,4,0.7,1.55,0.03823111,0.05,0.21052632,0.06315789,0.020936,7
553133704881917952,6,52,18,0.346154,2,0,0.673077,1.25,0.01300424,0.01923077,0.0,0.01357466,0.902394,23
553134790925619201,0,10,0,0.0,0,0,1.0,0.0,0.1,0.1,0.0,0.0,0.148054,10
553135106609922049,1,21,1,0.047619,1,0,0.952381,0.047619,0.0457666,0.04761905,0.0,0.0047619,0.004535,20
553135255583219712,1,13,6,0.461538,6,6,0.923077,0.461538,0.07220216,0.07692308,0.5,0.07692308,0.058608,11
553135802495270913,3,23,3,0.130435,1,0,0.869565,0.26087,0.03622002,0.04347826,0.0,0.01185771,0.045231,21
553135886859534336,1,10,0,0.0,0,0,1.0,0.7,0.1,0.1,0.0,0.0,0.0,8
553135991083769856,2,7,6,0.857143,5,5,0.714286,1.0,0.11306466,0.14285714,0.83333333,0.28571429,0.0,7
553136053112950785,0,1,0,0.0,0,0,1.0,0.0,1.0,1.0,1.0,1.0,0.0,1
553136237083889664,3,25,16,0.64,13,13,0.84,0.8,0.03415184,0.04,0.54166667,0.05333333,0.158815,17
553136565296582657,2,22,5,0.227273,1,0,0.772727,0.272727,0.03707477,0.04545455,0.0,0.02164502,0.825772,14
553136604882014208,1,13,12,0.923077,12,12,0.923077,0.923077,0.07220225,0.07692308,1.0,0.15384615,0.718636,13
553136845589319680,10,38,25,0.657895,11,11,0.684211,2.763158,0.01716222,0.02631579,0.2972973,0.03556188,0.797512,16
553136990787342336,4,46,23,0.5,2,0,0.608696,1.130435,0.01489747,0.02173913,0.0,0.02222222,0.023402,10
553137068688543744,0,1,0,0.0,0,0,1.0,0.0,1.0,1.0,1.0,1.0,0.2,1
553137476135432194,1,20,2,0.1,1,0,0.9,0.1,0.04608293,0.05,0.0,0.01052632,0.01,17
553137557601812480,4,22,15,0.681818,10,10,0.772727,1.0,0.03420168,0.04545455,0.47619048,0.06493506,0.203848,13
553137601457426433,4,19,4,0.210526,2,0,0.842105,0.736842,0.04489852,0.05263158,0.0,0.02339181,0.04386,15
553137713163943936,1,9,0,0.0,0,0,1.0,0.888889,0.11111111,0.11111111,0.0,0.0,0.078042,9
553137849663361024,2,20,18,0.9,17,17,0.9,0.95,0.04599289,0.05,0.89473684,0.09473684,0.860962,19
553137946740932608,1,2,1,0.5,1,1,0.5,0.5,0.35087736,0.5,1.0,1.0,0.83,2
553138330557108224,2,9,6,0.666667,4,4,0.666667,0.888889,0.08395432,0.11111111,0.5,0.16666667,0.0,6
553138598980370433,0,2,0,0.0,0,0,1.0,0.0,0.5,0.5,0.0,0.0,0.0,2
553139058827096064,1,11,10,0.909091,10,10,0.909091,0.909091,0.08438842,0.09090909,1.0,0.18181818,0.003135,11
553139203320860672,2,23,14,0.608696,11,11,0.826087,0.826087,0.0377848,0.04347826,0.5,0.05533597,0.729229,14
553139285717950465,0,12,0,0.0,0,0,1.0,0.0,0.08333333,0.08333333,0.0,0.0,0.085512,12
553139515171557376,0,1,0,0.0,0,0,1.0,0.0,1.0,1.0,1.0,1.0,0.0,1
553139573019406336,1,2,0,0.0,0,0,1.0,0.5,0.5,0.5,0.0,0.0,0.0,2
553139825008599041,1,9,1,0.111111,1,0,0.888889,0.111111,0.10152285,0.11111111,0.0,0.02777778,0.785909,9
553140194606469121,0,9,0,0.0,0,0,1.0,0.0,0.11111111,0.11111111,0.0,0.0,0.040868,9
553140461540343808,4,19,16,0.842105,9,9,0.684211,1.526316,0.03759337,0.05263158,0.5,0.09356725,0.0,13
553140613051215873,0,16,0,0.0,0,0,1.0,0.0,0.0625,0.0625,0.0,0.0,0.085499,13
553141087725170688,4,45,28,0.622222,5,5,0.666667,1.2,0.01538082,0.02222222,0.11363636,0.02828283,0.80413,15
553141732452626432,2,12,11,0.916667,9,9,0.75,1.083333,0.06797825,0.08333333,0.81818182,0.16666667,0.872863,11
553141935482093568,2,24,19,0.791667,15,15,0.833333,1.0,0.03643233,0.04166667,0.65217391,0.06884058,0.050368,19
553142344166301696,5,24,18,0.75,9,9,0.708333,1.708333,0.03269454,0.04166667,0.39130435,0.06521739,0.0625,14
553143017922912256,1,9,8,0.888889,8,8,0.888889,0.888889,0.10152277,0.11111111,1.0,0.22222222,0.067416,9
553143179038715904,3,21,16,0.761905,8,8,0.714286,1.333333,0.03665736,0.04761905,0.4,0.07619048,0.0,11
553143415899451393,0,6,0,0.0,0,0,1.0,0.0,0.16666667,0.16666667,0.0,0.0,0.0,5
553143519536500738,0,5,0,0.0,0,0,1.0,0.0,0.2,0.2,0.0,0.0,0.121739,5
553143905039159297,8,99,64,0.646465,5,0,0.565657,2.515152,0.00656714,0.01010101,0.0,0.01319316,0.02675,18
553143987377561600,1,9,8,0.888889,8,8,0.888889,0.888889,0.10152277,0.11111111,1.0,0.22222222,0.0,9
553144384737525762,0,5,0,0.0,0,0,1.0,0.0,0.2,0.2,0.0,0.0,0.067503,5
553144428584398850,2,20,3,0.15,1,0,0.85,0.2,0.04296925,0.05,0.0,0.01578947,0.075,17
553144448452792321,0,6,0,0.0,0,0,1.0,0.0,0.16666667,0.16666667,0.0,0.0,0.055556,6
553144712920834048,3,13,12,0.923077,7,7,0.538462,1.384615,0.05175158,0.07692308,0.58333333,0.15384615,0.835897,8
553144889811402752,1,13,0,0.0,0,0,1.0,0.615385,0.07692308,0.07692308,0.0,0.0,0.005495,12
553144928721973248,1,3,2,0.666667,2,2,0.666667,0.666667,0.25974051,0.33333333,1.0,0.66666667,0.202899,3
553144964168036352,6,25,8,0.32,2,0,0.76,1.88,0.02934663,0.04,0.0,0.02666667,0.046667,15
553145034720030720,1,2,1,0.5,1,1,0.5,0.5,0.35087736,0.5,1.0,1.0,0.055556,2
553145130354765824,1,15,14,0.933333,14,14,0.933333,0.933333,0.06309152,0.06666667,1.0,0.13333333,0.032381,15
553145137086607360,2,14,13,0.928571,12,12,0.857143,1.0,0.0634511,0.07142857,0.92307692,0.14285714,0.119505,13
553145236268916736,3,10,2,0.2,1,0,0.8,1.2,0.08049894,0.1,0.0,0.04444444,0.033182,5
553145422097969152,4,25,15,0.6,12,0,0.84,1.72,0.03413644,0.04,0.0,0.05,0.042921,24
553145603665186816,2,14,13,0.928571,11,11,0.785714,1.071429,0.05994703,0.07142857,0.84615385,0.14285714,0.07568,12
553145690424344576,1,2,1,0.5,1,1,0.5,0.5,0.35087736,0.5,1.0,1.0,0.0,2
553145736045801472,1,6,5,0.833333,5,5,0.833333,0.833333,0.14598557,0.16666667,1.0,0.33333333,0.252083,6
553145755079569408,5,26,19,0.730769,13,13,0.769231,1.692308,0.0313149,0.03846154,0.52,0.05846154,0.075256,13
553145759961714688,5,29,26,0.896552,10,10,0.655172,2.137931,0.02384604,0.03448276,0.35714286,0.06403941,0.022989,19
553145830761594880,2,8,7,0.875,6,6,0.75,1.0,0.10182859,0.125,0.85714286,0.25,0.060858,8
553145859089920000,5,16,10,0.625,5,5,0.75,1.6875,0.04861913,0.0625,0.33333333,0.08333333,0.0,7
553146117685522433,0,1,0,0.0,0,0,1.0,0.0,1.0,1.0,1.0,1.0,0.2,1
553146248652681217,1,20,2,0.1,1,0,0.9,0.1,0.04608293,0.05,0.0,0.01052632,0.085625,17
553146494271094784,1,7,6,0.857143,6,6,0.857143,0.857143,0.12738858,0.14285714,1.0,0.28571429,0.214966,6
553146691344695297,1,6,1,0.166667,1,0,0.833333,0.166667,0.14598538,0.16666667,0.0,0.06666667,0.089286,6
553147034707165185,1,20,3,0.15,1,0,0.85,0.15,0.04434592,0.05,0.0,0.01578947,0.091667,20
553147120942084096,1,8,7,0.875,7,7,0.875,0.875,0.11299419,0.125,1.0,0.25,0.125464,8
553147341470203906,2,16,3,0.1875,1,0,0.8125,0.25,0.05188736,0.0625,0.0,0.025,0.081429,14
553147368913506304,2,23,17,0.73913,14,14,0.826087,0.826087,0.03773118,0.04347826,0.63636364,0.06719368,0.006865,18
553148339160907776,1,3,2,0.666667,2,2,0.666667,0.666667,0.25974051,0.33333333,1.0,0.66666667,0.0,3
553148844574511104,2,25,21,0.84,17,17,0.84,0.96,0.0342877,0.04,0.70833333,0.07,0.09899,19
553148900811759617,4,37,11,0.297297,2,0,0.756757,0.540541,0.02083333,0.02702703,0.0,0.01651652,0.008654,24
553148926459920386,2,23,7,0.304348,2,0,0.73913,0.478261,0.0338467,0.04347826,0.0,0.02766798,0.0,14
553148970651107329,3,31,6,0.193548,2,0,0.83871,0.451613,0.02725166,0.03225806,0.0,0.01290323,0.036866,14
553148984509100032,4,19,17,0.894737,11,11,0.631579,1.368421,0.03568605,0.05263158,0.61111111,0.0994152,0.054825,13
553149163181838336,1,2,0,0.0,0,0,1.0,0.5,0.5,0.5,0.0,0.0,0.0,2
553149253363576832,1,10,9,0.9,9,9,0.9,0.9,0.09216586,0.1,1.0,0.2,0.011111,10
553149347777753088,1,18,16,0.888889,16,16,0.944444,0.888889,0.05305041,0.05555556,0.94117647,0.10457516,0.055556,18
553149508637708288,1,12,11,0.916667,11,11,0.916667,0.916667,0.07782115,0.08333333,1.0,0.16666667,0.0,12
553149880693456896,2,22,20,0.909091,18,18,0.863636,1.0,0.04060043,0.04545455,0.85714286,0.08658009,0.060508,17
553151132949053440,1,2,1,0.5,1,1,0.5,0.5,0.35087736,0.5,1.0,1.0,0.0,2
553151201253294080,1,18,17,0.944444,17,17,0.944444,0.944444,0.05305013,0.05555556,1.0,0.11111111,0.198229,17
553151328009351169,0,7,0,0.0,0,0,1.0,0.0,0.14285714,0.14285714,0.0,0.0,0.0,7
553151506556653568,1,14,13,0.928571,13,13,0.928571,0.928571,0.06734012,0.07142857,1.0,0.14285714,0.0,12
553151670796820480,1,10,9,0.9,9,9,0.9,0.9,0.09216586,0.1,1.0,0.2,0.134286,10
553151691512492033,0,1,0,0.0,0,0,1.0,0.0,1.0,1.0,1.0,1.0,0.0,1
553151700950065152,3,21,7,0.333333,4,0,0.809524,1.0,0.03900574,0.04761905,0.0,0.03333333,0.004964,13
553151749008424960,2,16,15,0.9375,14,14,0.875,1.0,0.05633301,0.0625,0.93333333,0.125,0.081729,13
553151804046082048,1,4,2,0.5,2,2,0.75,0.5,0.20618553,0.25,0.66666667,0.33333333,0.0,4
553151980928262144,2,20,7,0.35,7,0,0.95,1.25,0.04796164,0.05,0.0,0.03684211,0.100967,19
553152208691539968,0,1,0,0.0,0,0,1.0,0.0,1.0,1.0,1.0,1.0,0.0,1
553152215050125313,0,4,0,0.0,0,0,1.0,0.0,0.25,0.25,0.0,0.0,0.703571,4
553152395371630592,2,22,20,0.909091,18,18,0.863636,0.954545,0.03956875,0.04545455,0.85714286,0.08658009,0.914069,20
553152400832606208,3,20,17,0.85,14,14,0.85,1.15,0.0441439,0.05,0.73684211,0.08947368,0.058384,17
553152448077258753,0,4,0,0.0,0,0,1.0,0.0,0.25,0.25,0.0,0.0,0.03243,4
553152515701612544,2,22,4,0.181818,2,0,0.863636,1.045455,0.04073321,0.04545455,0.0,0.01731602,0.022727,17
553152675014246400,2,20,17,0.85,14,14,0.85,0.9,0.04424457,0.05,0.73684211,0.08947368,0.042227,15
553152831050362882,2,11,3,0.272727,2,0,0.818182,0.454545,0.07874013,0.09090909,0.0,0.05454545,0.139713,6
553153073481535489,4,32,12,0.375,2,0,0.65625,0.84375,0.02279017,0.03125,0.0,0.02419355,0.008814,12
553153190859141120,7,37,16,0.432432,8,8,0.837838,1.459459,0.0235009,0.02702703,0.22222222,0.02402402,0.037682,9
553153731471364096,4,33,21,0.636364,9,9,0.636364,1.69697,0.0216131,0.03030303,0.28125,0.03977273,0.020202,13
553153740925304832,1,8,7,0.875,7,7,0.875,0.875,0.11299419,0.125,1.0,0.25,0.074163,8
553155289235881984,1,13,12,0.923077,12,12,0.923077,0.923077,0.07220225,0.07692308,1.0,0.15384615,0.014652,13
553155430055440384,1,6,5,0.833333,5,5,0.833333,0.833333,0.14598557,0.16666667,1.0,0.33333333,0.218333,6
553155988917075968,1,12,11,0.916667,11,11,0.916667,0.916667,0.07782115,0.08333333,1.0,0.16666667,0.071825,12
553156573607251968,3,21,17,0.809524,9,9,0.571429,1.142857,0.03095731,0.04761905,0.45,0.08095238,0.0,9
553156988356820992,1,5,4,0.8,4,4,0.8,0.8,0.17094005,0.2,1.0,0.4,0.16798,5
553157114156560385,1,22,2,0.090909,1,0,0.909091,0.090909,0.04219408,0.04545455,0.0,0.00865801,0.016234,20
553157352091025408,1,6,5,0.833333,5,5,0.833333,0.833333,0.14598557,0.16666667,1.0,0.33333333,0.104167,6
553157384714342400,3,21,18,0.857143,14,14,0.761905,1.238095,0.03828548,0.04761905,0.7,0.08571429,0.168252,18
553157600225677312,2,10,9,0.9,7,7,0.8,1.1,0.08472267,0.1,0.77777778,0.2,0.099749,8
553157600704204800,2,25,18,0.72,18,18,0.96,0.8,0.03868467,0.04,0.75,0.06,0.011429,22
553157744061325312,3,27,13,0.481481,7,7,0.740741,0.814815,0.02960703,0.03703704,0.26923077,0.03703704,0.056397,8
553157857215262721,0,20,0,0.0,0,0,1.0,0.0,0.05,0.05,0.0,0.0,0.033333,20
553158824979619840,1,16,15,0.9375,15,15,0.9375,0.9375,0.05934721,0.0625,1.0,0.125,0.0,9
553158826435018752,1,6,0,0.0,0,0,1.0,0.833333,0.16666667,0.16666667,0.0,0.0,0.18366,6
553159290987364352,2,7,0,0.0,0,0,1.0,0.857143,0.14285714,0.14285714,0.0,0.0,0.071429,7
553159409476837376,1,2,1,0.5,1,1,0.5,0.5,0.35087736,0.5,1.0,1.0,0.25,2
553159439457341442,0,11,0,0.0,0,0,1.0,0.0,0.09090909,0.09090909,0.0,0.0,0.160316,11
553159773555023872,1,23,19,0.826087,19,19,0.956522,0.826087,0.04192864,0.04347826,0.86363636,0.07509881,0.028986,22
553159810179661826,3,25,5,0.2,2,0,0.84,0.44,0.03283095,0.04,0.0,0.01666667,0.03203,18
553160213839486976,1,4,3,0.75,3,3,0.75,0.75,0.20618575,0.25,1.0,0.5,0.0,4
553160244847984640,8,34,23,0.676471,8,8,0.647059,2.411765,0.01895744,0.02941176,0.24242424,0.04099822,0.077206,23
553160652567498752,1,12,0,0.0,0,0,1.0,0.916667,0.08333333,0.08333333,0.0,0.0,0.780885,11
553160898399834112,1,10,9,0.9,9,9,0.9,0.9,0.09216586,0.1,1.0,0.2,0.061842,10
553160909208559616,1,6,5,0.833333,5,5,0.833333,0.833333,0.14598557,0.16666667,1.0,0.33333333,0.015873,5
553161360503500801,1,7,1,0.142857,1,0,0.857143,0.142857,0.12738858,0.14285714,0.0,0.04761905,0.0,6
553161401733496832,1,6,5,0.833333,5,5,0.833333,0.833333,0.14598557,0.16666667,1.0,0.33333333,0.025677,6
553161458931236864,3,15,10,0.666667,7,7,0.866667,1.066667,0.05951244,0.06666667,0.5,0.0952381,0.0,8
553161476928978944,2,12,1,0.083333,1,0,0.916667,1.0,0.077821,0.08333333,0.0,0.01515152,0.01081,12
553161912968417280,4,26,20,0.769231,12,12,0.846154,1.346154,0.03329782,0.03846154,0.48,0.06153846,0.0,23
553162401940770816,3,54,21,0.388889,5,5,0.777778,0.574074,0.01521336,0.01851852,0.09433962,0.01467505,0.0,7
553162459885096962,2,35,15,0.428571,6,0,0.771429,0.571429,0.0234506,0.02857143,0.0,0.02521008,0.137185,22
553162589744926720,2,20,18,0.9,17,17,0.9,0.95,0.04599289,0.05,0.89473684,0.09473684,0.085,20
553162815402672128,2,19,15,0.789474,14,14,0.894737,0.842105,0.04818904,0.05263158,0.77777778,0.0877193,0.078195,17
553163190138580992,2,18,15,0.833333,15,15,0.944444,1.055556,0.05305041,0.05555556,0.88235294,0.09803922,0.034078,18
553163210715844608,2,26,20,0.769231,15,15,0.846154,1.076923,0.03395788,0.03846154,0.6,0.06153846,0.026923,18
553163344577064960,2,16,14,0.875,13,13,0.875,0.9375,0.05632038,0.0625,0.86666667,0.11666667,0.100818,14
553163722378977282,0,18,0,0.0,0,0,1.0,0.0,0.05555556,0.05555556,0.0,0.0,0.104947,17
553163862707818496,1,11,10,0.909091,10,10,0.909091,0.909091,0.08438842,0.09090909,1.0,0.18181818,0.068182,11
553164185006534656,5,42,33,0.785714,7,7,0.547619,1.761905,0.01485193,0.02380952,0.17073171,0.03832753,0.09127,13
553164303650799616,2,20,19,0.95,18,18,0.9,1.0,0.04599789,0.05,0.94736842,0.1,0.117179,18
553164381673259008,3,11,8,0.727273,4,4,0.545455,1.272727,0.05759292,0.09090909,0.4,0.14545455,0.025974,5
553164722380742656,1,17,15,0.882353,15,15,0.941176,0.882353,0.05602243,0.05882353,0.9375,0.11029412,0.152554,14
553164985460068352,1,15,0,0.0,0,0,1.0,0.933333,0.06666667,0.06666667,0.0,0.0,0.669928,14
553165231275663361,0,13,0,0.0,0,0,1.0,0.0,0.07692308,0.07692308,0.0,0.0,0.058608,8
553165418639413248,1,10,9,0.9,9,9,0.9,0.9,0.09216586,0.1,1.0,0.2,0.111782,10
553165538499641344,8,43,13,0.302326,1,0,0.697674,1.604651,0.01715967,0.02325581,0.0,0.01439646,0.123598,14
553165824979386368,1,7,3,0.428571,2,2,0.714286,0.428571,0.11494245,0.14285714,0.33333333,0.14285714,0.099206,5
553166152344829952,5,31,8,0.258065,2,0,0.806452,1.354839,0.02742645,0.03225806,0.0,0.0172043,0.03995,25
553166766977740801,2,38,18,0.473684,4,0,0.631579,0.631579,0.01913951,0.02631579,0.0,0.02560455,0.030827,20
553166907596365824,2,14,8,0.571429,7,7,0.857143,1.0,0.06369429,0.07142857,0.53846154,0.08791209,0.0,8
553167429665587200,2,9,8,0.888889,7,7,0.777778,1.0,0.09256502,0.11111111,0.875,0.22222222,0.744444,7
553167814941761538,0,4,0,0.0,0,0,1.0,0.0,0.25,0.25,0.0,0.0,0.692308,4
553168646051475456,5,9,7,0.777778,4,4,0.555556,2.0,0.07517038,0.11111111,0.5,0.19444444,0.0,6
553168698677030913,2,24,1,0.041667,1,0,0.958333,0.208333,0.04024145,0.04166667,0.0,0.00362319,0.006419,19
553168792017457154,0,11,0,0.0,0,0,1.0,0.0,0.09090909,0.09090909,0.0,0.0,0.167333,10
553169114102247424,1,2,1,0.5,1,1,0.5,0.5,0.35087736,0.5,1.0,1.0,0.0,2
553169307824177152,1,6,0,0.0,0,0,1.0,0.833333,0.16666667,0.16666667,0.0,0.0,0.67893,6
553169577228926976,2,8,7,0.875,6,6,0.75,1.0,0.10182859,0.125,0.85714286,0.25,0.169345,8
553169622762262529,1,21,5,0.238095,3,0,0.857143,0.238095,0.04246286,0.04761905,0.0,0.02380952,0.02381,18
553170912129056770,5,25,5,0.2,1,0,0.8,0.64,0.03014999,0.04,0.0,0.01666667,0.047755,19
553170984824733698,3,23,4,0.173913,1,0,0.826087,0.347826,0.03513821,0.04347826,0.0,0.01581028,0.154703,20
553171056589279233,0,17,0,0.0,0,0,1.0,0.0,0.05882353,0.05882353,0.0,0.0,0.020553,17
553171741804359680,1,19,18,0.947368,18,18,0.947368,0.947368,0.05037763,0.05263158,1.0,0.10526316,0.104756,19
553171841913602048,4,23,17,0.73913,13,13,0.782609,1.0,0.03395352,0.04347826,0.59090909,0.06719368,0.100592,15
553171877464920064,1,14,11,0.785714,10,10,0.857143,0.785714,0.06369429,0.07142857,0.76923077,0.12087912,0.134264,12
553171989385728000,1,3,2,0.666667,2,2,0.666667,0.666667,0.25974051,0.33333333,1.0,0.66666667,0.083333,3
553172148085620738,1,22,2,0.090909,1,0,0.909091,0.090909,0.04219408,0.04545455,0.0,0.00865801,0.054795,16
553172543470043136,1,4,0,0.0,0,0,1.0,0.75,0.25,0.25,0.0,0.0,0.083333,4
553172609211596800,2,16,15,0.9375,14,14,0.875,1.0,0.05633301,0.0625,0.93333333,0.125,0.052632,13
553172769819852800,1,10,8,0.8,8,8,0.9,0.8,0.09216586,0.1,0.88888889,0.17777778,0.0,9
553172900270727169,0,4,0,0.0,0,0,1.0,0.0,0.25,0.25,0.0,0.0,0.0,4
553173371043995648,2,12,11,0.916667,10,10,0.833333,1.0,0.07260977,0.08333333,0.90909091,0.16666667,0.041667,10
553173501369389056,4,29,24,0.827586,17,17,0.758621,1.241379,0.02695845,0.03448276,0.60714286,0.0591133,0.063299,18
553173654121742336,2,20,2,0.1,2,0,0.95,0.85,0.04796164,0.05,0.0,0.01052632,0.159085,18
553174247506706432,1,11,10,0.909091,10,10,0.909091,0.909091,0.08438842,0.09090909,1.0,0.18181818,0.094156,11
553174338380517376,6,205,99,0.482927,13,13,0.707317,1.02439,0.00364339,0.00487805,0.06372549,0.00473458,0.006829,52
553174353735872512,2,23,18,0.782609,17,17,0.913043,0.826087,0.04041629,0.04347826,0.77272727,0.07114625,0.135387,18
553174536028303360,2,13,12,0.923077,11,11,0.846154,1.0,0.0677246,0.07692308,0.91666667,0.15384615,0.110763,12
553174607604482048,2,12,11,0.916667,10,10,0.833333,1.0,0.07260977,0.08333333,0.90909091,0.16666667,0.071728,12
553174639158231041,2,7,2,0.285714,1,0,0.714286,0.428571,0.10612886,0.14285714,0.0,0.0952381,0.0,5
553174713061892097,1,14,1,0.071429,1,0,0.928571,0.071429,0.06734006,0.07142857,0.0,0.01098901,0.177475,13
553174789561389056,1,20,19,0.95,19,19,0.95,0.95,0.04796147,0.05,1.0,0.1,0.007143,19
553175336926449664,1,20,18,0.9,18,18,0.95,0.9,0.04796147,0.05,0.94736842,0.09473684,0.016667,19
553175451506855936,2,21,2,0.095238,1,0,0.904762,0.904762,0.04405285,0.04761905,0.0,0.00952381,0.015038,16
553175550231986177,0,11,0,0.0,0,0,1.0,0.0,0.09090909,0.09090909,0.0,0.0,0.086823,11
553175714128990208,1,18,16,0.888889,16,16,0.944444,0.888889,0.05305041,0.05555556,0.94117647,0.10457516,0.151288,18
553176411541098499,0,1,0,0.0,0,0,1.0,0.0,1.0,1.0,1.0,1.0,0.333333,1
553176753297162240,1,6,5,0.833333,5,5,0.833333,0.833333,0.14598557,0.16666667,1.0,0.33333333,0.584354,6
553176929411825664,2,20,18,0.9,15,15,0.9,1.05,0.04598089,0.05,0.78947368,0.09473684,0.79197,18
553176976698376192,1,8,7,0.875,7,7,0.875,0.875,0.11299419,0.125,1.0,0.25,0.1875,8
553177082566836225,3,26,4,0.153846,1,0,0.846154,0.269231,0.03178727,0.03846154,0.0,0.01230769,0.138696,15
553177099843149824,7,70,29,0.414286,6,6,0.771429,1.557143,0.01152107,0.01428571,0.08695652,0.01200828,0.174367,17
553177321218514944,1,15,0,0.0,0,0,1.0,0.933333,0.06666667,0.06666667,0.0,0.0,0.061111,15
553177465883873280,0,1,0,0.0,0,0,1.0,0.0,1.0,1.0,1.0,1.0,0.0,1
553177822312013825,1,17,2,0.117647,1,0,0.882353,0.117647,0.05347594,0.05882353,0.0,0.01470588,0.0,17
553177833686589440,1,12,11,0.916667,11,11,0.916667,0.916667,0.07782115,0.08333333,1.0,0.16666667,0.140094,10
553178273895956480,4,23,21,0.913043,12,12,0.695652,1.608696,0.03182586,0.04347826,0.54545455,0.08300395,0.05295,16
553178341596233728,5,17,14,0.823529,8,8,0.588235,1.647059,0.03587039,0.05882353,0.5,0.10294118,0.0,9
553180005514366976,4,30,23,0.766667,8,8,0.533333,1.233333,0.021158,0.03333333,0.27586207,0.05287356,0.051313,12
553180071775993857,0,6,0,0.0,0,0,1.0,0.0,0.16666667,0.16666667,0.0,0.0,0.020833,6
553180236591169536,4,59,34,0.576271,6,0,0.59322,1.338983,0.01140366,0.01694915,0.0,0.01987142,0.033914,22
553180503969644544,1,9,0,0.0,0,0,1.0,0.888889,0.11111111,0.11111111,0.0,0.0,0.118795,8
553180729254113280,1,6,4,0.666667,4,4,0.833333,0.666667,0.14598557,0.16666667,0.8,0.26666667,0.035304,5
553181386069143552,3,41,14,0.341463,3,0,0.731707,1.04878,0.01921747,0.02439024,0.0,0.01707317,0.007423,16
553181500104269824,2,6,4,0.666667,4,4,0.833333,1.0,0.14598557,0.16666667,0.8,0.26666667,0.02381,5
553181586829484034,0,5,0,0.0,0,0,1.0,0.0,0.2,0.2,0.0,0.0,0.060606,4
553181899662049281,6,47,20,0.425532,3,0,0.723404,1.404255,0.01588011,0.0212766,0.0,0.01850139,0.008511,15
553181902543126529,5,20,8,0.4,2,0,0.65,0.95,0.03108464,0.05,0.0,0.04210526,0.0,12
553181997041217537,3,32,15,0.46875,2,0,0.625,0.65625,0.02187981,0.03125,0.0,0.03024194,0.040365,9
553182566564757504,3,15,13,0.866667,9,9,0.666667,1.133333,0.04797666,0.06666667,0.64285714,0.12380952,0.002299,9
553182889379397632,3,20,18,0.9,14,14,0.75,1.15,0.039728,0.05,0.73684211,0.09473684,0.064286,18
553183067670843392,1,20,19,0.95,19,19,0.95,0.95,0.04796147,0.05,1.0,0.1,0.141661,19
553183099610095616,2,10,9,0.9,8,8,0.8,1.0,0.08481539,0.1,0.88888889,0.2,0.0125,10
553183420499894272,2,10,9,0.9,8,8,0.8,1.0,0.08481539,0.1,0.88888889,0.2,0.11697,10
553184082277187585,0,20,0,0.0,0,0,1.0,0.0,0.05,0.05,0.0,0.0,0.020513,17
553184390260338688,5,14,11,0.785714,5,5,0.642857,2.0,0.04617964,0.07142857,0.38461538,0.12087912,0.07483,7
553184451774402560,3,13,9,0.692308,6,6,0.692308,1.0,0.05725508,0.07692308,0.5,0.11538462,0.0,7
553184482241814530,3,29,2,0.068966,1,0,0.931034,0.241379,0.03257331,0.03448276,0.0,0.00492611,0.848851,22
553184643055644674,3,26,7,0.269231,1,0,0.730769,0.5,0.02940385,0.03846154,0.0,0.02153846,0.935897,16
553184958958022657,0,10,0,0.0,0,0,1.0,0.0,0.1,0.1,0.0,0.0,0.824286,10
553185062829948928,1,2,1,0.5,1,1,0.5,0.5,0.35087736,0.5,1.0,1.0,0.0,2
553185370108878849,4,25,12,0.48,5,0,0.72,0.76,0.02982815,0.04,0.0,0.04,0.828667,19
553185404657352704,7,57,35,0.614035,11,11,0.719298,1.684211,0.01328069,0.01754386,0.19642857,0.02192982,0.0,19
553185716218650624,3,20,18,0.9,16,16,0.85,1.15,0.04425719,0.05,0.84210526,0.09473684,0.088988,15
553185825065009153,0,20,0,0.0,0,0,1.0,0.0,0.05,0.05,0.0,0.0,0.145,15
553185854165114882,0,5,0,0.0,0,0,1.0,0.0,0.2,0.2,0.0,0.0,0.273333,5
553186026811039745,2,30,6,0.2,2,0,0.833333,0.3,0.02919711,0.03333333,0.0,0.0137931,0.044444,21
553186457121472512,1,18,16,0.888889,16,16,0.944444,0.888889,0.05305041,0.05555556,0.94117647,0.10457516,0.057854,18
553186515359379457,0,8,0,0.0,0,0,1.0,0.0,0.125,0.125,0.0,0.0,0.0,8
553186555150749696,2,25,18,0.72,12,12,0.76,0.84,0.0331562,0.04,0.5,0.06,0.885263,14
553186577850335232,1,10,9,0.9,9,9,0.9,0.9,0.09216586,0.1,1.0,0.2,0.07817,8
553186670871597056,1,17,16,0.941176,16,16,0.941176,0.941176,0.05602206,0.05882353,1.0,0.11764706,0.039216,12
553186739326812161,0,8,0,0.0,0,0,1.0,0.0,0.125,0.125,0.0,0.0,0.070833,8
553187282295877632,3,21,17,0.809524,8,8,0.714286,1.47619,0.03621515,0.04761905,0.4,0.08095238,0.0,18
553187649943384064,1,11,10,0.909091,10,10,0.909091,0.909091,0.08438842,0.09090909,1.0,0.18181818,0.0,11
553187683510812672,1,10,9,0.9,9,9,0.9,0.9,0.09216586,0.1,1.0,0.2,0.0,10
553187959835725824,4,22,10,0.454545,4,4,0.681818,0.818182,0.03465832,0.04545455,0.19047619,0.04329004,0.0,8
553187990953295872,0,1,0,0.0,0,0,1.0,0.0,1.0,1.0,1.0,1.0,0.333333,1
553188115033387008,1,4,3,0.75,3,3,0.75,0.75,0.20618575,0.25,1.0,0.5,0.384736,4
553188214522249217,2,23,2,0.086957,1,0,0.913043,0.130435,0.03933501,0.04347826,0.0,0.00790514,0.029543,20
553188225691684864,1,6,5,0.833333,5,5,0.833333,0.833333,0.14598557,0.16666667,1.0,0.33333333,0.005747,6
553188382403477505,2,4,2,0.5,1,0,0.5,0.75,0.15570286,0.25,0.0,0.33333333,0.492857,3
553188974811185152,8,30,10,0.333333,3,0,0.766667,2.266667,0.0267416,0.03333333,0.0,0.02298851,0.016667,14
553189024941481985,0,6,0,0.0,0,0,1.0,0.0,0.16666667,0.16666667,0.0,0.0,0.145062,6
553189165509394432,3,20,17,0.85,14,14,0.85,1.05,0.04350702,0.05,0.73684211,0.08947368,0.127849,18
553189490521812992,4,14,12,0.857143,7,7,0.714286,1.714286,0.05069788,0.07142857,0.53846154,0.13186813,0.102041,8
553189526177579008,8,57,45,0.789474,17,17,0.649123,2.122807,0.01075281,0.01754386,0.30357143,0.02819549,0.011278,23
553189840913989633,5,82,41,0.5,2,0,0.597561,1.170732,0.00838744,0.01219512,0.0,0.01234568,0.058821,19
553190393370923008,1,2,1,0.5,1,1,0.5,0.5,0.35087736,0.5,1.0,1.0,1.0,2
553190655011205120,4,25,16,0.64,7,7,0.64,1.0,0.02634456,0.04,0.29166667,0.05333333,0.083333,9
553190729447919616,3,25,19,0.76,16,16,0.84,0.96,0.03283095,0.04,0.66666667,0.06333333,0.222803,21
553191800408911872,2,23,20,0.869565,19,19,0.913043,1.086957,0.0404236,0.04347826,0.86363636,0.07905138,0.029354,23
553192366098898945,0,5,0,0.0,0,0,1.0,0.0,0.2,0.2,0.0,0.0,0.169231,5
553192373728342016,4,27,19,0.703704,10,10,0.62963,1.259259,0.02691727,0.03703704,0.38461538,0.05413105,0.030864,13
553192641328734208,3,22,18,0.818182,13,13,0.772727,1.136364,0.03678304,0.04545455,0.61904762,0.07792208,0.030808,15
553193210269298688,2,22,21,0.954545,17,17,0.818182,1.136364,0.03917337,0.04545455,0.80952381,0.09090909,0.077489,19
553193480319942656,5,33,25,0.757576,9,9,0.636364,1.575758,0.02043213,0.03030303,0.28125,0.04734848,0.011801,13
553193866057506817,2,21,1,0.047619,1,0,0.952381,0.142857,0.0457666,0.04761905,0.0,0.0047619,0.060248,20
553194417239363584,3,18,17,0.944444,15,15,0.833333,1.111111,0.04681297,0.05555556,0.88235294,0.11111111,0.014144,16
553194557316542465,3,15,4,0.266667,1,0,0.733333,0.466667,0.0488779,0.06666667,0.0,0.03809524,0.0,11
553194632520421376,6,29,25,0.862069,18,18,0.724138,1.586207,0.02327458,0.03448276,0.64285714,0.06157635,0.059113,13
553195138156343296,2,10,8,0.8,5,5,0.7,1.3,0.07788767,0.1,0.55555556,0.17777778,0.088889,8
553195806899970048,3,20,19,0.95,17,17,0.85,1.1,0.04282453,0.05,0.89473684,0.1,0.039286,17
553195808930410496,4,19,11,0.578947,6,6,0.736842,1.473684,0.04150595,0.05263158,0.33333333,0.06432749,0.072874,9
553195827397926912,1,6,5,0.833333,5,5,0.833333,0.833333,0.14598557,0.16666667,1.0,0.33333333,0.0,6
553195852643442688,2,7,6,0.857143,5,5,0.714286,1.0,0.11306466,0.14285714,0.83333333,0.28571429,0.125641,7
553195969282867202,0,1,0,0.0,0,0,1.0,0.0,1.0,1.0,1.0,1.0,0.0,1
553196035133440000,6,44,33,0.75,10,10,0.636364,1.863636,0.01558989,0.02272727,0.23255814,0.03488372,0.028409,25
553196263064498176,3,19,17,0.894737,13,13,0.894737,1.263158,0.04817981,0.05263158,0.72222222,0.0994152,0.092105,18
553196453938855937,1,23,3,0.130435,1,0,0.869565,0.130435,0.03913895,0.04347826,0.0,0.01185771,0.076877,20
553196571194851328,2,17,15,0.882353,14,14,0.882353,0.941176,0.0533288,0.05882353,0.875,0.11029412,0.083333,17
553196930768330753,3,24,4,0.166667,1,0,0.833333,0.291667,0.03394542,0.04166667,0.0,0.01449275,0.0,20
553196953480495105,2,17,3,0.176471,1,0,0.823529,0.235294,0.04932788,0.05882353,0.0,0.02205882,0.029412,13
553197181151481857,2,8,2,0.25,1,0,0.75,0.375,0.09594626,0.125,0.0,0.07142857,0.05,6
553197197618339841,2,21,4,0.190476,1,0,0.809524,0.333333,0.03980499,0.04761905,0.0,0.01904762,0.015873,11
553197212726218752,1,20,0,0.0,0,0,1.0,0.95,0.05,0.05,0.0,0.0,0.102438,17
553197863971610624,3,24,20,0.833333,15,15,0.875,1.166667,0.03752859,0.04166667,0.65217391,0.07246377,0.886218,19
553198107278987264,1,22,16,0.727273,13,13,0.909091,0.727273,0.04219408,0.04545455,0.61904762,0.06926407,0.037879,18
553198268436344832,1,20,17,0.85,16,16,0.9,0.85,0.04608293,0.05,0.84210526,0.08947368,0.016667,19
553198344034865152,1,3,0,0.0,0,0,1.0,0.666667,0.33333333,0.33333333,0.0,0.0,0.137363,3
553198853487611907,0,5,0,0.0,0,0,1.0,0.0,0.2,0.2,0.0,0.0,0.006897,5
553198972287082497,0,21,0,0.0,0,0,1.0,0.0,0.04761905,0.04761905,0.0,0.0,0.88108,20
553199320053592067,0,7,0,0.0,0,0,1.0,0.0,0.14285714,0.14285714,0.0,0.0,0.0,7
553199664720543744,6,40,16,0.4,2,0,0.65,1.475,0.01752662,0.025,0.0,0.02051282,0.096976,18
553200047417196544,0,1,0,0.0,0,0,1.0,0.0,1.0,1.0,1.0,1.0,0.0,1
553200085132009475,3,58,16,0.275862,4,0,0.810345,0.672414,0.01455792,0.01724138,0.0,0.00967937,0.038506,34
553200115079712768,2,11,10,0.909091,9,9,0.818182,1.0,0.07824555,0.09090909,0.9,0.18181818,0.0,10
553200552142983168,1,3,2,0.666667,2,2,0.666667,0.666667,0.25974051,0.33333333,1.0,0.66666667,0.0,3
553200573387124736,2,20,1,0.05,1,0,0.95,0.95,0.04796164,0.05,0.0,0.00526316,0.015152,17
553200726403710976,2,22,20,0.909091,17,17,0.909091,1.045455,0.04211857,0.04545455,0.80952381,0.08658009,0.071023,21
553200769671761920,7,79,50,0.632911,8,8,0.544304,1.379747,0.00782121,0.01265823,0.1025641,0.0162285,0.002532,18
553201523577331712,1,12,11,0.916667,11,11,0.916667,0.916667,0.07782115,0.08333333,1.0,0.16666667,0.011207,12
553201539737976833,0,4,0,0.0,0,0,1.0,0.0,0.25,0.25,0.0,0.0,0.0,4
553201549997277185,8,32,17,0.53125,3,0,0.65625,1.71875,0.0214713,0.03125,0.0,0.03427419,0.0,9
553201965002653696,1,5,4,0.8,4,4,0.8,0.8,0.17094005,0.2,1.0,0.4,0.106897,5
553202028575731713,0,6,0,0.0,0,0,1.0,0.0,0.16666667,0.16666667,0.0,0.0,1.0,6
553203041705664513,1,10,0,0.0,0,0,1.0,0.1,0.1,0.1,0.0,0.0,0.108835,9
553203538579701760,1,14,13,0.928571,13,13,0.928571,0.928571,0.06734012,0.07142857,1.0,0.14285714,0.0,13
553204017552457728,1,9,3,0.333333,3,3,0.888889,0.333333,0.10152285,0.11111111,0.375,0.08333333,0.055556,7
553204399439642624,5,28,21,0.75,15,15,0.785714,1.75,0.02944664,0.03571429,0.55555556,0.05555556,0.030351,21
553204986474422273,5,74,34,0.459459,3,0,0.621622,0.891892,0.00911344,0.01351351,0.0,0.01258793,0.011261,16
553205115830951936,2,20,1,0.05,1,0,0.95,1.0,0.04796164,0.05,0.0,0.00526316,0.0,19
553205261847236608,5,42,27,0.642857,4,4,0.642857,1.904762,0.01640572,0.02380952,0.09756098,0.03135889,0.0,11
553205372719472640,3,20,18,0.9,16,16,0.85,1.05,0.04281552,0.05,0.84210526,0.09473684,0.113424,18
553205427253829632,2,22,18,0.818182,17,17,0.909091,0.863636,0.04211857,0.04545455,0.80952381,0.07792208,0.158787,19
553205492458475520,3,54,42,0.777778,16,16,0.592593,1.240741,0.01294417,0.01851852,0.30188679,0.0293501,0.021652,27
553205691742425088,1,5,4,0.8,4,4,0.8,0.8,0.17094005,0.2,1.0,0.4,0.007143,5
553206096131670016,2,23,17,0.73913,10,10,0.652174,1.0,0.03307593,0.04347826,0.45454545,0.06719368,0.0,12
553206304396038145,0,11,0,0.0,0,0,1.0,0.0,0.09090909,0.09090909,0.0,0.0,0.135065,11
553206989925658624,5,17,13,0.764706,8,8,0.764706,1.588235,0.04668306,0.05882353,0.5,0.09558824,0.044118,12
553207216774590464,1,9,7,0.777778,7,7,0.888889,0.777778,0.10152277,0.11111111,0.875,0.19444444,0.083816,8
553207267685060608,1,6,5,0.833333,5,5,0.833333,0.833333,0.14598557,0.16666667,1.0,0.33333333,0.0,5
553207514222063618,1,8,1,0.125,1,0,0.875,0.125,0.11299437,0.125,0.0,0.03571429,0.0,7
553208300607922177,1,11,3,0.272727,3,0,0.909091,0.272727,0.08438817,0.09090909,0.0,0.05454545,0.096812,10
553208762291339265,3,15,4,0.266667,1,0,0.733333,0.466667,0.0488779,0.06666667,0.0,0.03809524,0.0,10
553208946350362625,0,2,0,0.0,0,0,1.0,0.0,0.5,0.5,0.0,0.0,0.0,2
553209232712294401,0,10,0,0.0,0,0,1.0,0.0,0.1,0.1,0.0,0.0,0.02,9
553209341520535552,2,18,1,0.055556,1,0,0.944444,1.0,0.05305041,0.05555556,0.0,0.00653595,0.037037,13
553209843939831809,2,21,6,0.285714,1,0,0.714286,0.380952,0.03630428,0.04761905,0.0,0.02857143,0.012821,12
553209912550240256,5,84,44,0.52381,3,3,0.619048,1.178571,0.00806681,0.01190476,0.03614458,0.01262192,0.006671,13
553209917944131585,7,36,23,0.638889,4,0,0.555556,1.694444,0.01765046,0.02777778,0.0,0.03650794,0.024383,5
553209983845023745,1,23,2,0.086957,1,0,0.913043,0.086957,0.04048582,0.04347826,0.0,0.00790514,0.020553,21
553210080829906945,3,15,2,0.133333,1,0,0.866667,0.4,0.05988025,0.06666667,0.0,0.01904762,0.0,11
553210306877739008,6,100,59,0.59,4,4,0.57,1.48,0.00637635,0.01,0.04040404,0.01191919,0.0,7
553210869010935808,3,21,15,0.714286,11,11,0.809524,1.142857,0.04065534,0.04761905,0.55,0.07142857,0.0,15
553211397782654976,3,19,15,0.789474,6,5,0.684211,1.315789,0.0405278,0.05263158,0.27777778,0.0877193,0.133579,15
553212333867012096,8,31,28,0.903226,15,15,0.645161,2.548387,0.02101725,0.03225806,0.5,0.06021505,0.0333,17
553212338728603648,1,9,8,0.888889,8,8,0.888889,0.888889,0.10152277,0.11111111,1.0,0.22222222,0.0,9
553212702714499074,0,6,0,0.0,0,0,1.0,0.0,0.16666667,0.16666667,0.0,0.0,0.0,6
553212962044149761,0,9,0,0.0,0,0,1.0,0.0,0.11111111,0.11111111,0.0,0.0,0.818519,9
553213326277500929,1,21,1,0.047619,1,0,0.952381,0.047619,0.0457666,0.04761905,0.0,0.0047619,0.056044,20
553213361350262784,1,25,16,0.64,14,14,0.88,0.64,0.0362976,0.04,0.58333333,0.05333333,0.049048,18
553213362713399297,0,7,0,0.0,0,0,1.0,0.0,0.14285714,0.14285714,0.0,0.0,0.145604,7
553213740137467907,4,37,16,0.432432,3,0,0.675676,0.810811,0.01911983,0.02702703,0.0,0.02402402,0.031532,18
553214219899117568,3,50,23,0.46,8,8,0.76,0.9,0.01639808,0.02,0.16326531,0.01877551,0.021385,12
553214358948683776,1,7,6,0.857143,6,6,0.857143,0.857143,0.12738858,0.14285714,1.0,0.28571429,0.0,7
553214576956043264,0,1,0,0.0,0,0,1.0,0.0,1.0,1.0,1.0,1.0,0.0,1
553214597055135744,1,6,0,0.0,0,0,1.0,0.833333,0.16666667,0.16666667,0.0,0.0,0.071429,6
553214612569456640,2,8,7,0.875,6,6,0.75,1.0,0.10182859,0.125,0.85714286,0.25,0.0,8
553214700155330560,6,51,32,0.627451,15,15,0.705882,1.392157,0.01348718,0.01960784,0.3,0.02509804,0.0,19
553214726629781505,1,22,2,0.090909,1,0,0.909091,0.090909,0.04219408,0.04545455,0.0,0.00865801,0.042208,18
553214783647145984,3,22,21,0.954545,19,19,0.863636,1.090909,0.03945889,0.04545455,0.9047619,0.09090909,0.001567,21
553214939838836736,1,3,0,0.0,0,0,1.0,0.666667,0.33333333,0.33333333,0.0,0.0,0.1,3
553215305917665280,1,20,19,0.95,19,19,0.95,0.95,0.04796147,0.05,1.0,0.1,0.072158,19
553215313807163392,1,8,7,0.875,7,7,0.875,0.875,0.11299419,0.125,1.0,0.25,0.00431,8
553215362058440704,4,19,17,0.894737,10,10,0.684211,1.578947,0.03761661,0.05263158,0.55555556,0.0994152,0.138235,12
553215383256432640,5,49,33,0.673469,12,12,0.673469,1.673469,0.01474097,0.02040816,0.25,0.02806122,0.016129,16
553215523602046976,5,47,37,0.787234,16,16,0.702128,1.553191,0.01617125,0.0212766,0.34782609,0.03422757,0.073961,19
553215634864345088,2,24,17,0.708333,15,15,0.875,0.75,0.03759656,0.04166667,0.65217391,0.0615942,0.013889,21
553215658784456705,1,20,1,0.05,1,0,0.95,0.05,0.04796164,0.05,0.0,0.00526316,0.0,19
553215879979085829,2,22,3,0.136364,1,0,0.863636,0.318182,0.03956875,0.04545455,0.0,0.01298701,0.111422,15
553215929107382275,5,24,9,0.375,2,0,0.708333,1.0,0.03003038,0.04166667,0.0,0.0326087,0.020833,10
553216451780554752,5,55,29,0.527273,4,0,0.672727,1.272727,0.01308007,0.01818182,0.0,0.01952862,0.026203,15
553216460164968449,0,14,0,0.0,0,0,1.0,0.0,0.07142857,0.07142857,0.0,0.0,0.031653,14
553216874130206721,1,21,1,0.047619,1,0,0.952381,0.047619,0.0457666,0.04761905,0.0,0.0047619,0.0,21
553216909022605312,1,11,8,0.727273,8,8,0.909091,0.727273,0.08438817,0.09090909,0.8,0.14545455,0.484042,10
553218001181605889,1,16,2,0.125,2,0,0.9375,0.125,0.05934721,0.0625,0.0,0.01666667,0.08646,12
553218083410952192,3,6,5,0.833333,3,3,0.5,1.333333,0.10290129,0.16666667,0.6,0.33333333,0.005747,4
553218279557582849,0,4,0,0.0,0,0,1.0,0.0,0.25,0.25,0.0,0.0,0.0,4
553218281705066496,2,16,14,0.875,14,14,0.9375,1.0,0.05934721,0.0625,0.93333333,0.11666667,0.043822,16
553218599390040065,2,27,4,0.148148,1,0,0.851852,0.296296,0.03140212,0.03703704,0.0,0.01139601,0.063073,17
553219047048105985,2,21,5,0.238095,1,0,0.761905,0.285714,0.03850222,0.04761905,0.0,0.02380952,0.0,14
553219195056693249,3,22,8,0.363636,3,0,0.772727,0.727273,0.03586592,0.04545455,0.0,0.03463203,0.090909,9
553219651594125312,9,38,33,0.868421,12,12,0.552632,2.605263,0.01538361,0.02631579,0.32432432,0.04694168,0.021016,16
553219770053443585,0,5,0,0.0,0,0,1.0,0.0,0.2,0.2,0.0,0.0,0.0,5
553220054184382465,2,21,3,0.142857,1,0,0.857143,0.238095,0.04119895,0.04761905,0.0,0.01428571,0.001642,15
553220172925132800,2,20,17,0.85,16,16,0.9,1.0,0.04598726,0.05,0.84210526,0.08947368,0.020057,18
553220369721483266,1,23,1,0.043478,1,0,0.956522,0.043478,0.04192872,0.04347826,0.0,0.00395257,0.0,21
553221281181859841,5,35,14,0.4,2,0,0.657143,0.8,0.01891612,0.02857143,0.0,0.02352941,0.014286,18
553221293298819074,1,20,0,0.0,0,0,1.0,0.05,0.05,0.05,0.0,0.0,0.033333,17
553221319345844225,0,5,0,0.0,0,0,1.0,0.0,0.2,0.2,0.0,0.0,0.0,5
553221600955621376,1,3,2,0.666667,2,2,0.666667,0.666667,0.25974051,0.33333333,1.0,0.66666667,0.761905,3
553222038379180032,2,16,12,0.75,10,10,0.8125,0.8125,0.05188736,0.0625,0.66666667,0.1,0.0,12
553222048924049408,1,7,6,0.857143,6,6,0.857143,0.857143,0.12738858,0.14285714,1.0,0.28571429,0.104762,6
553222727700865025,3,25,4,0.16,1,0,0.84,0.32,0.03433773,0.04,0.0,0.01333333,0.097524,19
553223681409703937,3,33,11,0.333333,2,0,0.757576,0.666667,0.02445957,0.03030303,0.0,0.02083333,0.0,12
553223882128490496,7,81,45,0.555556,4,4,0.555556,1.62963,0.00742239,0.01234568,0.05,0.01388889,0.073044,9
553223992300285952,3,12,2,0.166667,1,0,0.833333,1.25,0.06933605,0.08333333,0.0,0.03030303,0.017857,10
553224082213601280,2,22,18,0.818182,17,17,0.909091,0.863636,0.04211857,0.04545455,0.80952381,0.07792208,0.14244,22
553224215676354560,2,14,13,0.928571,12,12,0.857143,1.0,0.0634511,0.07142857,0.92307692,0.14285714,0.041571,13
553224402012078081,9,78,36,0.461538,6,0,0.717949,2.423077,0.00952523,0.01282051,0.0,0.01198801,0.021326,15
553224764924243969,0,6,0,0.0,0,0,1.0,0.0,0.16666667,0.16666667,0.0,0.0,0.047619,6
553225359928213505,1,11,2,0.181818,1,0,0.818182,0.181818,0.07874013,0.09090909,0.0,0.03636364,0.090909,9
553225402282692608,1,10,8,0.8,7,7,0.8,0.8,0.08547003,0.1,0.77777778,0.17777778,0.076923,8
553225701701066752,2,6,1,0.166667,1,0,0.833333,1.0,0.14598538,0.16666667,0.0,0.06666667,0.0,6
553225809444749313,0,5,0,0.0,0,0,1.0,0.0,0.2,0.2,0.0,0.0,0.0,5
553225828625297408,3,7,4,0.571429,3,3,0.714286,1.571429,0.11184643,0.14285714,0.5,0.19047619,0.0,4
553226059836297216,2,12,10,0.833333,9,9,0.833333,0.916667,0.0725675,0.08333333,0.81818182,0.15151515,0.075,12
553226143307161600,4,20,12,0.6,4,3,0.65,1.95,0.03480473,0.05,0.15789474,0.06315789,0.059063,5
553226479904231424,1,13,12,0.923077,12,12,0.923077,0.923077,0.07220225,0.07692308,1.0,0.15384615,0.027149,12
553226624976420864,8,41,33,0.804878,12,12,0.658537,2.317073,0.01658933,0.02439024,0.3,0.0402439,0.060524,19
553227220765130752,2,23,4,0.173913,2,0,0.869565,1.043478,0.03806265,0.04347826,0.0,0.01581028,0.05396,18
553227238829981698,1,22,2,0.090909,2,0,0.954545,0.136364,0.04376368,0.04545455,0.0,0.00865801,0.04596,21
553227258782306304,1,15,12,0.8,12,12,0.933333,0.8,0.06309152,0.06666667,0.85714286,0.11428571,0.013333,14
553227288859664384,6,34,26,0.764706,16,16,0.676471,1.441176,0.02188917,0.02941176,0.48484848,0.04634581,0.029446,18
553227389061582848,2,17,16,0.941176,14,14,0.823529,1.058824,0.05088222,0.05882353,0.875,0.11764706,0.192025,14
553227441712668672,1,5,3,0.6,3,3,0.8,0.6,0.17094005,0.2,0.75,0.3,0.0,5
553227856046596097,0,6,0,0.0,0,0,1.0,0.0,0.16666667,0.16666667,0.0,0.0,0.0,6
553227906449960961,0,20,0,0.0,0,0,1.0,0.0,0.05,0.05,0.0,0.0,0.097381,20
553228482927263744,1,6,0,0.0,0,0,1.0,0.833333,0.16666667,0.16666667,0.0,0.0,0.0,6
553228535511650305,1,23,5,0.217391,2,0,0.826087,0.217391,0.03787885,0.04347826,0.0,0.01976285,0.014907,18
553228537084116993,3,23,4,0.173913,2,0,0.869565,0.304348,0.03711829,0.04347826,0.0,0.01581028,0.022222,16
553229177055219713,3,36,11,0.305556,2,0,0.722222,0.611111,0.02179091,0.02777778,0.0,0.01746032,0.036111,22
553229592480481281,1,21,1,0.047619,1,0,0.952381,0.047619,0.0457666,0.04761905,0.0,0.0047619,0.047619,19
553229626756329472,3,8,5,0.625,5,5,0.875,1.25,0.11299437,0.125,0.71428571,0.17857143,0.0625,6
553229808260632578,1,24,2,0.083333,1,0,0.916667,0.083333,0.0389105,0.04166667,0.0,0.00724638,0.041667,21
553229948153262081,2,20,3,0.15,1,0,0.85,0.2,0.04296925,0.05,0.0,0.01578947,0.0,18
553229956830875650,2,21,3,0.142857,2,0,0.904762,0.238095,0.04269366,0.04761905,0.0,0.01428571,0.02381,17
553230256992423936,2,23,8,0.347826,2,0,0.782609,0.913043,0.03529372,0.04347826,0.0,0.03162055,0.045231,13
553230614712033283,0,12,0,0.0,0,0,1.0,0.0,0.08333333,0.08333333,0.0,0.0,0.23754,12
553230661012975618,0,1,0,0.0,0,0,1.0,0.0,1.0,1.0,1.0,1.0,0.0,1
553231516290269184,3,11,8,0.727273,6,6,0.727273,1.090909,0.07380088,0.09090909,0.6,0.14545455,0.030303,8
553231607449276416,0,1,0,0.0,0,0,1.0,0.0,1.0,1.0,1.0,1.0,0.0,1
553231667523883009,2,24,4,0.166667,1,0,0.833333,0.333333,0.03466805,0.04166667,0.0,0.01449275,0.0,14
553232137931849728,0,1,0,0.0,0,0,1.0,0.0,1.0,1.0,1.0,1.0,0.0,1
553232531827740672,2,14,12,0.857143,11,11,0.857143,0.928571,0.06342891,0.07142857,0.84615385,0.13186813,0.008929,12
553232704708546561,1,20,1,0.05,1,0,0.95,0.05,0.04796164,0.05,0.0,0.00526316,0.082628,19
553233130275221504,2,16,13,0.8125,12,12,0.875,0.875,0.05630565,0.0625,0.8,0.10833333,0.078125,15
553233414145310720,3,19,13,0.684211,10,10,0.789474,1.052632,0.04299942,0.05263158,0.55555556,0.07602339,0.0,12
553233728030650368,3,20,19,0.95,15,15,0.8,1.2,0.04187948,0.05,0.78947368,0.1,0.941667,18
553234456522522624,7,17,13,0.764706,7,7,0.588235,2.764706,0.03857638,0.05882353,0.4375,0.09558824,0.075901,9
553234578086055937,8,56,30,0.535714,2,0,0.607143,1.75,0.01181903,0.01785714,0.0,0.01948052,0.002976,16
553235271169638400,0,1,0,0.0,0,0,1.0,0.0,1.0,1.0,1.0,1.0,0.2,1
553235360722214912,2,10,8,0.8,6,6,0.7,0.9,0.07534376,0.1,0.66666667,0.17777778,0.028007,8
553236009081921536,1,6,0,0.0,0,0,1.0,0.833333,0.16666667,0.16666667,0.0,0.0,0.0,6
553461741917863936,3,20,2,0.1,1,0,0.9,1.1,0.04459811,0.05,0.0,0.01052632,0.771647,19
553462249562832897,0,20,0,0.0,0,0,1.0,0.0,0.05,0.05,0.0,0.0,0.250589,16
553463773844238337,2,33,6,0.181818,2,0,0.848485,0.272727,0.02684565,0.03030303,0.0,0.01136364,0.135646,20
553464709899616257,0,1,0,0.0,0,0,1.0,0.0,1.0,1.0,1.0,1.0,0.0,1
553465105028222976,4,30,20,0.666667,14,14,0.766667,0.9,0.02505048,0.03333333,0.48275862,0.04597701,0.011111,17
553466230989144064,1,3,2,0.666667,2,2,0.666667,0.666667,0.25974051,0.33333333,1.0,0.66666667,0.796296,3
553466755411369985,0,6,0,0.0,0,0,1.0,0.0,0.16666667,0.16666667,0.0,0.0,0.0,5
553467311261503488,1,3,2,0.666667,2,2,0.666667,0.666667,0.25974051,0.33333333,1.0,0.66666667,0.833333,3
553468492700454912,3,6,5,0.833333,3,3,0.5,1.333333,0.10290129,0.16666667,0.6,0.33333333,0.819444,5
553468593141469184,6,30,23,0.766667,13,13,0.7,1.533333,0.0249722,0.03333333,0.44827586,0.05287356,0.0,15
553469263650906112,3,33,20,0.606061,14,14,0.848485,0.878788,0.02653588,0.03030303,0.4375,0.03787879,0.005051,20
553469523945590784,8,30,19,0.633333,8,8,0.666667,1.8,0.02181558,0.03333333,0.27586207,0.04367816,0.948195,12
553469733656203264,2,21,20,0.952381,19,19,0.904762,1.0,0.04397921,0.04761905,0.95,0.0952381,0.793424,21
553470140042735616,1,9,8,0.888889,8,8,0.888889,0.888889,0.10152277,0.11111111,1.0,0.22222222,0.896825,9
553470382129565696,2,18,16,0.888889,15,15,0.888889,0.944444,0.05063764,0.05555556,0.88235294,0.10457516,0.936762,18
553470492565602305,0,9,0,0.0,0,0,1.0,0.0,0.11111111,0.11111111,0.0,0.0,0.935646,7
553470733180223489,0,8,0,0.0,0,0,1.0,0.0,0.125,0.125,0.0,0.0,0.852419,7
553470907629707266,4,37,17,0.459459,3,0,0.702703,0.972973,0.01977193,0.02702703,0.0,0.02552553,0.031081,11
553470977972375553,0,7,0,0.0,0,0,1.0,0.0,0.14285714,0.14285714,0.0,0.0,0.606489,7
553471193110421504,1,3,2,0.666667,2,2,0.666667,0.666667,0.25974051,0.33333333,1.0,0.66666667,0.842697,3
553471987411324929,0,10,0,0.0,0,0,1.0,0.0,0.1,0.1,0.0,0.0,0.769048,10
553472225798795264,2,4,3,0.75,2,2,0.5,1.0,0.16498256,0.25,0.66666667,0.5,0.660256,4
553472437644320769,0,5,0,0.0,0,0,1.0,0.0,0.2,0.2,0.0,0.0,0.819608,4
553472488462901248,1,5,3,0.6,3,3,0.8,0.6,0.17094005,0.2,0.75,0.3,0.65,5
553472557978902529,0,4,0,0.0,0,0,1.0,0.0,0.25,0.25,0.0,0.0,0.017857,4
553473369539366912,1,14,12,0.857143,12,12,0.928571,0.857143,0.06734012,0.07142857,0.92307692,0.13186813,0.026316,14
553473416905629696,4,23,16,0.695652,6,4,0.652174,1.173913,0.03009736,0.04347826,0.18181818,0.06324111,0.862733,7
553473550523580416,0,1,0,0.0,0,0,1.0,0.0,1.0,1.0,1.0,1.0,0.608696,1
553473559352606720,2,14,9,0.642857,8,8,0.857143,0.857143,0.06333,0.07142857,0.61538462,0.0989011,0.0,9
553473629854646272,2,12,11,0.916667,9,9,0.75,1.083333,0.06797825,0.08333333,0.81818182,0.16666667,0.068452,12
553473704060284928,1,3,2,0.666667,2,2,0.666667,0.666667,0.25974051,0.33333333,1.0,0.66666667,0.657596,3
553474012446478336,1,6,0,0.0,0,0,1.0,0.833333,0.16666667,0.16666667,0.0,0.0,0.95,6
553474188259102720,1,13,12,0.923077,12,12,0.923077,0.923077,0.07220225,0.07692308,1.0,0.15384615,0.889972,11
553474232596701184,2,11,9,0.818182,7,7,0.727273,1.0,0.0726933,0.09090909,0.7,0.16363636,0.77972,10
553474514496278528,2,42,21,0.5,6,6,0.738095,0.642857,0.01898446,0.02380952,0.14634146,0.02439024,0.943536,11
553474965278691330,0,6,0,0.0,0,0,1.0,0.0,0.16666667,0.16666667,0.0,0.0,0.766135,6
553475269873643520,1,9,8,0.888889,8,8,0.888889,0.888889,0.10152277,0.11111111,1.0,0.22222222,0.794613,9
553475430897156096,1,13,12,0.923077,12,12,0.923077,0.923077,0.07220225,0.07692308,1.0,0.15384615,0.948205,13
553475729187680258,1,12,1,0.083333,1,0,0.916667,0.083333,0.077821,0.08333333,0.0,0.01515152,0.880279,7
553475824369012736,5,21,11,0.52381,2,0,0.571429,1.904762,0.02794992,0.04761905,0.0,0.05238095,0.787052,8
553476073703620609,0,7,0,0.0,0,0,1.0,0.0,0.14285714,0.14285714,0.0,0.0,0.803571,7
553476288103477249,2,22,6,0.272727,1,0,0.727273,0.318182,0.03594207,0.04545455,0.0,0.02597403,0.015152,19
553476471470432256,1,17,15,0.882353,15,15,0.941176,0.882353,0.05602243,0.05882353,0.9375,0.11029412,0.950901,15
553476490315431937,0,5,0,0.0,0,0,1.0,0.0,0.2,0.2,0.0,0.0,0.740741,5
553476600985948160,1,5,4,0.8,4,4,0.8,0.8,0.17094005,0.2,1.0,0.4,0.789351,5
553476880339599360,3,15,10,0.666667,4,4,0.6,1.0,0.04614371,0.06666667,0.28571429,0.0952381,0.899556,5
553477352542707712,1,9,8,0.888889,8,8,0.888889,0.888889,0.10152277,0.11111111,1.0,0.22222222,0.801404,8
553477554041257985,0,9,0,0.0,0,0,1.0,0.0,0.11111111,0.11111111,0.0,0.0,0.855556,9
553477692591726592,1,8,7,0.875,7,7,0.875,0.875,0.11299419,0.125,1.0,0.25,0.750172,8
553477943616634880,2,7,6,0.857143,5,5,0.714286,1.0,0.11306466,0.14285714,0.83333333,0.28571429,0.977444,7
553478014785187840,4,36,32,0.888889,15,15,0.666667,1.472222,0.01974261,0.02777778,0.42857143,0.05079365,0.073214,21
553478142791548928,1,11,10,0.909091,10,10,0.909091,0.909091,0.08438842,0.09090909,1.0,0.18181818,0.676896,11
553478289474740224,2,7,6,0.857143,5,5,0.714286,1.0,0.11306466,0.14285714,0.83333333,0.28571429,0.577577,5
553478677359775744,2,23,5,0.217391,2,0,0.826087,1.130435,0.03787885,0.04347826,0.0,0.01976285,0.775121,22
553479222434729984,1,9,8,0.888889,8,8,0.888889,0.888889,0.10152277,0.11111111,1.0,0.22222222,0.603863,9
553479280014151681,8,110,51,0.463636,3,0,0.627273,1.663636,0.00606248,0.00909091,0.0,0.00850709,0.001818,21
553479315711864832,0,1,0,0.0,0,0,1.0,0.0,1.0,1.0,1.0,1.0,0.2,1
553479401296625664,5,44,30,0.681818,11,11,0.727273,1.75,0.01706777,0.02272727,0.25581395,0.03171247,0.024621,13
553480082996879360,3,22,7,0.318182,3,3,0.772727,0.772727,0.03774891,0.04545455,0.14285714,0.03030303,0.848092,10
553480257747963905,0,25,0,0.0,0,0,1.0,0.0,0.04,0.04,0.0,0.0,0.024,18
553480287045554176,1,5,4,0.8,4,4,0.8,0.8,0.17094005,0.2,1.0,0.4,0.0,5
553480292498153472,1,2,1,0.5,1,1,0.5,0.5,0.35087736,0.5,1.0,1.0,0.75,2
553480333954678784,3,20,18,0.9,9,9,0.6,1.45,0.0352625,0.05,0.47368421,0.09473684,0.001786,12
553480702067736578,0,7,0,0.0,0,0,1.0,0.0,0.14285714,0.14285714,0.0,0.0,0.828448,7
553480876315901953,9,147,96,0.653061,10,0,0.557823,1.952381,0.00411128,0.00680272,0.0,0.00894604,0.021259,28
553480900869361664,4,23,19,0.826087,16,16,0.826087,1.391304,0.03768538,0.04347826,0.72727273,0.07509881,0.106065,18
553481076916883456,1,6,5,0.833333,5,5,0.833333,0.833333,0.14598557,0.16666667,1.0,0.33333333,0.716667,6
553481335948709888,1,3,2,0.666667,2,2,0.666667,0.666667,0.25974051,0.33333333,1.0,0.66666667,0.011905,3
553481963864993792,4,21,19,0.904762,14,14,0.714286,1.428571,0.03521742,0.04761905,0.7,0.09047619,0.05291,16
553483415954411520,1,4,3,0.75,3,3,0.75,0.75,0.20618575,0.25,1.0,0.5,0.619048,4
553483707122995201,2,8,2,0.25,1,0,0.75,0.375,0.09594626,0.125,0.0,0.07142857,0.008929,7
553483906096185345,0,1,0,0.0,0,0,1.0,0.0,1.0,1.0,1.0,1.0,0.0,1
553484365012148225,3,28,7,0.25,1,0,0.75,0.571429,0.02884128,0.03571429,0.0,0.01851852,0.938306,14
553484530804613120,2,7,6,0.857143,5,5,0.714286,1.0,0.11306466,0.14285714,0.83333333,0.28571429,0.0,7
553484619426062336,4,27,12,0.444444,2,0,0.703704,1.296296,0.02752646,0.03703704,0.0,0.03418803,0.083157,14
553484760233017344,1,11,0,0.0,0,0,1.0,0.909091,0.09090909,0.09090909,0.0,0.0,0.579682,6
553484780093050880,4,16,14,0.875,9,9,0.625,1.3125,0.04265154,0.0625,0.6,0.11666667,0.745089,9
553485452943302656,1,17,16,0.941176,16,16,0.941176,0.941176,0.05602206,0.05882353,1.0,0.11764706,0.887764,17
553485654030446592,4,45,34,0.755556,9,9,0.711111,1.288889,0.01734284,0.02222222,0.20454545,0.03434343,0.0,15
553485866346483713,0,3,0,0.0,0,0,1.0,0.0,0.33333333,0.33333333,0.0,0.0,0.0,3
553486439129038848,1,10,8,0.8,8,8,0.9,0.8,0.09216586,0.1,0.88888889,0.17777778,0.755357,9
553486529231089664,1,12,11,0.916667,11,11,0.916667,0.916667,0.07782115,0.08333333,1.0,0.16666667,0.703448,11
553486601146617856,6,58,42,0.724138,9,9,0.586207,1.913793,0.01082834,0.01724138,0.15789474,0.02540835,0.0,20
553486796534054912,1,15,14,0.933333,14,14,0.933333,0.933333,0.06309152,0.06666667,1.0,0.13333333,0.688769,15
553487356733313024,2,12,11,0.916667,10,10,0.833333,1.0,0.07260977,0.08333333,0.90909091,0.16666667,0.089286,12
553487544508493825,0,5,0,0.0,0,0,1.0,0.0,0.2,0.2,0.0,0.0,0.821739,5
553487579077550082,1,19,2,0.105263,1,0,0.894737,0.105263,0.04830915,0.05263158,0.0,0.01169591,0.102105,18
553487625815064576,4,27,16,0.592593,11,11,0.814815,1.592593,0.03156873,0.03703704,0.42307692,0.04558405,0.037037,18
553487971497041920,4,25,20,0.8,16,16,0.8,1.08,0.03177584,0.04,0.66666667,0.06666667,0.926613,20
553488054640340992,1,10,9,0.9,9,9,0.9,0.9,0.09216586,0.1,1.0,0.2,0.834793,10
553488824656203776,1,4,3,0.75,3,3,0.75,0.75,0.20618575,0.25,1.0,0.5,0.674615,4
553488850363101184,1,20,17,0.85,17,17,0.95,0.85,0.04796164,0.05,0.89473684,0.08947368,0.139744,17
553489393202499584,1,9,8,0.888889,8,8,0.888889,0.888889,0.10152277,0.11111111,1.0,0.22222222,0.643753,8
553489837542899712,5,30,21,0.7,8,8,0.7,1.533333,0.02478561,0.03333333,0.27586207,0.04827586,0.011111,16
553489907524829184,0,1,0,0.0,0,0,1.0,0.0,1.0,1.0,1.0,1.0,0.0,1
553490160344502273,1,18,1,0.055556,1,0,0.944444,0.111111,0.05305041,0.05555556,0.0,0.00653595,0.053282,17
553490238979727360,1,3,2,0.666667,2,2,0.666667,0.666667,0.25974051,0.33333333,1.0,0.66666667,0.722222,3
553490241445965824,1,20,19,0.95,19,19,0.95,0.95,0.04796147,0.05,1.0,0.1,0.014286,20
553490358748061696,1,5,4,0.8,4,4,0.8,0.8,0.17094005,0.2,1.0,0.4,0.144828,5
553491005971132416,3,16,15,0.9375,13,13,0.8125,1.125,0.05161207,0.0625,0.86666667,0.125,0.336097,11
553491517462315008,12,38,28,0.736842,4,4,0.578947,5.789474,0.01677818,0.02631579,0.10810811,0.0398293,0.0,9
553491540535156736,2,20,1,0.05,1,0,0.95,0.95,0.04796164,0.05,0.0,0.00526316,0.899723,17
553491604917334016,1,20,18,0.9,18,18,0.95,0.9,0.04796147,0.05,0.94736842,0.09473684,0.0,13
553491924015783936,1,12,0,0.0,0,0,1.0,0.916667,0.08333333,0.08333333,0.0,0.0,0.062397,12
553492305521672192,7,39,32,0.820513,12,12,0.589744,2.282051,0.01537079,0.02564103,0.31578947,0.04318489,0.030769,17
553492417023057920,3,9,8,0.888889,5,5,0.666667,1.333333,0.08252756,0.11111111,0.625,0.22222222,0.064266,7
553493222052605952,2,8,1,0.125,1,0,0.875,1.0,0.11299437,0.125,0.0,0.03571429,0.846389,7
553493300242432000,3,20,18,0.9,15,15,0.85,1.2,0.04415739,0.05,0.78947368,0.09473684,0.0,18
553493510306152448,1,6,5,0.833333,5,5,0.833333,0.833333,0.14598557,0.16666667,1.0,0.33333333,0.670903,5
553493707472011264,5,36,30,0.833333,19,19,0.75,1.388889,0.02151249,0.02777778,0.54285714,0.04761905,0.918003,25
553493785523400704,3,25,22,0.88,18,18,0.84,1.08,0.03465174,0.04,0.75,0.07333333,0.823485,23
553495137314435072,3,23,19,0.826087,15,15,0.782609,1.086957,0.03474134,0.04347826,0.68181818,0.07509881,0.92029,18
553495922639122432,2,20,18,0.9,16,16,0.85,0.95,0.04425719,0.05,0.84210526,0.09473684,0.799821,17
553496228055777280,1,4,3,0.75,3,3,0.75,0.75,0.20618575,0.25,1.0,0.5,0.017857,4
553496489641902080,2,51,32,0.627451,18,18,0.764706,0.784314,0.01605556,0.01960784,0.36,0.02509804,0.17708,22
553496697918468096,3,35,23,0.657143,13,6,0.857143,1.228571,0.02516878,0.02857143,0.17647059,0.03865546,0.0,21
553497508970631168,1,6,5,0.833333,5,5,0.833333,0.833333,0.14598557,0.16666667,1.0,0.33333333,0.078704,6
553497730476015617,0,21,0,0.0,0,0,1.0,0.0,0.04761905,0.04761905,0.0,0.0,0.015873,21
553497835371757568,0,1,0,0.0,0,0,1.0,0.0,1.0,1.0,1.0,1.0,0.333333,1
553498106588049408,3,20,19,0.95,15,15,0.75,1.2,0.03974891,0.05,0.78947368,0.1,0.05,17
553499806883381249,0,11,0,0.0,0,0,1.0,0.0,0.09090909,0.09090909,0.0,0.0,0.225965,11
553500238246608896,2,20,18,0.9,17,17,0.9,0.95,0.04599289,0.05,0.89473684,0.09473684,0.958333,19
553500932521336832,2,20,19,0.95,14,14,0.8,1.2,0.04245407,0.05,0.73684211,0.1,0.121638,18
553501357156876290,2,25,5,0.2,1,0,0.8,0.28,0.03336391,0.04,0.0,0.01666667,0.845089,20
553501469388058626,1,14,1,0.071429,1,0,0.928571,0.071429,0.06734006,0.07142857,0.0,0.01098901,0.004926,13
553501773517033472,3,36,21,0.583333,13,13,0.777778,1.027778,0.0231094,0.02777778,0.37142857,0.03333333,0.945966,22
553502180666531840,5,16,15,0.9375,9,9,0.6875,2.0,0.04260854,0.0625,0.6,0.125,0.874694,13
553502311872733184,1,10,9,0.9,9,9,0.9,0.9,0.09216586,0.1,1.0,0.2,0.722511,10
553502446769942528,1,20,19,0.95,19,19,0.95,0.95,0.04796147,0.05,1.0,0.1,0.73419,19
553502749498036224,3,14,13,0.928571,10,10,0.714286,1.214286,0.05456003,0.07142857,0.76923077,0.14285714,0.0,11
553503184174710784,2,24,21,0.875,18,18,0.875,1.0,0.03755128,0.04166667,0.7826087,0.07608696,0.912917,22
553503546382249984,1,22,19,0.863636,19,19,0.954545,0.863636,0.04376358,0.04545455,0.9047619,0.08225108,0.742161,21
553503846258196480,2,20,16,0.8,15,15,0.9,0.9,0.04608293,0.05,0.78947368,0.08421053,0.035,16
553503909692841984,2,22,15,0.681818,9,9,0.681818,0.818182,0.03468244,0.04545455,0.42857143,0.06493506,0.947341,13
553503995872808961,0,1,0,0.0,0,0,1.0,0.0,1.0,1.0,1.0,1.0,0.0,1
553505242554175489,0,16,0,0.0,0,0,1.0,0.0,0.0625,0.0625,0.0,0.0,0.871811,16
553505371290357761,2,19,6,0.315789,1,0,0.684211,0.421053,0.03914672,0.05263158,0.0,0.03508772,0.68748,15
553505458162782208,0,1,0,0.0,0,0,1.0,0.0,1.0,1.0,1.0,1.0,0.419355,1
553505858811080704,1,9,8,0.888889,8,8,0.888889,0.888889,0.10152277,0.11111111,1.0,0.22222222,0.95873,9
553506091389440000,0,1,0,0.0,0,0,1.0,0.0,1.0,1.0,1.0,1.0,0.2,1
553506337121107968,6,72,41,0.569444,11,11,0.680556,1.402778,0.00968363,0.01388889,0.15492958,0.01604069,0.03621,20
553506608203169792,2,25,20,0.8,18,18,0.92,0.88,0.03739696,0.04,0.75,0.06666667,0.912327,21
553506946054369280,2,24,20,0.833333,17,17,0.833333,0.916667,0.03638349,0.04166667,0.73913043,0.07246377,0.031243,19
553506985413713920,1,8,7,0.875,7,7,0.875,0.875,0.11299419,0.125,1.0,0.25,0.0,8
553508098825261056,7,20,19,0.95,10,10,0.5,2.3,0.02503449,0.05,0.52631579,0.1,0.891364,12
553508524320653312,3,23,16,0.695652,12,12,0.782609,0.956522,0.03553146,0.04347826,0.54545455,0.06324111,0.001553,17
553509146730176513,1,22,2,0.090909,1,0,0.909091,0.136364,0.04219408,0.04545455,0.0,0.00865801,0.067133,16
553509181446443008,1,8,7,0.875,7,7,0.875,0.875,0.11299419,0.125,1.0,0.25,0.071429,8
553509591888441344,1,9,0,0.0,0,0,1.0,0.888889,0.11111111,0.11111111,0.0,0.0,0.055556,9
553511279235964928,3,20,18,0.9,15,15,0.8,1.2,0.04122057,0.05,0.78947368,0.09473684,0.025,13
553511977478537216,1,7,5,0.714286,5,5,0.857143,0.714286,0.12738858,0.14285714,0.83333333,0.23809524,0.015873,7
553512076304728064,3,23,12,0.521739,7,7,0.73913,0.73913,0.03351298,0.04347826,0.31818182,0.04743083,0.026087,11
553512735192141826,0,6,0,0.0,0,0,1.0,0.0,0.16666667,0.16666667,0.0,0.0,0.840351,6
553513403512532992,2,26,22,0.846154,18,18,0.846154,0.884615,0.03396724,0.03846154,0.72,0.06769231,0.813811,22
553514329166061568,7,176,93,0.528409,10,10,0.732955,1.579545,0.00437358,0.00568182,0.05714286,0.00603896,0.030371,23
553514505633017856,8,25,19,0.76,4,4,0.48,2.48,0.02394915,0.04,0.16666667,0.06333333,0.0,8
553515054503821312,1,7,6,0.857143,6,6,0.857143,0.857143,0.12738858,0.14285714,1.0,0.28571429,0.977444,5
553515399438811136,2,10,0,0.0,0,0,1.0,0.9,0.1,0.1,0.0,0.0,0.642155,8
553515827073261568,3,20,18,0.9,17,17,0.9,1.1,0.04608293,0.05,0.89473684,0.09473684,0.058009,13
553516197283893248,1,4,3,0.75,3,3,0.75,0.75,0.20618575,0.25,1.0,0.5,0.125,4
553516364879904768,3,23,19,0.826087,17,17,0.869565,0.956522,0.03794906,0.04347826,0.77272727,0.07509881,0.036232,22
553517053110657024,2,12,11,0.916667,10,10,0.833333,1.0,0.07260977,0.08333333,0.90909091,0.16666667,0.23864,11
553517080637489154,1,6,1,0.166667,1,0,0.833333,0.166667,0.14598538,0.16666667,0.0,0.06666667,0.011905,5
553517380995792896,1,21,7,0.333333,3,3,0.761905,0.333333,0.03960385,0.04761905,0.15,0.03333333,0.0,4
553517548734791680,1,9,8,0.888889,8,8,0.888889,0.888889,0.10152277,0.11111111,1.0,0.22222222,0.0,9
553517713147301888,1,6,5,0.833333,5,5,0.833333,0.833333,0.14598557,0.16666667,1.0,0.33333333,0.843333,6
553518024272379905,1,12,3,0.25,2,0,0.833333,0.25,0.07299269,0.08333333,0.0,0.04545455,0.986111,8
553518053838061568,1,2,1,0.5,1,1,0.5,0.5,0.35087736,0.5,1.0,1.0,0.709677,2
553518472798683136,2,21,1,0.047619,1,0,0.952381,1.0,0.0457666,0.04761905,0.0,0.0047619,0.867667,20
553519375521951744,3,9,2,0.222222,1,0,0.777778,1.222222,0.08754628,0.11111111,0.0,0.05555556,0.981481,8
553519997956669440,2,15,9,0.6,6,6,0.733333,0.666667,0.05229437,0.06666667,0.42857143,0.08571429,0.024521,9
553520399300833280,2,14,10,0.714286,7,7,0.714286,0.857143,0.05486758,0.07142857,0.53846154,0.10989011,0.035714,8
553521417598550016,2,14,13,0.928571,11,11,0.785714,1.071429,0.05994703,0.07142857,0.84615385,0.14285714,0.801294,14
553521697350234112,1,3,2,0.666667,2,2,0.666667,0.666667,0.25974051,0.33333333,1.0,0.66666667,0.011905,3
553522808417157120,3,24,12,0.5,9,9,0.833333,0.916667,0.03537193,0.04166667,0.39130435,0.04347826,0.092229,13
553523303453696001,0,13,0,0.0,0,0,1.0,0.0,0.07692308,0.07692308,0.0,0.0,0.306213,11
553524086417424384,1,3,2,0.666667,2,2,0.666667,0.666667,0.25974051,0.33333333,1.0,0.66666667,0.833333,3
553524183594844160,1,5,4,0.8,4,4,0.8,0.8,0.17094005,0.2,1.0,0.4,0.192821,5
553525290908262400,1,8,7,0.875,7,7,0.875,0.875,0.11299419,0.125,1.0,0.25,0.004464,7
553525347266740226,1,14,1,0.071429,1,0,0.928571,0.071429,0.06734006,0.07142857,0.0,0.01098901,0.110119,13
553526191399776257,0,1,0,0.0,0,0,1.0,0.0,1.0,1.0,1.0,1.0,0.0,1
553526283033133056,6,25,15,0.6,2,2,0.52,2.24,0.02580091,0.04,0.08333333,0.05,0.0264,5
553526776878469121,1,20,2,0.1,1,0,0.9,0.15,0.04608293,0.05,0.0,0.01052632,0.016667,16
553527807771308034,2,30,10,0.333333,2,0,0.733333,0.566667,0.02639648,0.03333333,0.0,0.02298851,0.068056,25
553527964856352769,0,6,0,0.0,0,0,1.0,0.0,0.16666667,0.16666667,0.0,0.0,0.0,4
553528503573184514,1,8,1,0.125,1,0,0.875,0.125,0.11299437,0.125,0.0,0.03571429,0.0,8
553528740618436610,3,23,3,0.130435,1,0,0.869565,0.26087,0.03622002,0.04347826,0.0,0.01185771,0.165892,17
553528788383191040,1,21,18,0.857143,18,18,0.952381,0.857143,0.04576647,0.04761905,0.9,0.08571429,0.874376,21
553529101659566080,1,19,18,0.947368,18,18,0.947368,0.947368,0.05037763,0.05263158,1.0,0.10526316,0.936404,9
553529196216344576,9,48,39,0.8125,8,8,0.479167,2.666667,0.0113474,0.02083333,0.17021277,0.03457447,0.996711,16
553529334892609536,2,10,1,0.1,1,0,0.9,0.8,0.09216586,0.1,0.0,0.02222222,0.798,8
553529789794250753,0,12,0,0.0,0,0,1.0,0.0,0.08333333,0.08333333,0.0,0.0,0.057069,12
553529796601585664,8,21,19,0.904762,12,12,0.666667,2.380952,0.03162745,0.04761905,0.6,0.09047619,0.868004,14
553529935789559808,1,7,6,0.857143,6,6,0.857143,0.857143,0.12738858,0.14285714,1.0,0.28571429,0.528736,6
553529941938425857,0,8,0,0.0,0,0,1.0,0.0,0.125,0.125,0.0,0.0,0.742754,8
553530513580118016,4,24,18,0.75,10,10,0.666667,1.25,0.03011438,0.04166667,0.43478261,0.06521739,0.039683,13
553530524183326720,1,4,3,0.75,3,3,0.75,0.75,0.20618575,0.25,1.0,0.5,0.65,4
553530558614351873,0,5,0,0.0,0,0,1.0,0.0,0.2,0.2,0.0,0.0,0.637124,5
553530667821457408,1,3,2,0.666667,2,2,0.666667,0.666667,0.25974051,0.33333333,1.0,0.66666667,0.72,3
553531130163773440,1,4,2,0.5,2,2,0.75,0.5,0.20618553,0.25,0.66666667,0.33333333,0.504808,3
553531316797718528,1,7,6,0.857143,6,6,0.857143,0.857143,0.12738858,0.14285714,1.0,0.28571429,0.960591,7
553531343834202112,3,24,21,0.875,18,18,0.833333,1.041667,0.03541458,0.04166667,0.7826087,0.07608696,0.775538,20
553531413459660800,2,15,13,0.866667,12,12,0.866667,0.933333,0.05966513,0.06666667,0.85714286,0.12380952,0.837251,12
553531695480463360,2,19,18,0.947368,17,17,0.894737,1.0,0.04821023,0.05263158,0.94444444,0.10526316,0.794486,17
553531781690163201,0,8,0,0.0,0,0,1.0,0.0,0.125,0.125,0.0,0.0,0.720833,7
553531783992868864,6,61,42,0.688525,10,10,0.655738,2.098361,0.01210771,0.01639344,0.16666667,0.02295082,0.008197,22
553531802347122689,2,24,5,0.208333,1,0,0.791667,0.333333,0.03451548,0.04166667,0.0,0.01811594,0.018743,20
553531971457265664,2,15,12,0.8,10,10,0.8,0.933333,0.05651479,0.06666667,0.71428571,0.11428571,0.924095,14
553532452472238080,3,31,23,0.741935,14,14,0.741935,1.0,0.02608381,0.03225806,0.46666667,0.04946237,0.010753,20
553532507623546881,3,37,12,0.324324,3,0,0.783784,0.513514,0.02211069,0.02702703,0.0,0.01801802,0.031583,25
553532736187924480,1,19,18,0.947368,18,18,0.947368,0.947368,0.05037763,0.05263158,1.0,0.10526316,0.0,19
553532980871053312,1,4,3,0.75,3,3,0.75,0.75,0.20618575,0.25,1.0,0.5,0.835507,4
553532980896231424,1,4,3,0.75,3,3,0.75,0.75,0.20618575,0.25,1.0,0.5,0.944444,4
553533193899368448,2,21,20,0.952381,18,18,0.857143,1.047619,0.04231858,0.04761905,0.9,0.0952381,0.081091,21
553533499643547648,3,10,8,0.8,4,4,0.6,1.3,0.06468684,0.1,0.44444444,0.17777778,0.747143,7
553533607126388737,0,1,0,0.0,0,0,1.0,0.0,1.0,1.0,1.0,1.0,1.0,1
553533859032477696,1,6,5,0.833333,5,5,0.833333,0.833333,0.14598557,0.16666667,1.0,0.33333333,0.142356,6
553534707108155392,3,14,10,0.714286,7,7,0.714286,1.071429,0.05517997,0.07142857,0.53846154,0.10989011,0.96601,9
553534768537939968,1,5,4,0.8,4,4,0.8,0.8,0.17094005,0.2,1.0,0.4,0.682857,5
553534838880608256,1,8,7,0.875,7,7,0.875,0.875,0.11299419,0.125,1.0,0.25,0.674405,8
553534934447824896,3,39,28,0.717949,12,9,0.820513,1.282051,0.02217485,0.02564103,0.23684211,0.03778677,0.0,23
553535221828964352,1,9,0,0.0,0,0,1.0,0.888889,0.11111111,0.11111111,0.0,0.0,0.758519,9
553535227214438400,2,14,13,0.928571,12,12,0.857143,1.0,0.0634511,0.07142857,0.92307692,0.14285714,0.0,13
553535430788780032,2,19,16,0.842105,14,14,0.894737,0.947368,0.04818904,0.05263158,0.77777778,0.09356725,0.869235,18
553535441828605953,1,21,1,0.047619,1,0,0.952381,0.047619,0.0457666,0.04761905,0.0,0.0047619,0.808373,21
553535467065712640,3,25,23,0.92,17,17,0.84,1.2,0.034874,0.04,0.70833333,0.07666667,0.823937,22
553535468290453504,2,23,18,0.782609,12,12,0.869565,1.043478,0.03895536,0.04347826,0.54545455,0.07114625,0.021739,20
553535642848989184,1,18,14,0.777778,14,14,0.944444,0.777778,0.05305041,0.05555556,0.82352941,0.09150327,0.0,15
553535765997969408,2,20,19,0.95,18,18,0.9,1.0,0.04599789,0.05,0.94736842,0.1,0.033333,16
553535829017370625,0,6,0,0.0,0,0,1.0,0.0,0.16666667,0.16666667,0.0,0.0,0.834783,6
553535829529100288,1,3,2,0.666667,2,2,0.666667,0.666667,0.25974051,0.33333333,1.0,0.66666667,0.814815,3
553535862911541248,1,12,9,0.75,9,9,0.916667,0.75,0.077821,0.08333333,0.81818182,0.13636364,0.705357,10
553535971959275520,1,2,1,0.5,1,1,0.5,0.5,0.35087736,0.5,1.0,1.0,0.671014,2
553536236493615104,6,20,17,0.85,11,11,0.65,1.65,0.03078862,0.05,0.57894737,0.08947368,0.839453,14
553536269972942849,2,16,3,0.1875,2,0,0.875,0.25,0.05536717,0.0625,0.0,0.025,0.82469,13
553536358950916096,2,13,11,0.846154,10,10,0.846154,0.923077,0.0676945,0.07692308,0.83333333,0.14102564,0.102564,13
553536397731442688,1,7,6,0.857143,6,6,0.857143,0.857143,0.12738858,0.14285714,1.0,0.28571429,0.742637,7
553536532960010240,1,10,9,0.9,9,9,0.9,0.9,0.09216586,0.1,1.0,0.2,0.266565,10
553536603998945280,3,20,18,0.9,17,17,0.9,1.1,0.04599289,0.05,0.89473684,0.09473684,0.711386,18
553536887349325825,1,20,1,0.05,1,0,0.95,0.05,0.04796164,0.05,0.0,0.00526316,0.801909,19
553537235463979008,1,4,3,0.75,3,3,0.75,0.75,0.20618575,0.25,1.0,0.5,0.125,4
553537280343031808,1,20,19,0.95,19,19,0.95,0.95,0.04796147,0.05,1.0,0.1,0.0,19
553537322218553344,3,19,5,0.263158,2,0,0.842105,1.210526,0.04489852,0.05263158,0.0,0.02923977,0.0,14
553537380209401856,1,4,3,0.75,3,3,0.75,0.75,0.20618575,0.25,1.0,0.5,0.594643,4
553537460920389633,1,20,3,0.15,1,0,0.85,0.25,0.04434592,0.05,0.0,0.01578947,0.204866,14
553537537126694912,1,5,3,0.6,3,3,0.8,0.6,0.17094005,0.2,0.75,0.3,0.391905,4
553537551114706945,1,22,2,0.090909,1,0,0.909091,0.090909,0.04219408,0.04545455,0.0,0.00865801,0.049627,20
553537648938086403,12,28,16,0.571429,2,0,0.464286,3.142857,0.01745512,0.03571429,0.0,0.04232804,0.0,4
553537740588220416,1,5,4,0.8,4,4,0.8,0.8,0.17094005,0.2,1.0,0.4,0.1,5
553537870431268864,1,7,6,0.857143,6,6,0.857143,0.857143,0.12738858,0.14285714,1.0,0.28571429,0.205064,7
553537939041701888,1,5,4,0.8,4,4,0.8,0.8,0.17094005,0.2,1.0,0.4,0.836025,5
553538058440941568,2,20,19,0.95,17,17,0.9,1.05,0.04599289,0.05,0.89473684,0.1,0.78995,20
553538304332017665,3,25,3,0.12,1,0,0.88,0.32,0.03536997,0.04,0.0,0.01,0.165919,18
553538456207777792,2,6,5,0.833333,4,4,0.666667,1.0,0.12689364,0.16666667,0.8,0.33333333,0.122222,6
553538483474534400,1,7,6,0.857143,6,6,0.857143,0.857143,0.12738858,0.14285714,1.0,0.28571429,0.020975,7
553538523266318336,1,9,0,0.0,0,0,1.0,0.888889,0.11111111,0.11111111,0.0,0.0,0.22037,9
553538559609942017,5,38,23,0.605263,4,0,0.578947,1.394737,0.01601067,0.02631579,0.0,0.03271693,0.072026,17
553538939076624384,1,20,18,0.9,18,18,0.95,0.9,0.04796147,0.05,0.94736842,0.09473684,0.078333,20
553538939454509056,1,6,5,0.833333,5,5,0.833333,0.833333,0.14598557,0.16666667,1.0,0.33333333,0.415556,6
553539252374757376,0,1,0,0.0,0,0,1.0,0.0,1.0,1.0,1.0,1.0,0.840909,1
553539373707186176,5,33,23,0.69697,6,6,0.606061,1.666667,0.02051878,0.03030303,0.1875,0.04356061,0.046537,18
553539504146231298,1,23,1,0.043478,1,0,0.956522,0.043478,0.04192872,0.04347826,0.0,0.00395257,0.182805,18
553539631149756416,2,21,19,0.904762,18,18,0.904762,0.952381,0.04397512,0.04761905,0.9,0.09047619,0.125,20
553539778088816641,0,18,0,0.0,0,0,1.0,0.0,0.05555556,0.05555556,0.0,0.0,0.060085,16
553540131756732416,2,13,12,0.923077,9,9,0.692308,1.153846,0.06009331,0.07692308,0.75,0.15384615,0.0,12
553540355317334016,1,6,5,0.833333,5,5,0.833333,0.833333,0.14598557,0.16666667,1.0,0.33333333,0.330495,6
553540381187780609,0,9,0,0.0,0,0,1.0,0.0,0.11111111,0.11111111,0.0,0.0,0.185185,6
553540478403366912,1,9,8,0.888889,8,8,0.888889,0.888889,0.10152277,0.11111111,1.0,0.22222222,0.142737,9
553540580912156672,3,22,16,0.727273,14,14,0.863636,0.863636,0.0394198,0.04545455,0.66666667,0.06926407,0.093939,18
553540617540624385,5,31,14,0.451613,5,0,0.741935,0.935484,0.02355966,0.03225806,0.0,0.03010753,0.905376,14
553540719714271233,3,21,2,0.095238,1,0,0.904762,0.285714,0.04269366,0.04761905,0.0,0.00952381,0.203937,16
553540739058376704,3,17,15,0.882353,12,12,0.764706,1.058824,0.04452562,0.05882353,0.75,0.11029412,0.815464,13
553540824768991233,0,2,0,0.0,0,0,1.0,0.0,0.5,0.5,0.0,0.0,0.318841,2
553540872986705920,1,18,17,0.944444,17,17,0.944444,0.944444,0.05305013,0.05555556,1.0,0.11111111,0.064815,18
553540934118694912,1,21,17,0.809524,17,17,0.952381,0.857143,0.0457666,0.04761905,0.85,0.08095238,0.187691,19
553541197491634176,0,1,0,0.0,0,0,1.0,0.0,1.0,1.0,1.0,1.0,0.0,1
553541601482784768,1,12,11,0.916667,11,11,0.916667,0.916667,0.07782115,0.08333333,1.0,0.16666667,0.106481,10
553541676229472256,1,20,18,0.9,18,18,0.95,0.9,0.04796147,0.05,0.94736842,0.09473684,0.831429,20
553541776854634496,2,18,14,0.777778,14,14,0.944444,0.888889,0.05305041,0.05555556,0.82352941,0.09150327,0.63552,14
553541834975498240,1,2,1,0.5,1,1,0.5,0.5,0.35087736,0.5,1.0,1.0,0.166667,2
553541838494515200,5,21,19,0.904762,12,12,0.666667,1.571429,0.03314339,0.04761905,0.6,0.09047619,0.092912,16
553541988490825728,1,14,13,0.928571,13,13,0.928571,0.928571,0.06734012,0.07142857,1.0,0.14285714,0.808761,14
553542093683974144,0,1,0,0.0,0,0,1.0,0.0,1.0,1.0,1.0,1.0,0.0,1
553542208214036480,1,8,7,0.875,7,7,0.875,0.875,0.11299419,0.125,1.0,0.25,0.15625,7
553542235661553665,0,7,0,0.0,0,0,1.0,0.0,0.14285714,0.14285714,0.0,0.0,0.822875,6
553542245966958592,2,17,15,0.882353,13,13,0.823529,1.0,0.0508617,0.05882353,0.8125,0.11029412,0.13993,12
553542282100871168,1,14,13,0.928571,13,13,0.928571,0.928571,0.06734012,0.07142857,1.0,0.14285714,0.169048,14
553542337553764352,1,19,2,0.105263,1,0,0.894737,0.789474,0.04830915,0.05263158,0.0,0.01169591,0.101019,15
553542417673367552,1,8,0,0.0,0,0,1.0,0.875,0.125,0.125,0.0,0.0,0.25,8
553542442373619712,2,14,10,0.714286,9,9,0.857143,0.857143,0.06369429,0.07142857,0.69230769,0.10989011,0.869674,12
553542516772175873,1,20,2,0.1,1,0,0.9,0.1,0.04608293,0.05,0.0,0.01052632,0.079167,20
553542565593878528,5,58,37,0.637931,11,11,0.655172,1.551724,0.01190366,0.01724138,0.19298246,0.02238355,0.955172,23
553542628097019904,5,19,13,0.684211,7,7,0.631579,1.315789,0.03605989,0.05263158,0.38888889,0.07602339,0.038596,8
553542784800792577,5,94,52,0.553191,5,0,0.648936,1.265957,0.00749031,0.0106383,0.0,0.01189659,0.005803,18
553543032642220033,0,8,0,0.0,0,0,1.0,0.0,0.125,0.125,0.0,0.0,0.0,8
553543144172969984,3,21,16,0.761905,10,10,0.714286,1.238095,0.03689947,0.04761905,0.5,0.07619048,0.12381,16
553543319423553537,5,39,18,0.461538,3,0,0.692308,0.923077,0.01890148,0.02564103,0.0,0.0242915,0.0349,19
553543369604210689,3,23,7,0.304348,1,0,0.695652,0.565217,0.03290019,0.04347826,0.0,0.02766798,0.92029,13
553543395017510912,1,12,7,0.583333,7,7,0.916667,0.583333,0.077821,0.08333333,0.63636364,0.10606061,0.192157,10
553543467427577858,0,4,0,0.0,0,0,1.0,0.0,0.25,0.25,0.0,0.0,0.0,4
553543939517874176,4,20,17,0.85,15,15,0.85,1.2,0.04280531,0.05,0.78947368,0.08947368,0.057398,18
553544039241224194,0,18,0,0.0,0,0,1.0,0.0,0.05555556,0.05555556,0.0,0.0,0.162672,18
553544078768766977,0,8,0,0.0,0,0,1.0,0.0,0.125,0.125,0.0,0.0,0.145202,8
553544252563935234,0,15,0,0.0,0,0,1.0,0.0,0.06666667,0.06666667,0.0,0.0,0.825,15
553544266526760960,1,8,7,0.875,7,7,0.875,0.875,0.11299419,0.125,1.0,0.25,0.114919,7
553544336475168769,0,4,0,0.0,0,0,1.0,0.0,0.25,0.25,0.0,0.0,0.0,4
553544419602104320,2,20,18,0.9,17,17,0.9,1.05,0.04599289,0.05,0.89473684,0.09473684,0.828911,19
553544566042009600,2,32,9,0.28125,5,2,0.875,0.4375,0.02768357,0.03125,0.06451613,0.01814516,0.028976,9
553544694765215745,0,15,0,0.0,0,0,1.0,0.0,0.06666667,0.06666667,0.0,0.0,0.866372,8
553545000110538753,5,24,11,0.458333,4,0,0.791667,2.125,0.03233245,0.04166667,0.0,0.03985507,0.0,9
553545384069328896,2,22,12,0.545455,7,7,0.772727,0.636364,0.03707477,0.04545455,0.33333333,0.05194805,0.040909,9
553545386082979841,2,21,2,0.095238,1,0,0.904762,0.238095,0.04405285,0.04761905,0.0,0.00952381,0.133224,19
553545782050045952,2,13,1,0.076923,1,0,0.923077,0.923077,0.07220216,0.07692308,0.0,0.01282051,0.046154,11
553545857304629248,1,5,4,0.8,4,4,0.8,0.8,0.17094005,0.2,1.0,0.4,0.313377,5
553545906155712512,2,17,16,0.941176,14,14,0.823529,1.058824,0.05088222,0.05882353,0.875,0.11764706,0.859069,17
553546029212389376,1,12,9,0.75,9,9,0.916667,0.75,0.077821,0.08333333,0.81818182,0.13636364,0.616288,9
553546063752478722,2,24,2,0.083333,1,0,0.916667,0.125,0.03784635,0.04166667,0.0,0.00724638,0.909444,21
553546292748898304,1,20,19,0.95,19,19,0.95,0.95,0.04796147,0.05,1.0,0.1,0.016667,20
553546551709409280,2,21,18,0.857143,14,14,0.809524,1.0,0.03972341,0.04761905,0.7,0.08571429,0.057672,18
553546679161745408,2,9,7,0.777778,6,6,0.777778,0.888889,0.09241783,0.11111111,0.75,0.19444444,0.274074,7
553546878902861825,1,11,1,0.090909,1,0,0.909091,0.090909,0.08438817,0.09090909,0.0,0.01818182,0.129777,10
553546967281061888,2,14,10,0.714286,8,8,0.785714,0.928571,0.0600951,0.07142857,0.61538462,0.10989011,0.205087,10
553547270264979456,1,20,18,0.9,18,18,0.95,0.9,0.04796147,0.05,0.94736842,0.09473684,0.926742,16
553547629963911170,0,1,0,0.0,0,0,1.0,0.0,1.0,1.0,1.0,1.0,0.346154,1
553547637832843264,4,31,27,0.870968,16,16,0.741935,1.419355,0.02504218,0.03225806,0.53333333,0.05806452,0.0702,23
553547659404148736,4,23,5,0.217391,2,0,0.869565,1.26087,0.03859329,0.04347826,0.0,0.01976285,0.110078,18
553547836517007360,1,17,15,0.882353,15,15,0.941176,0.882353,0.05602243,0.05882353,0.9375,0.11029412,0.874837,16
553548404102414337,1,5,1,0.2,1,0,0.8,0.2,0.17094019,0.2,0.0,0.1,0.114286,5
553548440563908611,1,20,2,0.1,1,0,0.9,0.1,0.04608293,0.05,0.0,0.01052632,0.05067,18
553548487225532416,2,20,18,0.9,15,15,0.85,0.95,0.0442513,0.05,0.78947368,0.09473684,0.096014,15
553548567420628992,4,23,17,0.73913,9,9,0.652174,1.217391,0.03049898,0.04347826,0.40909091,0.06719368,0.9,10
553549680538578944,1,14,0,0.0,0,0,1.0,0.785714,0.07142857,0.07142857,0.0,0.0,0.209225,12
553549686129561600,4,24,14,0.583333,9,9,0.833333,1.0,0.03527178,0.04166667,0.39130435,0.05072464,0.736417,20
553550030553243650,2,21,3,0.142857,1,0,0.857143,0.285714,0.04246286,0.04761905,0.0,0.01428571,0.236289,14
553550301886955520,1,20,18,0.9,18,18,0.95,0.9,0.04796147,0.05,0.94736842,0.09473684,0.842901,19
553550448154910720,1,4,3,0.75,3,3,0.75,0.75,0.20618575,0.25,1.0,0.5,0.676267,4
553550888770740224,2,23,19,0.826087,18,18,0.913043,0.869565,0.04042015,0.04347826,0.81818182,0.07509881,0.135811,20
553551148280729602,0,14,0,0.0,0,0,1.0,0.0,0.07142857,0.07142857,0.0,0.0,0.071429,13
553551225560764416,2,20,18,0.9,16,16,0.85,0.95,0.04425719,0.05,0.84210526,0.09473684,0.95,19
553551279620755458,4,22,8,0.363636,2,0,0.727273,1.0,0.03423095,0.04545455,0.0,0.03463203,0.0,10
553551282967830528,0,1,0,0.0,0,0,1.0,0.0,1.0,1.0,1.0,1.0,0.571429,1
553551286793416704,1,9,8,0.888889,8,8,0.888889,0.888889,0.10152277,0.11111111,1.0,0.22222222,0.711587,9
553551435762503681,2,22,6,0.272727,2,0,0.818182,0.363636,0.03881802,0.04545455,0.0,0.02597403,0.107343,19
553551598954491904,1,9,8,0.888889,8,8,0.888889,0.888889,0.10152277,0.11111111,1.0,0.22222222,0.821517,9
553551934251343872,1,11,7,0.636364,6,6,0.818182,0.636364,0.07874013,0.09090909,0.6,0.12727273,0.138917,9
553552293371871233,1,13,1,0.076923,1,0,0.923077,0.076923,0.07220216,0.07692308,0.0,0.01282051,0.77507,11
553552493561798656,3,11,10,0.909091,8,8,0.727273,1.181818,0.06925403,0.09090909,0.8,0.18181818,0.096364,10
553552772277481472,2,13,8,0.615385,7,7,0.846154,0.769231,0.06802726,0.07692308,0.58333333,0.1025641,0.061538,9
553552825431883776,1,9,8,0.888889,8,8,0.888889,0.888889,0.10152277,0.11111111,1.0,0.22222222,0.96732,8
553553112456499200,2,13,11,0.846154,11,11,0.923077,1.0,0.07220225,0.07692308,0.91666667,0.14102564,0.218182,13
553553173743677440,1,4,3,0.75,3,3,0.75,0.75,0.20618575,0.25,1.0,0.5,0.770833,4
553553202197827584,2,10,9,0.9,8,8,0.8,1.0,0.08481539,0.1,0.88888889,0.2,0.058333,10
553553244845522945,0,4,0,0.0,0,0,1.0,0.0,0.25,0.25,0.0,0.0,0.79569,4
553553288625672192,3,24,15,0.625,7,7,0.666667,0.833333,0.03049045,0.04166667,0.30434783,0.05434783,0.899206,9
553553331671408641,5,24,11,0.458333,2,0,0.583333,0.916667,0.02636434,0.04166667,0.0,0.03985507,0.292504,13
553553724548059137,1,12,1,0.083333,1,0,0.916667,0.083333,0.077821,0.08333333,0.0,0.01515152,0.898148,8
553553813542797312,1,5,4,0.8,4,4,0.8,0.8,0.17094005,0.2,1.0,0.4,0.941176,5
553553966970044416,1,20,19,0.95,19,19,0.95,0.95,0.04796147,0.05,1.0,0.1,0.086806,20
553554032745525249,10,39,22,0.564103,2,0,0.538462,2.435897,0.01448895,0.02564103,0.0,0.02968961,0.016026,17
553554351633858560,2,8,6,0.75,4,4,0.625,0.875,0.08871133,0.125,0.57142857,0.21428571,0.979167,6
553554585634496512,4,21,11,0.52381,6,6,0.761905,1.0,0.03605006,0.04761905,0.3,0.05238095,0.977528,12
553554835203956736,2,20,1,0.05,1,0,0.95,0.95,0.04796164,0.05,0.0,0.00526316,0.868333,19
553555156391186432,3,53,35,0.660377,10,10,0.660377,0.90566,0.01382476,0.01886792,0.19230769,0.02539913,0.040665,18
553555207410700289,1,22,1,0.045455,1,0,0.954545,0.045455,0.04376368,0.04545455,0.0,0.004329,0.110028,22
553555293645590528,1,20,19,0.95,19,19,0.95,0.95,0.04796147,0.05,1.0,0.1,0.018519,20
553555389611274240,3,21,16,0.761905,9,9,0.761905,1.333333,0.0372529,0.04761905,0.45,0.07619048,0.051227,10
553555432577708032,2,10,9,0.9,7,7,0.7,1.1,0.07839188,0.1,0.77777778,0.2,0.084783,9
553555593034596352,2,23,1,0.043478,1,0,0.956522,0.782609,0.04192872,0.04347826,0.0,0.00395257,0.119747,18
553555600911925249,2,23,4,0.173913,1,0,0.826087,0.217391,0.03686978,0.04347826,0.0,0.01581028,0.913425,17
553555705945288704,3,20,17,0.85,14,14,0.8,1.25,0.04120392,0.05,0.73684211,0.08947368,0.147619,18
553555848794877952,6,30,9,0.3,2,0,0.766667,1.633333,0.02678038,0.03333333,0.0,0.02068966,0.0,8
553555948883959809,3,45,12,0.266667,2,0,0.777778,0.6,0.01776781,0.02222222,0.0,0.01212121,0.0,8
553555979238129664,2,21,18,0.857143,12,12,0.904762,1.238095,0.0439363,0.04761905,0.6,0.08571429,0.88453,18
553556060569862145,1,7,1,0.142857,1,0,0.857143,0.142857,0.12738858,0.14285714,0.0,0.04761905,0.707143,7
553556643456507904,3,20,16,0.8,12,12,0.75,1.0,0.03875006,0.05,0.63157895,0.08421053,0.851404,14
553556728651210753,3,28,5,0.178571,1,0,0.821429,0.357143,0.03100781,0.03571429,0.0,0.01322751,0.197154,20
553556844665659392,1,20,18,0.9,18,18,0.95,0.9,0.04796147,0.05,0.94736842,0.09473684,0.657842,13
553556984273072128,1,6,5,0.833333,5,5,0.833333,0.833333,0.14598557,0.16666667,1.0,0.33333333,0.815134,6
553557308937363458,6,33,11,0.333333,2,0,0.69697,1.030303,0.02229671,0.03030303,0.0,0.02083333,0.943434,17
553557753558757376,1,21,16,0.761905,15,15,0.904762,0.761905,0.04405285,0.04761905,0.75,0.07619048,0.813643,17
553558108866637824,1,9,8,0.888889,8,8,0.888889,0.888889,0.10152277,0.11111111,1.0,0.22222222,0.0,9
553558126147149825,0,8,0,0.0,0,0,1.0,0.0,0.125,0.125,0.0,0.0,0.0875,8
553558131369062400,1,11,6,0.545455,6,6,0.909091,0.545455,0.08438817,0.09090909,0.6,0.10909091,0.827528,9
553558385048944640,3,23,21,0.913043,16,16,0.73913,1.130435,0.03305854,0.04347826,0.72727273,0.08300395,0.940159,19
553558513210105856,2,8,5,0.625,4,4,0.75,0.875,0.10309287,0.125,0.57142857,0.17857143,0.882049,6
553558611306090496,3,12,10,0.833333,7,7,0.666667,1.166667,0.06091371,0.08333333,0.63636364,0.15151515,0.0,8
553558824720666628,4,30,6,0.2,1,0,0.8,0.433333,0.02562943,0.03333333,0.0,0.0137931,0.035819,22
553558982476828674,2,14,3,0.214286,1,0,0.785714,0.357143,0.06042289,0.07142857,0.0,0.03296703,0.886905,9
553559095798931456,1,19,15,0.789474,15,15,0.947368,0.789474,0.05037784,0.05263158,0.83333333,0.0877193,0.081821,18
553559793940447234,2,29,11,0.37931,3,0,0.758621,0.517241,0.02822331,0.03448276,0.0,0.0270936,0.84348,8
553559880599359488,1,2,1,0.5,1,1,0.5,0.5,0.35087736,0.5,1.0,1.0,0.0,2
553560219981459457,0,5,0,0.0,0,0,1.0,0.0,0.2,0.2,0.0,0.0,0.022222,5
553560429910568960,2,3,2,0.666667,1,1,0.333333,1.0,0.18441676,0.33333333,0.5,0.66666667,0.0,3
553560480586166272,2,11,8,0.727273,7,7,0.818182,0.818182,0.07810538,0.09090909,0.7,0.14545455,0.19899,10
553560488056225792,4,26,17,0.653846,3,3,0.653846,1.5,0.02793414,0.03846154,0.12,0.05230769,0.0,12
553560769246539776,2,20,18,0.9,17,17,0.9,0.95,0.04599289,0.05,0.89473684,0.09473684,0.153876,19
553561169923829760,3,21,19,0.904762,14,14,0.761905,1.238095,0.03828548,0.04761905,0.7,0.09047619,0.048148,18
553561170637238272,6,32,29,0.90625,17,17,0.6875,1.78125,0.02148883,0.03125,0.5483871,0.05846774,0.810398,23
553561452318322688,1,9,6,0.666667,6,6,0.888889,0.666667,0.10152277,0.11111111,0.75,0.16666667,0.788105,8
553561762466115584,1,6,5,0.833333,5,5,0.833333,0.833333,0.14598557,0.16666667,1.0,0.33333333,0.228571,6
553562348376850433,0,20,0,0.0,0,0,1.0,0.0,0.05,0.05,0.0,0.0,0.116054,19
553562446456422402,6,39,13,0.333333,4,0,0.74359,1.128205,0.01988644,0.02564103,0.0,0.01754386,0.0,12
553562569169199104,1,12,11,0.916667,11,11,0.916667,0.916667,0.07782115,0.08333333,1.0,0.16666667,0.056818,8
553562832001048576,2,20,19,0.95,18,18,0.9,1.0,0.04599789,0.05,0.94736842,0.1,0.016667,20
553563356339384322,3,28,6,0.214286,1,0,0.785714,0.357143,0.02786958,0.03571429,0.0,0.01587302,0.047345,18
553563668169125889,2,20,6,0.3,3,0,0.8,0.35,0.04229968,0.05,0.0,0.03157895,0.815456,19
553563750230683650,2,21,2,0.095238,1,0,0.904762,0.142857,0.04269366,0.04761905,0.0,0.00952381,0.149656,15
553563780928770048,4,29,17,0.586207,5,5,0.62069,1.0,0.0229663,0.03448276,0.17857143,0.04187192,0.0,10
553563889104093184,1,9,8,0.888889,8,8,0.888889,0.888889,0.10152277,0.11111111,1.0,0.22222222,0.078307,9
553566026030272512,2,12,9,0.75,9,9,0.916667,0.916667,0.077821,0.08333333,0.81818182,0.13636364,0.722353,11
553566200098488320,4,27,21,0.777778,5,4,0.555556,1.481481,0.02328092,0.03703704,0.15384615,0.05982906,0.0,8
553566279953842176,2,13,11,0.846154,9,9,0.769231,1.0,0.06365145,0.07692308,0.75,0.14102564,0.103569,11
553566644006817792,4,21,18,0.857143,13,13,0.714286,1.285714,0.03433194,0.04761905,0.65,0.08571429,0.005952,17
553566829273423872,5,23,18,0.782609,10,10,0.608696,1.304348,0.02655021,0.04347826,0.45454545,0.07114625,0.0,13
553566870750908418,3,25,4,0.16,1,0,0.84,0.56,0.03433773,0.04,0.0,0.01333333,0.046267,16
553566877956734976,1,9,8,0.888889,8,8,0.888889,0.888889,0.10152277,0.11111111,1.0,0.22222222,0.896296,9
553567076728963073,3,37,13,0.351351,8,0,0.837838,0.675676,0.02287676,0.02702703,0.0,0.01951952,0.013514,22
553567184002502656,2,11,9,0.818182,7,7,0.727273,0.909091,0.07324271,0.09090909,0.7,0.16363636,0.022727,9
553567716414484481,2,26,7,0.269231,2,0,0.807692,0.346154,0.03228671,0.03846154,0.0,0.02153846,0.028846,22
553567732126736385,0,3,0,0.0,0,0,1.0,0.0,0.33333333,0.33333333,0.0,0.0,0.0,3
553567850301231106,0,12,0,0.0,0,0,1.0,0.0,0.08333333,0.08333333,0.0,0.0,0.097222,12
553568095978401793,1,16,0,0.0,0,0,1.0,0.0625,0.0625,0.0625,0.0,0.0,0.011255,13
553569060882235392,0,1,0,0.0,0,0,1.0,0.0,1.0,1.0,1.0,1.0,0.56,1
553569333150896129,1,19,2,0.105263,1,0,0.894737,0.105263,0.04830915,0.05263158,0.0,0.01169591,0.161643,13
553569379674521600,2,8,7,0.875,5,5,0.625,1.125,0.0922594,0.125,0.71428571,0.25,0.34647,8
553569512269021184,2,9,8,0.888889,7,7,0.777778,1.0,0.09256502,0.11111111,0.875,0.22222222,0.12963,9
553570203678683136,1,3,0,0.0,0,0,1.0,0.666667,0.33333333,0.33333333,0.0,0.0,0.0,3
553570370192949248,3,20,19,0.95,15,15,0.75,1.2,0.03974891,0.05,0.78947368,0.1,0.022222,17
553570659805454336,1,10,0,0.0,0,0,1.0,0.9,0.1,0.1,0.0,0.0,0.0,9
553570681619640320,4,37,22,0.594595,15,15,0.783784,0.891892,0.02144554,0.02702703,0.41666667,0.03303303,0.009009,20
553570818031374336,1,10,0,0.0,0,0,1.0,0.9,0.1,0.1,0.0,0.0,0.203231,10
553570914143854592,1,6,5,0.833333,5,5,0.833333,0.833333,0.14598557,0.16666667,1.0,0.33333333,0.088015,6
553570916907511809,1,20,2,0.1,1,0,0.9,0.1,0.04608293,0.05,0.0,0.01052632,0.041667,18
553571432475951105,2,12,2,0.166667,1,0,0.833333,0.25,0.06933605,0.08333333,0.0,0.03030303,0.032738,10
553571541578174465,2,16,3,0.1875,1,0,0.8125,0.25,0.05188736,0.0625,0.0,0.025,0.035,7
553572111441465344,4,20,2,0.1,1,0,0.9,1.2,0.04459811,0.05,0.0,0.01052632,0.045,18
553572740125712385,0,9,0,0.0,0,0,1.0,0.0,0.11111111,0.11111111,0.0,0.0,0.835751,9
553572754746638337,0,12,0,0.0,0,0,1.0,0.0,0.08333333,0.08333333,0.0,0.0,0.916667,12
553572914923323392,1,8,6,0.75,6,6,0.875,0.75,0.11299419,0.125,0.85714286,0.21428571,0.0,6
553573066455134208,0,1,0,0.0,0,0,1.0,0.0,1.0,1.0,1.0,1.0,0.0,1
553573166116012032,2,25,16,0.64,10,10,0.76,0.76,0.03236792,0.04,0.41666667,0.05333333,0.0,16
553573365798416385,1,21,1,0.047619,1,0,0.952381,0.047619,0.0457666,0.04761905,0.0,0.0047619,0.82225,21
553573432554979328,3,22,15,0.681818,10,10,0.727273,1.045455,0.03462052,0.04545455,0.47619048,0.06493506,0.056113,15
553573633395015680,0,1,0,0.0,0,0,1.0,0.0,1.0,1.0,1.0,1.0,0.0,1
553573875528007680,2,24,19,0.791667,16,16,0.833333,0.875,0.03637637,0.04166667,0.69565217,0.06884058,0.141292,18
553574345235103746,0,12,0,0.0,0,0,1.0,0.0,0.08333333,0.08333333,0.0,0.0,0.928372,9
553574501964079104,2,20,19,0.95,18,18,0.9,1.0,0.04599789,0.05,0.94736842,0.1,0.920567,20
553574522972958721,4,20,7,0.35,2,0,0.75,0.75,0.03671304,0.05,0.0,0.03684211,0.075,10
553574650450825216,2,20,19,0.95,18,18,0.9,1.0,0.04599789,0.05,0.94736842,0.1,0.045968,19
553574709669814272,4,48,39,0.8125,12,12,0.604167,1.729167,0.01378142,0.02083333,0.25531915,0.03457447,0.029319,24
553575232867672064,2,13,12,0.923077,10,10,0.769231,1.076923,0.06371645,0.07692308,0.83333333,0.15384615,0.780747,12
553575302392455169,3,26,11,0.423077,4,0,0.692308,0.576923,0.02853897,0.03846154,0.0,0.03384615,0.030003,17
553575450329378816,2,14,13,0.928571,11,11,0.785714,1.071429,0.05994703,0.07142857,0.84615385,0.14285714,0.02398,9
553575803733426176,1,11,8,0.727273,8,8,0.909091,0.727273,0.08438817,0.09090909,0.8,0.14545455,0.109441,10
553575984054951936,1,10,0,0.0,0,0,1.0,0.9,0.1,0.1,0.0,0.0,0.701976,10
553576010898497536,2,20,2,0.1,1,0,0.9,0.75,0.04608293,0.05,0.0,0.01052632,0.651232,13
553576648973377537,0,13,0,0.0,0,0,1.0,0.0,0.07692308,0.07692308,0.0,0.0,0.156564,12
553576849943826432,1,24,22,0.916667,19,19,0.916667,0.916667,0.03891058,0.04166667,0.82608696,0.07971014,0.846198,16
553578029751226369,0,20,0,0.0,0,0,1.0,0.0,0.05,0.05,0.0,0.0,0.87,18
553578191391301633,0,3,0,0.0,0,0,1.0,0.0,0.33333333,0.33333333,0.0,0.0,0.0,3
553578243173781505,2,23,6,0.26087,2,0,0.782609,0.391304,0.03484926,0.04347826,0.0,0.02371542,0.048774,19
553578250186665984,2,19,17,0.894737,16,16,0.894737,0.947368,0.04820405,0.05263158,0.88888889,0.0994152,0.045951,18
553578348111085568,2,7,5,0.714286,4,4,0.714286,0.857143,0.11260468,0.14285714,0.66666667,0.23809524,0.0,6
553578566563426305,0,1,0,0.0,0,0,1.0,0.0,1.0,1.0,1.0,1.0,0.0,1
553579224402235393,3,26,13,0.5,4,0,0.730769,0.923077,0.03023351,0.03846154,0.0,0.04,0.736893,20
553579715014172673,1,21,3,0.142857,1,0,0.857143,0.190476,0.04246286,0.04761905,0.0,0.01428571,0.083333,17
553579914717577216,1,4,3,0.75,3,3,0.75,0.75,0.20618575,0.25,1.0,0.5,0.0,4
553580499395174400,2,18,16,0.888889,16,16,0.944444,1.0,0.05305041,0.05555556,0.94117647,0.10457516,0.018519,18
553580959661309952,3,21,3,0.142857,1,0,0.857143,1.047619,0.04119895,0.04761905,0.0,0.01428571,0.843712,17
553581209193050112,2,8,7,0.875,6,6,0.75,1.0,0.10182859,0.125,0.85714286,0.25,0.428511,8
553581227165642752,1,13,0,0.0,0,0,1.0,0.923077,0.07692308,0.07692308,0.0,0.0,0.059002,12
553581501422788608,1,11,10,0.909091,10,10,0.909091,0.909091,0.08438842,0.09090909,1.0,0.18181818,0.199214,11
553581612588605440,3,11,9,0.818182,6,6,0.727273,1.181818,0.07100845,0.09090909,0.6,0.16363636,0.102194,9
553581668142153729,0,4,0,0.0,0,0,1.0,0.0,0.25,0.25,0.0,0.0,0.261765,4
553581669710831617,0,7,0,0.0,0,0,1.0,0.0,0.14285714,0.14285714,0.0,0.0,0.086957,7
553581897792913408,1,20,18,0.9,17,17,0.9,0.9,0.04608293,0.05,0.89473684,0.09473684,0.034738,18
553581958455123968,1,4,3,0.75,3,3,0.75,0.75,0.20618575,0.25,1.0,0.5,0.270779,4
553582011324329984,1,6,5,0.833333,5,5,0.833333,0.833333,0.14598557,0.16666667,1.0,0.33333333,0.116601,6
553582039106990080,1,24,19,0.791667,19,19,0.958333,0.791667,0.04024139,0.04166667,0.82608696,0.06884058,0.090304,22
553582049282768897,0,3,0,0.0,0,0,1.0,0.0,0.33333333,0.33333333,0.0,0.0,0.479798,3
553582057537146880,1,4,3,0.75,3,3,0.75,0.75,0.20618575,0.25,1.0,0.5,0.288636,4
553582206019723264,1,5,4,0.8,4,4,0.8,0.8,0.17094005,0.2,1.0,0.4,0.363399,5
553582251616010240,3,18,14,0.777778,10,10,0.777778,0.944444,0.04387739,0.05555556,0.58823529,0.09150327,0.368962,14
553582301003931648,2,24,18,0.75,17,17,0.916667,0.875,0.03884626,0.04166667,0.73913043,0.06521739,0.131975,20
553582465734832128,2,7,6,0.857143,5,5,0.714286,1.0,0.11306466,0.14285714,0.83333333,0.28571429,0.0,6
553582801833185280,1,3,2,0.666667,2,2,0.666667,0.666667,0.25974051,0.33333333,1.0,0.66666667,0.202899,3
553582812964876288,2,28,21,0.75,18,18,0.857143,1.071429,0.03172547,0.03571429,0.66666667,0.05555556,0.227342,24
553583035820802048,1,6,5,0.833333,5,5,0.833333,0.833333,0.14598557,0.16666667,1.0,0.33333333,0.169892,6
553583059761897473,0,2,0,0.0,0,0,1.0,0.0,0.5,0.5,0.0,0.0,0.0,2
553583108105441281,2,25,7,0.28,3,0,0.84,0.36,0.03491522,0.04,0.0,0.02333333,0.067,16
553583376398319617,0,15,0,0.0,0,0,1.0,0.0,0.06666667,0.06666667,0.0,0.0,0.138874,13
553583670343524352,1,19,0,0.0,0,0,1.0,0.947368,0.05263158,0.05263158,0.0,0.0,0.238915,19
553583809602801665,0,8,0,0.0,0,0,1.0,0.0,0.125,0.125,0.0,0.0,0.231142,7
553583847850663936,1,4,0,0.0,0,0,1.0,0.75,0.25,0.25,0.0,0.0,0.166667,4
553583867664535552,1,2,0,0.0,0,0,1.0,0.5,0.5,0.5,0.0,0.0,0.333333,2
553584173420920833,0,20,0,0.0,0,0,1.0,0.0,0.05,0.05,0.0,0.0,0.161667,20
553584292090359808,2,21,16,0.761905,15,15,0.904762,0.809524,0.04395958,0.04761905,0.75,0.07619048,0.119048,17
553584366803488770,0,20,0,0.0,0,0,1.0,0.0,0.05,0.05,0.0,0.0,0.173501,20
553584683892871168,1,10,8,0.8,8,8,0.9,0.8,0.09216586,0.1,0.88888889,0.17777778,0.1,10
553584782987497474,1,14,1,0.071429,1,0,0.928571,0.071429,0.06734006,0.07142857,0.0,0.01098901,0.091644,10
553584868685520897,1,4,1,0.25,1,0,0.75,0.25,0.20618553,0.25,0.0,0.16666667,0.168182,4
553585447235223552,1,12,0,0.0,0,0,1.0,0.916667,0.08333333,0.08333333,0.0,0.0,0.079082,7
553585504093224962,1,20,1,0.05,1,0,0.95,0.05,0.04796164,0.05,0.0,0.00526316,0.767976,17
553585530504749057,0,7,0,0.0,0,0,1.0,0.0,0.14285714,0.14285714,0.0,0.0,0.343353,7
553585596959318016,1,5,4,0.8,4,4,0.8,0.8,0.17094005,0.2,1.0,0.4,0.42,5
553585838056280064,3,7,5,0.714286,4,4,0.714286,1.285714,0.11260468,0.14285714,0.66666667,0.23809524,0.273389,6
553585840270876672,2,22,21,0.954545,19,19,0.863636,1.045455,0.04060739,0.04545455,0.9047619,0.09090909,0.115793,20
553585862987235328,1,10,9,0.9,9,9,0.9,0.9,0.09216586,0.1,1.0,0.2,0.135,10
553586246883475456,3,9,7,0.777778,6,6,0.777778,1.222222,0.09345779,0.11111111,0.75,0.19444444,0.103704,9
553586275438301184,4,42,13,0.309524,2,1,0.738095,0.547619,0.01888628,0.02380952,0.02439024,0.01509872,0.0,6
553586305272389632,6,44,25,0.568182,5,5,0.522727,1.75,0.01350418,0.02272727,0.11627907,0.02642706,0.027273,10
553586393189212161,0,6,0,0.0,0,0,1.0,0.0,0.16666667,0.16666667,0.0,0.0,0.186628,6
553586421626568704,3,36,25,0.694444,15,15,0.777778,0.972222,0.02226506,0.02777778,0.42857143,0.03968254,0.052981,16
553586510260629505,2,37,6,0.162162,3,0,0.891892,0.405405,0.02475246,0.02702703,0.0,0.00900901,0.08294,12
553586523338440704,2,14,13,0.928571,12,12,0.857143,1.0,0.0634511,0.07142857,0.92307692,0.14285714,0.080586,14
553586538928676864,1,7,6,0.857143,6,6,0.857143,0.857143,0.12738858,0.14285714,1.0,0.28571429,0.205111,7
553586781355278336,1,12,0,0.0,0,0,1.0,0.833333,0.08333333,0.08333333,0.0,0.0,0.97619,11
553586798451257344,1,4,0,0.0,0,0,1.0,0.75,0.25,0.25,0.0,0.0,0.20625,4
553586860334010368,1,20,19,0.95,19,19,0.95,0.95,0.04796147,0.05,1.0,0.1,0.84881,20
553586897168392192,2,13,12,0.923077,10,10,0.769231,1.076923,0.06371645,0.07692308,0.83333333,0.15384615,0.982906,13
553586940856242178,1,19,2,0.105263,1,0,0.894737,0.105263,0.04830915,0.05263158,0.0,0.01169591,0.287512,18
553586959596396544,1,2,0,0.0,0,0,1.0,0.5,0.5,0.5,0.0,0.0,0.0,2
553586978017775616,1,2,1,0.5,1,1,0.5,0.5,0.35087736,0.5,1.0,1.0,0.612069,2
553587013409325058,4,35,7,0.2,2,0,0.857143,0.371429,0.02367503,0.02857143,0.0,0.01176471,0.886576,31
553587167394791424,3,25,19,0.76,16,16,0.84,0.88,0.03423942,0.04,0.66666667,0.06333333,0.749448,20
553587225901154304,3,24,19,0.791667,14,14,0.833333,1.083333,0.03609186,0.04166667,0.60869565,0.06884058,0.856726,19
553587278564823041,0,3,0,0.0,0,0,1.0,0.0,0.33333333,0.33333333,0.0,0.0,0.125,3
553587303172833280,2,22,20,0.909091,17,17,0.818182,1.045455,0.03917337,0.04545455,0.80952381,0.08658009,0.749557,22
553587329626292224,1,8,7,0.875,7,7,0.875,0.875,0.11299419,0.125,1.0,0.25,0.773526,8
553587352086384640,3,19,17,0.894737,15,15,0.842105,1.157895,0.04471956,0.05263158,0.83333333,0.0994152,0.101478,13
553587511839444994,0,1,0,0.0,0,0,1.0,0.0,1.0,1.0,1.0,1.0,0.608696,1
553587511864598529,0,1,0,0.0,0,0,1.0,0.0,1.0,1.0,1.0,1.0,0.777778,1
553587542067773440,2,29,18,0.62069,13,13,0.827586,0.689655,0.02943564,0.03448276,0.46428571,0.04433498,0.017241,14
553587546614427649,1,20,2,0.1,2,0,0.95,0.1,0.04796164,0.05,0.0,0.01052632,0.0,19
553587672137334785,3,28,4,0.142857,1,0,0.857143,0.285714,0.02988719,0.03571429,0.0,0.01058201,0.939599,21
553587708367765504,1,7,6,0.857143,6,6,0.857143,0.857143,0.12738858,0.14285714,1.0,0.28571429,0.365034,7
553587735613952001,1,8,2,0.25,1,0,0.75,0.25,0.10309287,0.125,0.0,0.07142857,0.444345,6
553587816048099328,1,7,6,0.857143,6,6,0.857143,0.857143,0.12738858,0.14285714,1.0,0.28571429,0.052721,7
553587861837328385,0,5,0,0.0,0,0,1.0,0.0,0.2,0.2,0.0,0.0,0.9,5
553587920398221313,0,9,0,0.0,0,0,1.0,0.0,0.11111111,0.11111111,0.0,0.0,0.186973,9
553588012752568321,1,16,1,0.0625,1,0,0.9375,0.0625,0.05934721,0.0625,0.0,0.00833333,0.8057,16
553588053348843520,2,15,11,0.733333,7,7,0.733333,0.866667,0.05404454,0.06666667,0.5,0.1047619,0.849206,12
553588080964558849,0,6,0,0.0,0,0,1.0,0.0,0.16666667,0.16666667,0.0,0.0,0.720833,5
553588106587545600,1,3,2,0.666667,2,2,0.666667,0.666667,0.25974051,0.33333333,1.0,0.66666667,0.869565,2
553588178687655936,1,13,0,0.0,0,0,1.0,0.923077,0.07692308,0.07692308,0.0,0.0,0.864103,13
553588326578417664,2,18,14,0.777778,12,12,0.833333,0.888889,0.04837833,0.05555556,0.70588235,0.09150327,0.038598,14
553588340432572416,0,1,0,0.0,0,0,1.0,0.0,1.0,1.0,1.0,1.0,0.666667,1
553588374280601600,1,22,19,0.863636,19,19,0.954545,0.863636,0.04376358,0.04545455,0.9047619,0.08225108,0.804199,21
553588494661337089,4,44,12,0.272727,2,0,0.75,0.545455,0.01712387,0.02272727,0.0,0.01268499,0.95,16
553588704913416192,1,3,2,0.666667,2,2,0.666667,0.666667,0.25974051,0.33333333,1.0,0.66666667,0.111111,3
553588760060125185,0,3,0,0.0,0,0,1.0,0.0,0.33333333,0.33333333,0.0,0.0,0.790476,3
553588889084891136,2,21,2,0.095238,2,0,0.952381,1.047619,0.0457666,0.04761905,0.0,0.00952381,0.047619,21
553588913747808256,1,11,10,0.909091,10,10,0.909091,0.909091,0.08438842,0.09090909,1.0,0.18181818,0.764069,11
553588946039746560,3,18,15,0.833333,11,11,0.833333,1.055556,0.04850665,0.05555556,0.64705882,0.09803922,0.760027,14
553588993993232384,1,21,19,0.904762,19,19,0.952381,0.904762,0.04576647,0.04761905,0.95,0.09047619,0.810921,21
553589051044151296,1,9,8,0.888889,8,8,0.888889,0.888889,0.10152277,0.11111111,1.0,0.22222222,0.886296,9
553589055116836864,1,16,15,0.9375,15,15,0.9375,0.9375,0.05934721,0.0625,1.0,0.125,0.747182,15
553589121776898048,2,27,22,0.814815,19,19,0.851852,0.888889,0.03281261,0.03703704,0.73076923,0.06267806,0.86999,24
553589285342175232,1,10,9,0.9,9,9,0.9,0.9,0.09216586,0.1,1.0,0.2,0.868842,10
553589295525941248,1,2,1,0.5,1,1,0.5,0.5,0.35087736,0.5,1.0,1.0,0.416484,2
553589330846183425,0,9,0,0.0,0,0,1.0,0.0,0.11111111,0.11111111,0.0,0.0,0.296024,9
553589345186111488,0,1,0,0.0,0,0,1.0,0.0,1.0,1.0,1.0,1.0,0.625,1
553589372084162560,2,6,5,0.833333,3,3,0.666667,1.166667,0.12593147,0.16666667,0.6,0.33333333,0.823671,5
553589419933196288,1,4,3,0.75,3,3,0.75,0.75,0.20618575,0.25,1.0,0.5,0.208333,4
553589469849583616,1,11,10,0.909091,10,10,0.909091,0.909091,0.08438842,0.09090909,1.0,0.18181818,0.07803,11
553589606307090432,1,20,19,0.95,19,19,0.95,0.95,0.04796147,0.05,1.0,0.1,0.820408,20
553589610014867456,2,23,16,0.695652,14,14,0.869565,0.956522,0.03806265,0.04347826,0.63636364,0.06324111,0.103979,19
553589657695715328,4,11,9,0.818182,7,7,0.727273,1.454545,0.07324271,0.09090909,0.7,0.16363636,0.205234,9
553589720480235522,0,1,0,0.0,0,0,1.0,0.0,1.0,1.0,1.0,1.0,1.0,1
553589860880375808,2,8,7,0.875,6,6,0.75,1.0,0.10182859,0.125,0.85714286,0.25,0.076087,8
553589860892942337,0,8,0,0.0,0,0,1.0,0.0,0.125,0.125,0.0,0.0,0.097222,8
553589869810028544,1,12,0,0.0,0,0,1.0,0.916667,0.08333333,0.08333333,0.0,0.0,0.138676,12
553589880245481472,1,3,2,0.666667,2,2,0.666667,0.666667,0.25974051,0.33333333,1.0,0.66666667,0.133333,3
553589914684895232,1,7,6,0.857143,6,6,0.857143,0.857143,0.12738858,0.14285714,1.0,0.28571429,0.256236,7
553589970775343104,1,22,18,0.818182,18,18,0.954545,0.818182,0.04376358,0.04545455,0.85714286,0.07792208,0.058358,18
553590072373968897,1,24,2,0.083333,1,0,0.916667,0.083333,0.0389105,0.04166667,0.0,0.00724638,0.097115,21
553590273952215040,3,20,15,0.75,9,9,0.65,1.1,0.0360071,0.05,0.47368421,0.07894737,0.056667,12
553590427216248832,3,24,23,0.958333,17,17,0.791667,1.25,0.03477438,0.04166667,0.73913043,0.08333333,0.169444,22
553590459688570880,1,20,19,0.95,19,19,0.95,0.95,0.04796147,0.05,1.0,0.1,0.852853,20
553590463354380288,1,15,14,0.933333,14,14,0.933333,0.933333,0.06309152,0.06666667,1.0,0.13333333,0.150476,15
553590522800275456,1,7,6,0.857143,6,6,0.857143,0.857143,0.12738858,0.14285714,1.0,0.28571429,0.754013,7
553590529548886016,1,12,10,0.833333,10,10,0.916667,0.833333,0.07782115,0.08333333,0.90909091,0.15151515,0.833965,10
553590653784195072,4,22,17,0.772727,14,14,0.818182,1.045455,0.03624265,0.04545455,0.66666667,0.07359307,0.751806,18
553590721207615488,2,24,19,0.791667,18,18,0.916667,0.875,0.03884983,0.04166667,0.7826087,0.06884058,0.808231,23
553590746637668352,0,1,0,0.0,0,0,1.0,0.0,1.0,1.0,1.0,1.0,0.0,1
553590750701551616,1,12,10,0.833333,10,10,0.916667,0.833333,0.07782115,0.08333333,0.90909091,0.15151515,0.020833,10
553590751888961536,2,19,2,0.105263,1,0,0.894737,1.0,0.04830915,0.05263158,0.0,0.01169591,0.103104,19
553590811355795456,2,6,4,0.666667,2,2,0.5,0.833333,0.10784578,0.16666667,0.4,0.26666667,0.0,3
553590835850514433,4,21,4,0.190476,1,0,0.809524,0.47619,0.03531377,0.04761905,0.0,0.01904762,0.845782,18
553590880352088064,3,22,18,0.818182,16,16,0.863636,0.954545,0.03943836,0.04545455,0.76190476,0.07792208,0.072727,19
553590881371320323,2,23,5,0.217391,3,0,0.869565,0.304348,0.03913895,0.04347826,0.0,0.01976285,0.030435,20
553590891852886019,0,4,0,0.0,0,0,1.0,0.0,0.25,0.25,0.0,0.0,0.415385,4
553590946970206208,0,1,0,0.0,0,0,1.0,0.0,1.0,1.0,1.0,1.0,0.44898,1
553590961486696448,3,39,26,0.666667,17,17,0.769231,0.948718,0.02016326,0.02564103,0.44736842,0.03508772,0.095565,23
553591049541914624,4,31,26,0.83871,14,14,0.677419,1.322581,0.02278962,0.03225806,0.46666667,0.05591398,0.030612,25
553591055833382913,1,18,1,0.055556,1,0,0.944444,0.055556,0.05305041,0.05555556,0.0,0.00653595,0.119281,17
553591084409184256,1,5,4,0.8,4,4,0.8,0.8,0.17094005,0.2,1.0,0.4,0.0,5
553591093498224640,5,22,20,0.909091,17,17,0.818182,1.409091,0.03641788,0.04545455,0.80952381,0.08658009,0.022469,18
553591259672379392,2,21,20,0.952381,19,19,0.904762,1.0,0.04397921,0.04761905,0.95,0.0952381,0.980576,21
553591303582523392,1,11,10,0.909091,10,10,0.909091,0.909091,0.08438842,0.09090909,1.0,0.18181818,0.07197,11
553591315515310081,2,21,2,0.095238,1,0,0.904762,0.285714,0.04405285,0.04761905,0.0,0.00952381,0.07544,17
553591317478264832,1,10,9,0.9,9,9,0.9,0.9,0.09216586,0.1,1.0,0.2,0.114706,10
553591411602640896,4,21,16,0.761905,10,10,0.761905,1.761905,0.03797421,0.04761905,0.5,0.07619048,0.080952,15
553591475830009857,0,9,0,0.0,0,0,1.0,0.0,0.11111111,0.11111111,0.0,0.0,0.083333,9
553591494255210497,1,21,4,0.190476,3,0,0.904762,0.190476,0.04405285,0.04761905,0.0,0.01904762,0.093651,19
553591518619893760,7,29,24,0.827586,8,8,0.551724,2.103448,0.02048563,0.03448276,0.28571429,0.0591133,0.070881,16
553591526937600001,0,20,0,0.0,0,0,1.0,0.0,0.05,0.05,0.0,0.0,0.082857,19
553591548613386241,0,15,0,0.0,0,0,1.0,0.0,0.06666667,0.06666667,0.0,0.0,0.033333,14
553591653647138816,2,13,11,0.846154,10,10,0.846154,0.923077,0.0676945,0.07692308,0.83333333,0.14102564,0.01511,12
553591679341842432,1,15,14,0.933333,14,14,0.933333,0.933333,0.06309152,0.06666667,1.0,0.13333333,0.118071,12
553591736598269952,3,26,5,0.192308,2,0,0.846154,0.846154,0.03360075,0.03846154,0.0,0.01538462,0.123397,16
553591758899412993,1,20,0,0.0,0,0,1.0,0.05,0.05,0.05,0.0,0.0,0.238577,18
553591760668991488,1,8,6,0.75,6,6,0.875,0.75,0.11299419,0.125,0.85714286,0.21428571,0.066011,8
553591841996951553,0,6,0,0.0,0,0,1.0,0.0,0.16666667,0.16666667,0.0,0.0,0.089286,6
553591980748734464,5,22,20,0.909091,13,13,0.772727,1.545455,0.03551799,0.04545455,0.61904762,0.08658009,0.034585,19
553592023392202752,1,10,0,0.0,0,0,1.0,0.8,0.1,0.1,0.0,0.0,0.083333,9
553592040374947840,2,27,13,0.481481,9,9,0.814815,0.62963,0.03112062,0.03703704,0.34615385,0.03703704,0.041473,13
553592081483321346,1,13,2,0.153846,1,0,0.846154,0.153846,0.06802726,0.07692308,0.0,0.02564103,0.012268,11
553592108699758592,2,20,19,0.95,18,18,0.9,1.0,0.04599789,0.05,0.94736842,0.1,0.08141,20
553592195786506240,2,8,6,0.75,5,5,0.75,0.875,0.10157943,0.125,0.71428571,0.21428571,0.260611,7
580317556516483072,1,8,6,0.75,6,6,0.875,0.75,0.11299419,0.125,0.85714286,0.21428571,0.873106,8
580317998147325952,1,3,2,0.666667,2,2,0.666667,0.666667,0.25974051,0.33333333,1.0,0.66666667,0.833333,3
580318020192571392,1,2,1,0.5,1,1,0.5,0.5,0.35087736,0.5,1.0,1.0,0.402778,2
580318210609696769,0,2,0,0.0,0,0,1.0,0.0,0.5,0.5,0.0,0.0,1.0,2
580318669483413504,1,5,4,0.8,4,4,0.8,0.8,0.17094005,0.2,1.0,0.4,0.911111,5
580318717860532224,1,2,1,0.5,1,1,0.5,0.5,0.35087736,0.5,1.0,1.0,0.777778,2
580318938996740096,1,5,4,0.8,4,4,0.8,0.8,0.17094005,0.2,1.0,0.4,0.811111,5
580319005703069696,1,3,2,0.666667,2,2,0.666667,0.666667,0.25974051,0.33333333,1.0,0.66666667,0.757407,3
580319078155468800,5,33,29,0.878788,19,19,0.69697,1.484848,0.02128396,0.03030303,0.59375,0.05492424,0.949467,24
580319116302647297,1,21,2,0.095238,1,0,0.904762,0.095238,0.04405285,0.04761905,0.0,0.00952381,0.943723,18
580319184652890113,2,10,6,0.6,5,0,0.8,0.7,0.08442737,0.1,0.0,0.13333333,0.747843,9
580319206400475136,1,5,4,0.8,4,4,0.8,0.8,0.17094005,0.2,1.0,0.4,0.933333,5
580319458004193280,1,2,1,0.5,1,1,0.5,0.5,0.35087736,0.5,1.0,1.0,0.873016,2
580319651399385088,7,31,24,0.774194,8,8,0.548387,1.870968,0.0188011,0.03225806,0.26666667,0.0516129,0.955433,16
580319856496644096,1,4,3,0.75,3,3,0.75,0.75,0.20618575,0.25,1.0,0.5,0.783333,4
580319968484421633,0,3,0,0.0,0,0,1.0,0.0,0.33333333,0.33333333,0.0,0.0,0.833333,3
580319983676313601,2,4,2,0.5,1,0,0.5,0.75,0.15570286,0.25,0.0,0.33333333,0.0,3
580319999887347712,6,33,28,0.848485,13,13,0.606061,1.606061,0.01986451,0.03030303,0.40625,0.0530303,0.94677,18
580320161082830848,1,5,4,0.8,4,4,0.8,0.8,0.17094005,0.2,1.0,0.4,0.765079,4
580320242020290560,1,3,2,0.666667,2,2,0.666667,0.666667,0.25974051,0.33333333,1.0,0.66666667,1.0,3
580320267777511425,4,24,7,0.291667,2,0,0.75,0.541667,0.03028696,0.04166667,0.0,0.02536232,0.945906,18
580320329203093504,1,4,3,0.75,3,3,0.75,0.75,0.20618575,0.25,1.0,0.5,0.678571,4
580320563891019776,3,9,7,0.777778,5,5,0.666667,1.111111,0.07974593,0.11111111,0.625,0.19444444,1.0,7
580320612155060224,7,77,52,0.675325,13,13,0.675325,1.415584,0.00918925,0.01298701,0.17105263,0.0177717,0.927695,33
580320645906632704,3,23,22,0.956522,16,16,0.73913,1.304348,0.03448709,0.04347826,0.72727273,0.08695652,0.929776,21
580320684305416192,1,5,4,0.8,4,4,0.8,0.8,0.17094005,0.2,1.0,0.4,0.908333,5
580320745974288384,7,35,33,0.942857,18,18,0.8,1.971429,0.0225871,0.02857143,0.52941176,0.05546218,0.877458,28
580320825351471104,1,11,9,0.818182,9,9,0.909091,0.818182,0.08438817,0.09090909,0.9,0.16363636,1.0,11
580320856561209344,1,2,1,0.5,1,1,0.5,0.5,0.35087736,0.5,1.0,1.0,0.777778,2
580320856905269248,1,3,2,0.666667,2,2,0.666667,0.666667,0.25974051,0.33333333,1.0,0.66666667,0.632576,3
580320890086383616,6,30,23,0.766667,2,1,0.333333,2.266667,0.01509291,0.03333333,0.03448276,0.05287356,0.946667,4
580320893668364288,2,6,5,0.833333,4,4,0.666667,1.0,0.12689364,0.16666667,0.8,0.33333333,1.0,4
580320945740480512,1,9,8,0.888889,8,8,0.888889,0.888889,0.10152277,0.11111111,1.0,0.22222222,0.952991,9
580320964875014145,0,15,0,0.0,0,0,1.0,0.0,0.06666667,0.06666667,0.0,0.0,0.95037,14
580320995266936832,0,1,0,0.0,0,0,1.0,0.0,1.0,1.0,1.0,1.0,0.904762,1
580321156508577792,1,3,2,0.666667,2,2,0.666667,0.666667,0.25974051,0.33333333,1.0,0.66666667,0.722222,3
580321169271877632,1,2,1,0.5,1,1,0.5,0.5,0.35087736,0.5,1.0,1.0,1.0,2
580321203757387776,1,2,1,0.5,1,1,0.5,0.5,0.35087736,0.5,1.0,1.0,0.25,2
580321317527879680,0,1,0,0.0,0,0,1.0,0.0,1.0,1.0,1.0,1.0,1.0,1
580321327845765120,1,2,1,0.5,1,1,0.5,0.5,0.35087736,0.5,1.0,1.0,1.0,2
580321350750990336,1,2,1,0.5,1,1,0.5,0.5,0.35087736,0.5,1.0,1.0,0.75,2
580321372703985664,1,5,4,0.8,4,4,0.8,0.8,0.17094005,0.2,1.0,0.4,0.6125,5
580321844089212928,2,19,17,0.894737,15,15,0.894737,1.0,0.04819704,0.05263158,0.83333333,0.0994152,0.885029,19
580321925265788928,0,1,0,0.0,0,0,1.0,0.0,1.0,1.0,1.0,1.0,0.8,1
580321948070240256,6,34,26,0.764706,10,10,0.588235,1.558824,0.01847288,0.02941176,0.3030303,0.04634581,0.958333,18
580322005280493568,0,1,0,0.0,0,0,1.0,0.0,1.0,1.0,1.0,1.0,0.5,1
580322026029654018,0,2,0,0.0,0,0,1.0,0.0,0.5,0.5,0.0,0.0,0.125,2
580322066374721537,0,8,0,0.0,0,0,1.0,0.0,0.125,0.125,0.0,0.0,0.763056,6
580322102307373056,1,4,3,0.75,3,3,0.75,0.75,0.20618575,0.25,1.0,0.5,0.25,4
580322332348190720,3,16,11,0.6875,4,3,0.625,1.125,0.04485282,0.0625,0.2,0.09166667,0.09375,8
580322346508124160,1,14,13,0.928571,13,13,0.928571,0.928571,0.06734012,0.07142857,1.0,0.14285714,0.85467,14
580322349569994752,1,2,1,0.5,1,1,0.5,0.5,0.35087736,0.5,1.0,1.0,0.75,2
580322453928431617,0,3,0,0.0,0,0,1.0,0.0,0.33333333,0.33333333,0.0,0.0,0.820513,3
580322653472493569,0,2,0,0.0,0,0,1.0,0.0,0.5,0.5,0.0,0.0,0.352941,2
580322782392762368,0,1,0,0.0,0,0,1.0,0.0,1.0,1.0,1.0,1.0,1.0,1
580322927679279105,2,21,5,0.238095,3,0,0.857143,0.285714,0.042033,0.04761905,0.0,0.02380952,0.928571,18
580323060533764097,1,3,1,0.333333,1,0,0.666667,0.333333,0.25974019,0.33333333,0.0,0.33333333,0.75,3
580323152103911424,1,4,3,0.75,3,3,0.75,0.75,0.20618575,0.25,1.0,0.5,0.291667,4
580323165068509184,2,10,8,0.8,5,5,0.6,1.0,0.07305145,0.1,0.55555556,0.17777778,0.9625,6
580323315614543873,0,1,0,0.0,0,0,1.0,0.0,1.0,1.0,1.0,1.0,1.0,1
580323456996282369,0,2,0,0.0,0,0,1.0,0.0,0.5,0.5,0.0,0.0,1.0,2
580323498905702400,3,24,22,0.916667,16,16,0.791667,1.25,0.03358119,0.04166667,0.69565217,0.07971014,0.106653,18
580323815261016064,1,4,3,0.75,3,3,0.75,0.75,0.20618575,0.25,1.0,0.5,0.50496,4
580323877429112832,2,4,3,0.75,2,2,0.5,1.0,0.16498256,0.25,0.66666667,0.5,0.083333,3
580323946899214336,0,1,0,0.0,0,0,1.0,0.0,1.0,1.0,1.0,1.0,0.5,1
580323992843718656,1,6,5,0.833333,5,5,0.833333,0.833333,0.14598557,0.16666667,1.0,0.33333333,0.205808,6
580324027715063808,1,4,3,0.75,3,3,0.75,0.75,0.20618575,0.25,1.0,0.5,0.875,4
580324338865430528,2,18,17,0.944444,16,16,0.888889,1.0,0.05064538,0.05555556,0.94117647,0.11111111,0.079992,18
580324697415360512,1,2,1,0.5,1,1,0.5,0.5,0.35087736,0.5,1.0,1.0,0.681818,2
580324721381740544,2,4,3,0.75,2,1,0.5,1.25,0.15570286,0.25,0.33333333,0.5,0.791667,4
580324804403818496,3,18,12,0.666667,6,6,0.611111,0.944444,0.0388529,0.05555556,0.35294118,0.07843137,0.073148,8
580324933525467136,1,2,1,0.5,1,1,0.5,0.5,0.35087736,0.5,1.0,1.0,0.607778,2
580324985148932097,0,1,0,0.0,0,0,1.0,0.0,1.0,1.0,1.0,1.0,0.705882,1
580325043705667586,0,5,0,0.0,0,0,1.0,0.0,0.2,0.2,0.0,0.0,0.767778,5
580325090367315968,8,53,44,0.830189,6,6,0.566038,2.132075,0.01202561,0.01886792,0.11538462,0.03193033,0.860565,10
580325235653799936,1,7,6,0.857143,6,6,0.857143,0.857143,0.12738858,0.14285714,1.0,0.28571429,0.737631,7
580325243631321088,1,4,3,0.75,3,3,0.75,0.75,0.20618575,0.25,1.0,0.5,0.067308,4
580325458870460416,1,9,8,0.888889,8,8,0.888889,0.888889,0.10152277,0.11111111,1.0,0.22222222,0.767778,9
580325486477357056,2,18,17,0.944444,16,16,0.888889,1.0,0.05064538,0.05555556,0.94117647,0.11111111,0.052721,17
580325714567806976,1,4,3,0.75,3,3,0.75,0.75,0.20618575,0.25,1.0,0.5,0.83,4
580325799078793216,8,38,33,0.868421,10,10,0.552632,2.315789,0.01490164,0.02631579,0.27027027,0.04694168,0.93952,20
580326012749221890,0,13,0,0.0,0,0,1.0,0.0,0.07692308,0.07692308,0.0,0.0,0.929694,13
580326045238333441,0,3,0,0.0,0,0,1.0,0.0,0.33333333,0.33333333,0.0,0.0,0.955556,3
580326073776357376,2,6,4,0.666667,3,3,0.666667,0.833333,0.12593147,0.16666667,0.6,0.26666667,0.888889,3
580326111311171584,2,9,8,0.888889,7,7,0.777778,1.0,0.09256502,0.11111111,0.875,0.22222222,0.824249,9
580326222107951104,1,12,11,0.916667,11,11,0.916667,0.916667,0.07782115,0.08333333,1.0,0.16666667,0.902778,12
580326370640818176,7,35,33,0.942857,11,11,0.6,3.0,0.01773165,0.02857143,0.32352941,0.05546218,0.062534,16
580326398620934144,5,23,18,0.782609,9,9,0.565217,1.347826,0.02735488,0.04347826,0.40909091,0.07114625,0.94617,12
580326473803767808,1,2,1,0.5,1,1,0.5,0.5,0.35087736,0.5,1.0,1.0,1.0,2
580326744357515264,5,29,20,0.689655,5,5,0.551724,1.482759,0.02121755,0.03448276,0.17857143,0.04926108,0.0,13
580326762673901568,0,1,0,0.0,0,0,1.0,0.0,1.0,1.0,1.0,1.0,1.0,1
580326807704088576,1,22,17,0.772727,17,17,0.954545,0.772727,0.04376368,0.04545455,0.80952381,0.07359307,0.924577,17
580326871302316033,0,3,0,0.0,0,0,1.0,0.0,0.33333333,0.33333333,0.0,0.0,0.901961,3
580326978546495488,3,21,19,0.904762,16,16,0.857143,1.142857,0.04105761,0.04761905,0.8,0.09047619,0.054358,18
580327058158551041,2,13,3,0.230769,1,0,0.769231,0.307692,0.06145338,0.07692308,0.0,0.03846154,0.147552,11
580327197921120256,1,3,2,0.666667,2,2,0.666667,0.666667,0.25974051,0.33333333,1.0,0.66666667,0.851852,3
580327336505176064,1,16,15,0.9375,15,15,0.9375,0.9375,0.05934721,0.0625,1.0,0.125,0.849469,16
580327418084364288,0,2,0,0.0,0,0,1.0,0.0,0.5,0.5,0.0,0.0,0.0,2
580327576218046464,3,16,13,0.8125,5,5,0.5625,1.1875,0.04231919,0.0625,0.33333333,0.10833333,0.0,9
580327611760545792,2,13,11,0.846154,9,9,0.846154,1.0,0.06765775,0.07692308,0.75,0.14102564,0.063445,9
580327625626927104,1,9,8,0.888889,8,8,0.888889,0.888889,0.10152277,0.11111111,1.0,0.22222222,0.027778,9
580327626419482624,0,1,0,0.0,0,0,1.0,0.0,1.0,1.0,1.0,1.0,0.484848,1
580327692765151232,1,4,3,0.75,3,3,0.75,0.75,0.20618575,0.25,1.0,0.5,0.809524,4
580327924978569216,0,1,0,0.0,0,0,1.0,0.0,1.0,1.0,1.0,1.0,0.3,1
580327960638521344,1,4,3,0.75,3,3,0.75,0.75,0.20618575,0.25,1.0,0.5,0.233974,3
580328000400564225,0,7,0,0.0,0,0,1.0,0.0,0.14285714,0.14285714,0.0,0.0,0.29932,7
580328029852856320,2,9,8,0.888889,6,6,0.666667,1.111111,0.08481175,0.11111111,0.75,0.22222222,0.083333,8
580328132932022272,3,5,4,0.8,2,2,0.4,1.4,0.11184682,0.2,0.5,0.4,0.145455,3
580328198564651008,0,1,0,0.0,0,0,1.0,0.0,1.0,1.0,1.0,1.0,0.0,1
580328297462140928,1,3,2,0.666667,2,2,0.666667,0.666667,0.25974051,0.33333333,1.0,0.66666667,0.238095,3
580328302939889664,1,3,2,0.666667,2,2,0.666667,0.666667,0.25974051,0.33333333,1.0,0.66666667,0.0,3
580328463585841153,0,4,0,0.0,0,0,1.0,0.0,0.25,0.25,0.0,0.0,0.083333,4
580328535790907392,0,1,0,0.0,0,0,1.0,0.0,1.0,1.0,1.0,1.0,0.0,1
580328565255852032,0,1,0,0.0,0,0,1.0,0.0,1.0,1.0,1.0,1.0,0.3,1
580328582993616896,0,1,0,0.0,0,0,1.0,0.0,1.0,1.0,1.0,1.0,0.269231,1
580328617713897472,0,1,0,0.0,0,0,1.0,0.0,1.0,1.0,1.0,1.0,0.5,1
580328708675887104,1,3,2,0.666667,2,2,0.666667,0.666667,0.25974051,0.33333333,1.0,0.66666667,0.405185,3
580328783619579904,0,1,0,0.0,0,0,1.0,0.0,1.0,1.0,1.0,1.0,1.0,1
580328848774045696,1,2,1,0.5,1,1,0.5,0.5,0.35087736,0.5,1.0,1.0,0.185185,2
580329096024047616,1,14,13,0.928571,13,13,0.928571,0.928571,0.06734012,0.07142857,1.0,0.14285714,0.0,13
580329111064686592,1,10,9,0.9,9,9,0.9,0.9,0.09216586,0.1,1.0,0.2,0.048864,10
580329153553141760,2,4,3,0.75,2,2,0.5,1.0,0.16498256,0.25,0.66666667,0.5,0.632973,4
580329206158127104,1,5,4,0.8,4,4,0.8,0.8,0.17094005,0.2,1.0,0.4,0.153846,5
580329219646988289,0,5,0,0.0,0,0,1.0,0.0,0.2,0.2,0.0,0.0,0.105618,5
580329265251536896,0,1,0,0.0,0,0,1.0,0.0,1.0,1.0,1.0,1.0,0.5,1
580329455173967872,1,3,2,0.666667,2,2,0.666667,0.666667,0.25974051,0.33333333,1.0,0.66666667,0.391304,2
580329560350183424,0,1,0,0.0,0,0,1.0,0.0,1.0,1.0,1.0,1.0,0.5,1
580329747416113152,1,2,1,0.5,1,1,0.5,0.5,0.35087736,0.5,1.0,1.0,0.388889,2
580329796527366144,0,1,0,0.0,0,0,1.0,0.0,1.0,1.0,1.0,1.0,0.0,1
580329875891974145,0,2,0,0.0,0,0,1.0,0.0,0.5,0.5,0.0,0.0,0.625,2
580329886532968448,1,2,1,0.5,1,1,0.5,0.5,0.35087736,0.5,1.0,1.0,0.625,2
580329935601958912,0,1,0,0.0,0,0,1.0,0.0,1.0,1.0,1.0,1.0,0.0,1
580329937573302272,1,3,2,0.666667,2,2,0.666667,0.666667,0.25974051,0.33333333,1.0,0.66666667,0.161616,2
580330064384028673,0,5,0,0.0,0,0,1.0,0.0,0.2,0.2,0.0,0.0,0.0,5
580330078682353665,0,3,0,0.0,0,0,1.0,0.0,0.33333333,0.33333333,0.0,0.0,0.111111,3
580330104846475264,1,7,6,0.857143,6,6,0.857143,0.857143,0.12738858,0.14285714,1.0,0.28571429,0.297619,7
580330161725255681,0,1,0,0.0,0,0,1.0,0.0,1.0,1.0,1.0,1.0,0.5,1
580330302251393024,1,2,1,0.5,1,1,0.5,0.5,0.35087736,0.5,1.0,1.0,0.634615,2
580330362070540288,1,2,1,0.5,1,1,0.5,0.5,0.35087736,0.5,1.0,1.0,0.277778,2
580330369603366913,0,2,0,0.0,0,0,1.0,0.0,0.5,0.5,0.0,0.0,0.666667,2
580330441854435328,1,11,10,0.909091,10,10,0.909091,0.909091,0.08438842,0.09090909,1.0,0.18181818,0.029221,11
580330454869512192,1,3,2,0.666667,2,2,0.666667,0.666667,0.25974051,0.33333333,1.0,0.66666667,0.251852,3
580330560331091968,1,6,5,0.833333,5,5,0.833333,0.833333,0.14598557,0.16666667,1.0,0.33333333,0.314815,5
580330591826128896,1,19,18,0.947368,18,18,0.947368,0.947368,0.05037763,0.05263158,1.0,0.10526316,0.089547,18
580330660537192448,1,4,2,0.5,2,2,0.75,0.5,0.20618553,0.25,0.66666667,0.33333333,0.301471,4
580330690807394304,0,1,0,0.0,0,0,1.0,0.0,1.0,1.0,1.0,1.0,0.363636,1
580330721719508992,2,4,3,0.75,2,2,0.5,1.0,0.16498256,0.25,0.66666667,0.5,1.0,3
580330740086243328,1,6,5,0.833333,5,5,0.833333,0.833333,0.14598557,0.16666667,1.0,0.33333333,0.855413,5
580330986220687360,1,2,1,0.5,1,1,0.5,0.5,0.35087736,0.5,1.0,1.0,0.356838,2
580331000573476865,0,3,0,0.0,0,0,1.0,0.0,0.33333333,0.33333333,0.0,0.0,0.851852,3
580331071457333248,1,7,6,0.857143,6,6,0.857143,0.857143,0.12738858,0.14285714,1.0,0.28571429,0.154806,6
580331121180844032,3,9,8,0.888889,6,6,0.666667,1.222222,0.08003031,0.11111111,0.75,0.22222222,0.135062,8
580331132878618624,0,1,0,0.0,0,0,1.0,0.0,1.0,1.0,1.0,1.0,0.0,1
580331192316198912,1,7,6,0.857143,6,6,0.857143,0.857143,0.12738858,0.14285714,1.0,0.28571429,0.318141,7
580331255570530304,1,2,1,0.5,1,1,0.5,0.5,0.35087736,0.5,1.0,1.0,0.0,2
580331308146118656,0,1,0,0.0,0,0,1.0,0.0,1.0,1.0,1.0,1.0,0.5,1
580331347752914944,1,2,1,0.5,1,1,0.5,0.5,0.35087736,0.5,1.0,1.0,0.0,2
580331453889708032,0,1,0,0.0,0,0,1.0,0.0,1.0,1.0,1.0,1.0,0.484848,1
580331527675998208,2,11,10,0.909091,7,7,0.727273,1.181818,0.07269315,0.09090909,0.7,0.18181818,0.171717,9
580331561398108160,3,15,12,0.8,9,9,0.733333,1.0,0.05189139,0.06666667,0.64285714,0.11428571,0.932576,11
580331677899202560,1,2,1,0.5,1,1,0.5,0.5,0.35087736,0.5,1.0,1.0,0.277778,2
580331706860871680,1,6,5,0.833333,5,5,0.833333,0.833333,0.14598557,0.16666667,1.0,0.33333333,0.055556,6
580331843616133120,1,2,1,0.5,1,1,0.5,0.5,0.35087736,0.5,1.0,1.0,0.25,2
580331913052852224,0,1,0,0.0,0,0,1.0,0.0,1.0,1.0,1.0,1.0,0.0,1
580331981130498048,0,1,0,0.0,0,0,1.0,0.0,1.0,1.0,1.0,1.0,0.5,1
580332109782466561,0,10,0,0.0,0,0,1.0,0.0,0.1,0.1,0.0,0.0,0.9375,10
580332189155459072,0,1,0,0.0,0,0,1.0,0.0,1.0,1.0,1.0,1.0,0.5,1
580332232121933824,1,3,2,0.666667,2,2,0.666667,0.666667,0.25974051,0.33333333,1.0,0.66666667,0.166667,3
580332255693942784,0,1,0,0.0,0,0,1.0,0.0,1.0,1.0,1.0,1.0,0.0,1
580332296336732160,2,7,6,0.857143,5,5,0.714286,1.0,0.11306466,0.14285714,0.83333333,0.28571429,0.0,6
580332312354693120,1,2,1,0.5,1,1,0.5,0.5,0.35087736,0.5,1.0,1.0,0.556818,2
580332380436709377,0,2,0,0.0,0,0,1.0,0.0,0.5,0.5,0.0,0.0,0.0,2
580332410853789696,1,7,6,0.857143,6,6,0.857143,0.857143,0.12738858,0.14285714,1.0,0.28571429,0.047619,7
580332451353985025,1,8,2,0.25,2,0,0.875,0.25,0.11299437,0.125,0.0,0.07142857,0.06391,8
580332485030125568,1,2,1,0.5,1,1,0.5,0.5,0.35087736,0.5,1.0,1.0,1.0,2
580332532694122497,0,3,0,0.0,0,0,1.0,0.0,0.33333333,0.33333333,0.0,0.0,0.0,3
580332684905431040,0,1,0,0.0,0,0,1.0,0.0,1.0,1.0,1.0,1.0,0.0,1
580332832544976896,1,5,3,0.6,3,3,0.8,0.6,0.17094005,0.2,0.75,0.3,0.066667,4
580332876081811456,7,30,28,0.933333,13,13,0.566667,2.166667,0.02032207,0.03333333,0.44827586,0.06436782,0.069006,22
580332903986524160,1,4,3,0.75,3,3,0.75,0.75,0.20618575,0.25,1.0,0.5,0.341667,4
580332990867349504,1,2,1,0.5,1,1,0.5,0.5,0.35087736,0.5,1.0,1.0,0.433333,2
580333028624457728,0,1,0,0.0,0,0,1.0,0.0,1.0,1.0,1.0,1.0,1.0,1
580333314415919104,2,7,5,0.714286,4,4,0.714286,0.857143,0.11260468,0.14285714,0.66666667,0.23809524,0.075441,6
580333728762896384,5,26,24,0.923077,14,14,0.653846,1.5,0.02590561,0.03846154,0.56,0.07384615,0.080708,9
580333759125458944,1,5,4,0.8,4,4,0.8,0.8,0.17094005,0.2,1.0,0.4,0.290952,5
580333763512705025,1,25,10,0.4,9,0,0.92,0.4,0.03745318,0.04,0.0,0.03333333,0.846559,23
580333827425439745,1,19,1,0.052632,1,0,0.947368,0.052632,0.05037784,0.05263158,0.0,0.00584795,0.008772,19
580333881687195648,2,11,8,0.727273,6,6,0.727273,0.818182,0.07315059,0.09090909,0.6,0.14545455,0.174907,8
580333904126742528,2,19,18,0.947368,17,17,0.894737,1.0,0.04821023,0.05263158,0.94444444,0.10526316,0.878667,19
580333906597167104,1,2,1,0.5,1,1,0.5,0.5,0.35087736,0.5,1.0,1.0,1.0,2
580333909008871424,1,5,4,0.8,4,4,0.8,0.8,0.17094005,0.2,1.0,0.4,0.911111,5
580333915275165696,0,1,0,0.0,0,0,1.0,0.0,1.0,1.0,1.0,1.0,0.628571,1
580333946271113216,1,5,4,0.8,4,4,0.8,0.8,0.17094005,0.2,1.0,0.4,0.066667,5
580334199187644416,1,5,4,0.8,4,4,0.8,0.8,0.17094005,0.2,1.0,0.4,0.132,5
580334309422161920,3,25,21,0.84,18,18,0.84,0.96,0.03283095,0.04,0.75,0.07,0.0,18
580334563932549120,1,2,1,0.5,1,1,0.5,0.5,0.35087736,0.5,1.0,1.0,0.153846,2
580334678340558849,3,26,13,0.5,2,0,0.538462,0.730769,0.02518633,0.03846154,0.0,0.04,0.974359,12
580334729678966784,3,22,21,0.954545,16,16,0.772727,1.272727,0.03689876,0.04545455,0.76190476,0.09090909,0.13522,18
580335102313500673,0,4,0,0.0,0,0,1.0,0.0,0.25,0.25,0.0,0.0,0.165,4
580335398683058176,1,7,6,0.857143,6,6,0.857143,0.857143,0.12738858,0.14285714,1.0,0.28571429,0.866667,7
580335409202348032,3,20,18,0.9,12,12,0.7,1.25,0.03829285,0.05,0.63157895,0.09473684,0.0,15
580335420703170561,1,21,3,0.142857,3,0,0.952381,0.142857,0.0457666,0.04761905,0.0,0.01428571,0.0,3
580335510280892416,0,1,0,0.0,0,0,1.0,0.0,1.0,1.0,1.0,1.0,0.269231,1
580335545265627136,1,2,1,0.5,1,1,0.5,0.5,0.35087736,0.5,1.0,1.0,0.680556,2
580335578069209091,0,7,0,0.0,0,0,1.0,0.0,0.14285714,0.14285714,0.0,0.0,0.228571,7
580335608477982720,2,5,4,0.8,3,3,0.6,1.0,0.14407486,0.2,0.75,0.4,0.161111,5
580336069192843264,3,19,15,0.789474,8,5,0.842105,1.736842,0.04521367,0.05263158,0.27777778,0.0877193,0.08583,15
580336127699087360,0,1,0,0.0,0,0,1.0,0.0,1.0,1.0,1.0,1.0,0.52809,1
580336204186521600,0,1,0,0.0,0,0,1.0,0.0,1.0,1.0,1.0,1.0,0.484848,1
580336326634962944,1,17,15,0.882353,15,15,0.941176,0.882353,0.05602243,0.05882353,0.9375,0.11029412,0.082453,17
580336341080260608,1,3,2,0.666667,2,2,0.666667,0.666667,0.25974051,0.33333333,1.0,0.66666667,0.32497,3
580336348764065793,0,2,0,0.0,0,0,1.0,0.0,0.5,0.5,0.0,0.0,0.25,2
580336394184323072,1,2,1,0.5,1,1,0.5,0.5,0.35087736,0.5,1.0,1.0,0.277778,2
580336528955691008,1,3,2,0.666667,2,2,0.666667,0.666667,0.25974051,0.33333333,1.0,0.66666667,0.12381,3
580336554406711297,0,3,0,0.0,0,0,1.0,0.0,0.33333333,0.33333333,0.0,0.0,0.111111,3
580336568419921920,1,11,3,0.272727,3,3,0.909091,0.272727,0.08438817,0.09090909,0.3,0.05454545,0.084372,6
580336661206331392,1,2,1,0.5,1,1,0.5,0.5,0.35087736,0.5,1.0,1.0,0.23913,2
580336766663540736,0,1,0,0.0,0,0,1.0,0.0,1.0,1.0,1.0,1.0,0.5,1
580336772128870400,3,12,9,0.75,6,6,0.666667,1.083333,0.06073232,0.08333333,0.54545455,0.13636364,0.0,7
580336782782382081,1,7,1,0.142857,1,0,0.857143,0.142857,0.12738858,0.14285714,0.0,0.04761905,0.069264,7
580336849534648320,1,2,1,0.5,1,1,0.5,0.5,0.35087736,0.5,1.0,1.0,0.833333,2
580337178506584064,1,3,2,0.666667,2,2,0.666667,0.666667,0.25974051,0.33333333,1.0,0.66666667,0.0,3
580337292838981633,0,4,0,0.0,0,0,1.0,0.0,0.25,0.25,0.0,0.0,0.0625,4
580337320508919808,1,3,2,0.666667,2,2,0.666667,0.666667,0.25974051,0.33333333,1.0,0.66666667,0.0,3
580337327677026304,1,6,5,0.833333,5,5,0.833333,0.833333,0.14598557,0.16666667,1.0,0.33333333,0.194444,6
580337418550775808,3,10,9,0.9,6,6,0.6,1.3,0.06912913,0.1,0.66666667,0.2,0.116,9
580337440738713600,1,8,7,0.875,7,7,0.875,0.875,0.11299419,0.125,1.0,0.25,0.15625,8
580337446170320896,1,4,3,0.75,3,3,0.75,0.75,0.20618575,0.25,1.0,0.5,0.0,4
580337583508570112,1,2,1,0.5,1,1,0.5,0.5,0.35087736,0.5,1.0,1.0,0.435185,2
580337826279124992,2,9,8,0.888889,7,7,0.777778,1.0,0.09256502,0.11111111,0.875,0.22222222,0.055556,9
580337831253581824,0,1,0,0.0,0,0,1.0,0.0,1.0,1.0,1.0,1.0,0.25,1
580337873691533313,0,4,0,0.0,0,0,1.0,0.0,0.25,0.25,0.0,0.0,0.044118,4
580338165824667649,0,2,0,0.0,0,0,1.0,0.0,0.5,0.5,0.0,0.0,0.952381,2
580338189904285697,2,6,2,0.333333,1,0,0.666667,0.5,0.11872957,0.16666667,0.0,0.13333333,0.041667,4
580338194731962368,1,5,4,0.8,4,4,0.8,0.8,0.17094005,0.2,1.0,0.4,0.035294,5
580338392782757888,1,3,2,0.666667,2,2,0.666667,0.666667,0.25974051,0.33333333,1.0,0.66666667,0.220513,3
580338546856235009,0,1,0,0.0,0,0,1.0,0.0,1.0,1.0,1.0,1.0,0.52809,1
580339310299340800,2,23,20,0.869565,18,18,0.869565,0.956522,0.03901643,0.04347826,0.81818182,0.07905138,0.07592,21
580339510883561472,3,17,15,0.882353,12,12,0.764706,1.117647,0.04696136,0.05882353,0.75,0.11029412,0.0,15
580339547269144576,1,15,14,0.933333,14,14,0.933333,0.933333,0.06309152,0.06666667,1.0,0.13333333,0.828889,13
580339662096605184,2,11,9,0.818182,7,7,0.818182,1.0,0.07810538,0.09090909,0.7,0.16363636,0.044077,10
580339793122447361,0,2,0,0.0,0,0,1.0,0.0,0.5,0.5,0.0,0.0,0.166667,2
580339825649291264,1,11,9,0.818182,9,9,0.909091,0.818182,0.08438817,0.09090909,0.9,0.16363636,0.918182,11
580340024736116736,7,36,32,0.888889,14,14,0.638889,1.972222,0.01864946,0.02777778,0.4,0.05079365,0.122415,17
580340423044018176,1,11,10,0.909091,10,10,0.909091,0.909091,0.08438842,0.09090909,1.0,0.18181818,0.145455,11
580340476949086208,2,20,19,0.95,17,17,0.85,1.05,0.04417935,0.05,0.89473684,0.1,0.8625,17
580341214098137089,0,20,0,0.0,0,0,1.0,0.0,0.05,0.05,0.0,0.0,0.0125,19
580342401392312321,0,5,0,0.0,0,0,1.0,0.0,0.2,0.2,0.0,0.0,0.238951,5
580342519516512256,4,28,23,0.821429,15,15,0.714286,1.107143,0.02626973,0.03571429,0.55555556,0.06084656,0.891474,17
580342670511472640,1,4,3,0.75,3,3,0.75,0.75,0.20618575,0.25,1.0,0.5,0.17956,4
580342917291708416,2,18,17,0.944444,15,15,0.833333,1.055556,0.04843472,0.05555556,0.88235294,0.11111111,0.10101,18
580343329096904704,1,10,9,0.9,9,9,0.9,0.9,0.09216586,0.1,1.0,0.2,0.066,10
580343473607438336,2,12,11,0.916667,10,10,0.833333,1.0,0.07260977,0.08333333,0.90909091,0.16666667,0.027778,12
580343941825953792,0,2,0,0.0,0,0,1.0,0.0,0.5,0.5,0.0,0.0,0.125,2
580344006682505216,1,3,2,0.666667,2,2,0.666667,0.666667,0.25974051,0.33333333,1.0,0.66666667,0.353333,3
580344171019542528,0,1,0,0.0,0,0,1.0,0.0,1.0,1.0,1.0,1.0,0.5,1
580345253179342848,1,3,2,0.666667,2,2,0.666667,0.666667,0.25974051,0.33333333,1.0,0.66666667,0.194969,3
580346142183002113,0,1,0,0.0,0,0,1.0,0.0,1.0,1.0,1.0,1.0,0.888889,1
580346392431968257,0,1,0,0.0,0,0,1.0,0.0,1.0,1.0,1.0,1.0,0.346154,1
580346824269103105,1,3,1,0.333333,1,0,0.666667,0.333333,0.25974019,0.33333333,0.0,0.33333333,0.0,2
580346835295997952,0,1,0,0.0,0,0,1.0,0.0,1.0,1.0,1.0,1.0,0.0,1
580346858846822400,2,14,12,0.857143,7,7,0.857143,1.214286,0.06327829,0.07142857,0.53846154,0.13186813,0.174734,14
580346992074842112,2,11,9,0.818182,7,7,0.727273,0.909091,0.07324271,0.09090909,0.7,0.16363636,0.972727,9
580347051927597056,2,11,9,0.818182,6,6,0.636364,1.0,0.06560418,0.09090909,0.6,0.16363636,0.054545,8
580347068457308160,1,3,2,0.666667,2,2,0.666667,0.666667,0.25974051,0.33333333,1.0,0.66666667,0.709524,3
580347290633838592,1,3,2,0.666667,2,2,0.666667,0.666667,0.25974051,0.33333333,1.0,0.66666667,1.0,3
580347360959717376,1,3,2,0.666667,2,2,0.666667,0.666667,0.25974051,0.33333333,1.0,0.66666667,0.828283,3
580347361039413248,0,1,0,0.0,0,0,1.0,0.0,1.0,1.0,1.0,1.0,0.842105,1
580347364562587649,0,1,0,0.0,0,0,1.0,0.0,1.0,1.0,1.0,1.0,1.0,1
580347464907153408,0,1,0,0.0,0,0,1.0,0.0,1.0,1.0,1.0,1.0,0.484848,1
580347646465949696,1,4,3,0.75,3,3,0.75,0.75,0.20618575,0.25,1.0,0.5,0.0,4
580347961256837120,1,4,3,0.75,3,3,0.75,0.75,0.20618575,0.25,1.0,0.5,0.817308,4
580348081100734464,5,24,23,0.958333,8,8,0.708333,2.25,0.03212905,0.04166667,0.34782609,0.08333333,0.816994,18
580348878370828288,3,12,11,0.916667,7,7,0.666667,1.333333,0.06245491,0.08333333,0.63636364,0.16666667,0.868182,11
580349159569539072,1,4,3,0.75,3,3,0.75,0.75,0.20618575,0.25,1.0,0.5,0.121212,4
580349419360526336,1,3,2,0.666667,2,2,0.666667,0.666667,0.25974051,0.33333333,1.0,0.66666667,0.12381,3
580349424058175489,0,12,0,0.0,0,0,1.0,0.0,0.08333333,0.08333333,0.0,0.0,0.905556,12
580350000074457088,1,6,5,0.833333,5,5,0.833333,0.833333,0.14598557,0.16666667,1.0,0.33333333,0.888889,6
580350166005248000,0,1,0,0.0,0,0,1.0,0.0,1.0,1.0,1.0,1.0,0.52809,1
580350403734310912,1,6,5,0.833333,5,5,0.833333,0.833333,0.14598557,0.16666667,1.0,0.33333333,0.253763,6
580350426278719488,4,19,18,0.947368,15,15,0.789474,1.263158,0.04067869,0.05263158,0.83333333,0.10526316,0.964912,16
580350587289604097,0,3,0,0.0,0,0,1.0,0.0,0.33333333,0.33333333,0.0,0.0,0.111111,3
580350698774241280,1,2,1,0.5,1,1,0.5,0.5,0.35087736,0.5,1.0,1.0,0.166667,2
580351083383517185,2,11,2,0.181818,1,0,0.818182,0.272727,0.07450167,0.09090909,0.0,0.03636364,0.07438,11
580351149619953664,2,19,17,0.894737,16,16,0.894737,0.947368,0.04820405,0.05263158,0.88888889,0.0994152,0.052632,19
580351367719591936,1,3,2,0.666667,2,2,0.666667,0.666667,0.25974051,0.33333333,1.0,0.66666667,0.111111,3
580351390570135552,1,5,4,0.8,4,4,0.8,0.8,0.17094005,0.2,1.0,0.4,0.319032,4
580351604831846400,3,25,24,0.96,16,16,0.72,1.36,0.03110889,0.04,0.66666667,0.08,0.115082,21
580351758213447680,3,23,19,0.826087,14,14,0.782609,1.086957,0.03598677,0.04347826,0.63636364,0.07509881,0.049631,19
580352273001410560,6,33,26,0.787879,6,6,0.575758,2.030303,0.01921904,0.03030303,0.1875,0.04924242,0.984389,9
580352417541287936,1,5,4,0.8,4,4,0.8,0.8,0.17094005,0.2,1.0,0.4,0.092308,5
580352455952732160,1,9,8,0.888889,8,8,0.888889,0.888889,0.10152277,0.11111111,1.0,0.22222222,0.029915,9
580352532167311362,0,10,0,0.0,0,0,1.0,0.0,0.1,0.1,0.0,0.0,0.806142,9
580352540316946432,1,5,1,0.2,1,1,0.8,0.2,0.17094019,0.2,0.25,0.1,0.85,3
580352792700821504,2,4,3,0.75,2,2,0.5,1.0,0.16498256,0.25,0.66666667,0.5,0.254545,4
580353449721655296,0,1,0,0.0,0,0,1.0,0.0,1.0,1.0,1.0,1.0,1.0,1
580353540725452800,3,8,7,0.875,5,5,0.625,1.25,0.0866565,0.125,0.71428571,0.25,0.825408,7
580353697865187328,1,13,9,0.692308,9,9,0.923077,0.692308,0.07220225,0.07692308,0.75,0.11538462,0.062937,12
580353737769820160,5,29,22,0.758621,11,11,0.655172,1.413793,0.0226038,0.03448276,0.39285714,0.05418719,0.082575,13
580353986991112192,1,6,5,0.833333,5,5,0.833333,0.833333,0.14598557,0.16666667,1.0,0.33333333,0.029412,6
580354367796166656,2,6,5,0.833333,4,4,0.666667,1.0,0.12689364,0.16666667,0.8,0.33333333,0.276667,6
580355037504909312,1,5,4,0.8,4,4,0.8,0.8,0.17094005,0.2,1.0,0.4,0.027287,5
580355192908095488,8,18,17,0.944444,9,9,0.555556,2.777778,0.02894196,0.05555556,0.52941176,0.11111111,0.152412,11
580355581254471680,0,1,0,0.0,0,0,1.0,0.0,1.0,1.0,1.0,1.0,0.25,1
580356429615337472,1,4,3,0.75,3,3,0.75,0.75,0.20618575,0.25,1.0,0.5,0.8125,4
580357537083576321,0,6,0,0.0,0,0,1.0,0.0,0.16666667,0.16666667,0.0,0.0,0.830808,5
580357700791468032,0,1,0,0.0,0,0,1.0,0.0,1.0,1.0,1.0,1.0,0.44898,1
580357920984051712,1,12,10,0.833333,10,10,0.916667,0.833333,0.07782115,0.08333333,0.90909091,0.15151515,0.0,12
580358227713458176,5,16,14,0.875,6,4,0.625,1.9375,0.04190873,0.0625,0.26666667,0.11666667,0.156955,12
580359057825009664,1,8,7,0.875,7,7,0.875,0.875,0.11299419,0.125,1.0,0.25,0.060606,8
580359081296293888,2,6,5,0.833333,4,4,0.666667,1.0,0.12689364,0.16666667,0.8,0.33333333,0.289141,6
580359405620858880,1,10,9,0.9,9,9,0.9,0.9,0.09216586,0.1,1.0,0.2,0.179531,9
580359480782786560,4,22,21,0.954545,14,14,0.681818,1.454545,0.03264959,0.04545455,0.66666667,0.09090909,0.05311,19
580359809041604608,1,7,6,0.857143,6,6,0.857143,0.857143,0.12738858,0.14285714,1.0,0.28571429,0.071429,7
580360165540642816,1,3,2,0.666667,2,2,0.666667,0.666667,0.25974051,0.33333333,1.0,0.66666667,0.766667,3
580361142666563584,1,9,8,0.888889,8,8,0.888889,0.888889,0.10152277,0.11111111,1.0,0.22222222,0.147222,9
580362104110071808,4,19,13,0.684211,7,7,0.736842,1.315789,0.03680847,0.05263158,0.38888889,0.07602339,0.059211,9
580362323283615745,0,9,0,0.0,0,0,1.0,0.0,0.11111111,0.11111111,0.0,0.0,0.058677,9
580363156721131521,0,6,0,0.0,0,0,1.0,0.0,0.16666667,0.16666667,0.0,0.0,0.262261,6
580364138020507649,0,12,0,0.0,0,0,1.0,0.0,0.08333333,0.08333333,0.0,0.0,0.728401,12
580364236330762240,1,2,1,0.5,1,1,0.5,0.5,0.35087736,0.5,1.0,1.0,0.686275,2
580364493928181760,2,21,17,0.809524,14,14,0.809524,0.952381,0.04072516,0.04761905,0.7,0.08095238,0.088972,18
580364576560177154,0,10,0,0.0,0,0,1.0,0.0,0.1,0.1,0.0,0.0,0.202258,10
580364656608428032,2,9,6,0.666667,5,5,0.777778,0.777778,0.0922126,0.11111111,0.625,0.16666667,0.982456,7
580364889736232960,0,1,0,0.0,0,0,1.0,0.0,1.0,1.0,1.0,1.0,0.0,1
580364934011334656,3,8,7,0.875,5,5,0.625,1.25,0.0866565,0.125,0.71428571,0.25,0.122396,7
580364973664309248,3,11,10,0.909091,5,5,0.636364,1.454545,0.06617403,0.09090909,0.5,0.18181818,0.691804,9
580365368805486592,2,21,18,0.857143,17,17,0.904762,0.904762,0.04397055,0.04761905,0.85,0.08571429,0.897619,19
580365755750871041,5,27,8,0.296296,2,0,0.740741,0.814815,0.02581233,0.03703704,0.0,0.02279202,0.0,19
580365806720122880,1,14,13,0.928571,13,13,0.928571,0.928571,0.06734012,0.07142857,1.0,0.14285714,0.067784,14
580365989780520960,5,25,22,0.88,11,11,0.52,1.56,0.02252807,0.04,0.45833333,0.07333333,0.15366,15
580366761398239232,1,4,3,0.75,3,3,0.75,0.75,0.20618575,0.25,1.0,0.5,0.90625,4
580368137796743168,0,1,0,0.0,0,0,1.0,0.0,1.0,1.0,1.0,1.0,0.111111,1
580368417556992000,2,12,11,0.916667,10,10,0.833333,1.0,0.07260977,0.08333333,0.90909091,0.16666667,0.874347,11
580369978546917376,2,7,6,0.857143,5,5,0.714286,1.0,0.11306466,0.14285714,0.83333333,0.28571429,0.896104,7
580370249712697344,1,7,6,0.857143,6,6,0.857143,0.857143,0.12738858,0.14285714,1.0,0.28571429,0.77068,7
580370275121938432,1,19,15,0.789474,15,15,0.947368,0.789474,0.05037784,0.05263158,0.83333333,0.0877193,0.89122,18
580370309884182529,0,17,0,0.0,0,0,1.0,0.0,0.05882353,0.05882353,0.0,0.0,0.075308,15
580371776619839488,7,18,16,0.888889,8,8,0.555556,2.388889,0.03048282,0.05555556,0.47058824,0.10457516,0.116402,11
580371845997682688,1,3,2,0.666667,2,2,0.666667,0.666667,0.25974051,0.33333333,1.0,0.66666667,0.787879,3
580371847335821312,2,21,20,0.952381,19,19,0.904762,1.0,0.04397921,0.04761905,0.95,0.0952381,0.951659,21
580372127125131264,1,4,3,0.75,3,3,0.75,0.75,0.20618575,0.25,1.0,0.5,0.798689,4
580372806178881537,0,1,0,0.0,0,0,1.0,0.0,1.0,1.0,1.0,1.0,0.666667,1
580377378226049024,1,9,8,0.888889,8,8,0.888889,0.888889,0.10152277,0.11111111,1.0,0.22222222,0.0,9
580377478184755201,1,5,1,0.2,1,0,0.8,0.2,0.17094019,0.2,0.0,0.1,0.89697,4
580377986941206528,1,2,1,0.5,1,1,0.5,0.5,0.35087736,0.5,1.0,1.0,0.242424,2
580379486732066817,0,6,0,0.0,0,0,1.0,0.0,0.16666667,0.16666667,0.0,0.0,0.792002,6
580380219921580032,1,8,7,0.875,7,7,0.875,0.875,0.11299419,0.125,1.0,0.25,0.0625,8
580387098039046145,0,7,0,0.0,0,0,1.0,0.0,0.14285714,0.14285714,0.0,0.0,0.946429,7
580388756043083777,1,20,3,0.15,1,0,0.85,0.15,0.04434592,0.05,0.0,0.01578947,0.069697,15
580398796124876800,3,13,12,0.923077,7,7,0.615385,1.461538,0.05355676,0.07692308,0.58333333,0.15384615,0.062937,11
580399487740297216,1,5,4,0.8,4,4,0.8,0.8,0.17094005,0.2,1.0,0.4,0.0,5
580697361799876608,2,20,19,0.95,18,18,0.9,1.0,0.04599789,0.05,0.94736842,0.1,0.936667,17
580699430690656256,1,2,1,0.5,1,1,0.5,0.5,0.35087736,0.5,1.0,1.0,0.9,2
580699825030754304,1,8,7,0.875,7,7,0.875,0.875,0.11299419,0.125,1.0,0.25,0.958333,8
580706841769820160,1,3,2,0.666667,2,2,0.666667,0.666667,0.25974051,0.33333333,1.0,0.66666667,0.833333,3
580882121222434816,1,17,15,0.882353,15,15,0.941176,0.882353,0.05602243,0.05882353,0.9375,0.11029412,0.970588,17
580882302621843456,1,5,4,0.8,4,4,0.8,0.8,0.17094005,0.2,1.0,0.4,1.0,5
580882341880446977,1,6,1,0.166667,1,0,0.833333,0.166667,0.14598538,0.16666667,0.0,0.06666667,0.916667,6
580882417117958144,2,15,13,0.866667,11,11,0.8,1.0,0.05655671,0.06666667,0.78571429,0.12380952,0.887121,13
580882674413375488,5,15,13,0.866667,9,9,0.666667,1.533333,0.04269184,0.06666667,0.64285714,0.12380952,0.961111,11
580882701063979008,3,23,20,0.869565,10,10,0.782609,1.173913,0.03548812,0.04347826,0.45454545,0.07905138,0.949275,17
580882906014474240,0,1,0,0.0,0,0,1.0,0.0,1.0,1.0,1.0,1.0,0.5,1
580883100533690368,2,22,19,0.863636,18,18,0.909091,0.909091,0.04212276,0.04545455,0.85714286,0.08225108,0.08781,18
580883510103281665,0,3,0,0.0,0,0,1.0,0.0,0.33333333,0.33333333,0.0,0.0,0.796429,3
580883727624065024,2,8,7,0.875,6,6,0.75,1.0,0.10182859,0.125,0.85714286,0.25,0.975,8
580883793709547521,1,18,1,0.055556,1,0,0.944444,0.055556,0.05305041,0.05555556,0.0,0.00653595,0.882786,16
580883864521818112,1,3,2,0.666667,2,2,0.666667,0.666667,0.25974051,0.33333333,1.0,0.66666667,1.0,3
580884417343815680,1,5,4,0.8,4,4,0.8,0.8,0.17094005,0.2,1.0,0.4,0.873333,5
580884605097664512,2,5,3,0.6,2,2,0.6,0.8,0.14161789,0.2,0.5,0.3,0.76,3
580885187837325312,0,1,0,0.0,0,0,1.0,0.0,1.0,1.0,1.0,1.0,0.333333,1
580885455257882624,0,1,0,0.0,0,0,1.0,0.0,1.0,1.0,1.0,1.0,0.5,1
580885624883904512,1,5,4,0.8,4,4,0.8,0.8,0.17094005,0.2,1.0,0.4,0.96,5
580886010575257601,4,27,9,0.333333,2,0,0.740741,0.62963,0.02782532,0.03703704,0.0,0.02564103,0.07716,16
581047170637381632,1,4,3,0.75,3,3,0.75,0.75,0.20618575,0.25,1.0,0.5,0.875,4
581061237783556096,1,3,2,0.666667,2,2,0.666667,0.666667,0.25974051,0.33333333,1.0,0.66666667,0.888889,2
581061272856326145,3,8,3,0.375,1,0,0.625,0.75,0.07930739,0.125,0.0,0.10714286,0.635854,6
581061914001821696,1,2,1,0.5,1,1,0.5,0.5,0.35087736,0.5,1.0,1.0,1.0,1
581062604988162048,1,2,1,0.5,1,1,0.5,0.5,0.35087736,0.5,1.0,1.0,0.833333,2
581063145256538112,3,16,15,0.9375,12,12,0.75,1.1875,0.04927539,0.0625,0.8,0.125,0.844118,14
581063377226637312,1,3,2,0.666667,2,2,0.666667,0.666667,0.25974051,0.33333333,1.0,0.66666667,0.787879,3
581063730319925248,2,19,18,0.947368,17,17,0.894737,1.0,0.04821023,0.05263158,0.94444444,0.10526316,0.929825,19
581063753837481984,2,29,24,0.827586,14,14,0.689655,1.0,0.02596864,0.03448276,0.5,0.0591133,0.945367,16
581063816882065408,2,3,2,0.666667,1,1,0.333333,1.0,0.18441676,0.33333333,0.5,0.66666667,1.0,2
581063906682114048,3,24,16,0.666667,7,7,0.708333,1.0,0.03165958,0.04166667,0.30434783,0.05797101,0.834785,16
581063928953876480,2,22,20,0.909091,17,17,0.818182,1.045455,0.03917337,0.04545455,0.80952381,0.08658009,0.938278,22
581063957684850688,1,2,1,0.5,1,1,0.5,0.5,0.35087736,0.5,1.0,1.0,1.0,2
581064144394285056,1,7,5,0.714286,5,5,0.857143,0.714286,0.12738858,0.14285714,0.83333333,0.23809524,0.812925,7
581064157870555136,0,1,0,0.0,0,0,1.0,0.0,1.0,1.0,1.0,1.0,0.789474,1
581066887200694272,0,1,0,0.0,0,0,1.0,0.0,1.0,1.0,1.0,1.0,0.705882,1
581107798932631552,4,19,16,0.842105,9,9,0.684211,1.421053,0.03885876,0.05263158,0.5,0.09356725,0.906579,12
581132461960249344,8,37,27,0.72973,6,6,0.459459,1.810811,0.01416601,0.02702703,0.16666667,0.04054054,0.968243,7
581153923987206146,2,24,4,0.166667,1,0,0.833333,0.208333,0.03555874,0.04166667,0.0,0.01449275,0.886657,20
581183387848859648,1,9,8,0.888889,8,8,0.888889,0.888889,0.10152277,0.11111111,1.0,0.22222222,0.844444,9
581245152158728192,1,8,7,0.875,7,7,0.875,0.875,0.11299419,0.125,1.0,0.25,0.03125,6
581246782765719552,3,25,18,0.72,12,12,0.72,0.84,0.03029461,0.04,0.5,0.06,0.083168,14
581247332282306561,3,19,7,0.368421,2,0,0.736842,0.631579,0.03999674,0.05263158,0.0,0.04093567,0.04161,14
581247335998431232,2,16,14,0.875,13,13,0.875,0.9375,0.05632038,0.0625,0.86666667,0.11666667,0.055839,15
581248346309922816,0,1,0,0.0,0,0,1.0,0.0,1.0,1.0,1.0,1.0,0.333333,1
581248880098086912,1,4,3,0.75,3,3,0.75,0.75,0.20618575,0.25,1.0,0.5,0.083333,4
581249720376553472,4,25,19,0.76,5,5,0.48,1.44,0.02379668,0.04,0.20833333,0.06333333,0.0,6
581252958446329857,5,27,16,0.592593,7,0,0.740741,1.148148,0.02774033,0.03703704,0.0,0.04558405,0.972222,9
581253085508534272,1,9,8,0.888889,8,8,0.888889,0.888889,0.10152277,0.11111111,1.0,0.22222222,0.087302,9
581254429996920832,2,5,4,0.8,3,3,0.6,1.0,0.14407486,0.2,0.75,0.4,0.04,4
581255457022570497,0,3,0,0.0,0,0,1.0,0.0,0.33333333,0.33333333,0.0,0.0,0.166667,3
581256046448111616,1,3,2,0.666667,2,2,0.666667,0.666667,0.25974051,0.33333333,1.0,0.66666667,0.060606,3
581256908251758592,3,18,11,0.611111,7,7,0.722222,0.777778,0.04113696,0.05555556,0.41176471,0.07189542,0.027778,11
581257660118491136,1,10,9,0.9,9,9,0.9,0.9,0.09216586,0.1,1.0,0.2,0.018182,9
581258486861983745,2,13,6,0.461538,4,0,0.769231,0.538462,0.06357023,0.07692308,0.0,0.07692308,0.090476,10
581258923065389056,2,8,7,0.875,6,6,0.75,1.0,0.10182859,0.125,0.85714286,0.25,0.015625,7
581259253429702656,1,12,11,0.916667,11,11,0.916667,0.916667,0.07782115,0.08333333,1.0,0.16666667,0.103125,11
581260171688718336,2,14,13,0.928571,10,10,0.785714,1.142857,0.05989997,0.07142857,0.76923077,0.14285714,0.060606,13
581261457725210624,1,3,2,0.666667,2,2,0.666667,0.666667,0.25974051,0.33333333,1.0,0.66666667,0.066667,3
581262528107384832,2,19,18,0.947368,17,17,0.894737,1.0,0.04821023,0.05263158,0.94444444,0.10526316,0.0,19
581264214809022464,2,21,16,0.761905,14,14,0.857143,0.809524,0.04236995,0.04761905,0.7,0.07619048,0.936975,19
581266400192307200,1,3,2,0.666667,2,2,0.666667,0.666667,0.25974051,0.33333333,1.0,0.66666667,0.0,3
581273151612575746,1,15,2,0.133333,2,0,0.933333,0.133333,0.06309148,0.06666667,0.0,0.01904762,0.028788,15
581274406804025344,3,11,9,0.818182,5,5,0.727273,1.363636,0.07083584,0.09090909,0.5,0.16363636,1.0,7
581274572823130112,1,2,1,0.5,1,1,0.5,0.5,0.35087736,0.5,1.0,1.0,0.333333,2
581280784155353088,2,22,21,0.954545,18,18,0.863636,1.090909,0.04060043,0.04545455,0.85714286,0.09090909,0.061675,20
581286157151039488,1,17,16,0.941176,16,16,0.941176,0.941176,0.05602206,0.05882353,1.0,0.11764706,0.058824,17
581287108607811584,4,27,26,0.962963,12,12,0.740741,1.703704,0.02939955,0.03703704,0.46153846,0.07407407,0.942681,21
581287562947395584,4,28,26,0.928571,14,14,0.821429,1.535714,0.03049642,0.03571429,0.51851852,0.06878307,0.915476,20
581287723841032192,1,14,13,0.928571,13,13,0.928571,0.928571,0.06734012,0.07142857,1.0,0.14285714,0.0,14
581287795991302144,1,17,16,0.941176,16,16,0.941176,0.941176,0.05602206,0.05882353,1.0,0.11764706,0.831653,15
581288928646340608,4,22,17,0.772727,4,4,0.636364,1.818182,0.03203065,0.04545455,0.19047619,0.07359307,0.819347,10
581290271997968384,3,26,24,0.923077,10,10,0.692308,1.615385,0.02938608,0.03846154,0.4,0.07384615,0.830621,16
581291208506376192,0,1,0,0.0,0,0,1.0,0.0,1.0,1.0,1.0,1.0,1.0,1
581293286268129280,5,21,20,0.952381,9,9,0.666667,2.047619,0.03341083,0.04761905,0.45,0.0952381,0.963492,16
581293685041557504,0,1,0,0.0,0,0,1.0,0.0,1.0,1.0,1.0,1.0,1.0,1
581295422414680065,0,4,0,0.0,0,0,1.0,0.0,0.25,0.25,0.0,0.0,0.25,4
581295858898989056,4,24,18,0.75,8,8,0.541667,1.375,0.02500519,0.04166667,0.34782609,0.06521739,0.894587,12
581296960830881792,5,25,23,0.92,7,7,0.56,1.92,0.02575877,0.04,0.29166667,0.07666667,0.827143,12
581299253743501312,2,9,7,0.777778,5,5,0.666667,0.888889,0.08148297,0.11111111,0.625,0.19444444,1.0,5
581299354431987712,1,3,2,0.666667,2,2,0.666667,0.666667,0.25974051,0.33333333,1.0,0.66666667,1.0,3
581300992194572288,1,7,6,0.857143,6,6,0.857143,0.857143,0.12738858,0.14285714,1.0,0.28571429,0.819048,7
581301262269829120,6,24,22,0.916667,4,4,0.458333,2.5,0.02446715,0.04166667,0.17391304,0.07971014,0.945833,8
581301336085553152,3,17,16,0.941176,10,10,0.705882,1.529412,0.04354945,0.05882353,0.625,0.11764706,0.903595,13
581302297579425793,0,7,0,0.0,0,0,1.0,0.0,0.14285714,0.14285714,0.0,0.0,0.05772,7
581302544116379648,2,22,20,0.909091,17,17,0.818182,1.045455,0.03917337,0.04545455,0.80952381,0.08658009,0.904221,20
581303832895885312,1,5,2,0.4,2,2,0.8,0.4,0.17094005,0.2,0.5,0.2,0.84,3
581303989406314496,2,14,13,0.928571,12,12,0.857143,1.0,0.0634511,0.07142857,0.92307692,0.14285714,0.916667,13
581305416795103232,0,1,0,0.0,0,0,1.0,0.0,1.0,1.0,1.0,1.0,0.0,1
581307361857392642,6,29,16,0.551724,5,0,0.62069,1.344828,0.02219681,0.03448276,0.0,0.03940887,0.988506,15
581314363644121088,4,20,18,0.9,14,14,0.8,1.25,0.04018797,0.05,0.73684211,0.09473684,0.88125,6
581315281630318593,5,21,14,0.666667,3,0,0.52381,1.857143,0.02646114,0.04761905,0.0,0.06666667,1.0,5
581317224096387072,0,1,0,0.0,0,0,1.0,0.0,1.0,1.0,1.0,1.0,0.484848,1
581318271321931776,1,4,3,0.75,3,3,0.75,0.75,0.20618575,0.25,1.0,0.5,0.0,4
581325025569030145,0,8,0,0.0,0,0,1.0,0.0,0.125,0.125,0.0,0.0,0.066011,8
581325197661376512,3,15,14,0.933333,12,12,0.8,1.133333,0.05439548,0.06666667,0.85714286,0.13333333,0.013333,9
581335535832039424,2,11,8,0.727273,3,3,0.545455,0.909091,0.06167753,0.09090909,0.3,0.14545455,0.756743,7
581357303405813760,0,1,0,0.0,0,0,1.0,0.0,1.0,1.0,1.0,1.0,0.5,1
581359544682614784,4,20,19,0.95,15,15,0.75,1.3,0.03776277,0.05,0.78947368,0.1,0.957353,17
581377529124130816,1,4,3,0.75,3,3,0.75,0.75,0.20618575,0.25,1.0,0.5,0.725,4
581386094337474560,3,12,11,0.916667,8,8,0.75,1.333333,0.06476867,0.08333333,0.72727273,0.16666667,0.583209,8
581386155083620352,2,10,9,0.9,8,8,0.8,1.0,0.08481539,0.1,0.88888889,0.2,0.926923,8
581387966125248512,2,7,6,0.857143,5,5,0.714286,1.0,0.11306466,0.14285714,0.83333333,0.28571429,0.819264,7
581394092648710144,1,13,10,0.769231,10,10,0.923077,0.769231,0.07220225,0.07692308,0.83333333,0.12820513,0.900366,13
581404604677660673,2,23,7,0.304348,2,0,0.73913,0.347826,0.03469507,0.04347826,0.0,0.02766798,0.889393,19
581405344288608256,1,6,5,0.833333,5,5,0.833333,0.833333,0.14598557,0.16666667,1.0,0.33333333,1.0,6
581409613913804800,2,26,22,0.846154,16,16,0.807692,1.038462,0.03291049,0.03846154,0.64,0.06769231,0.980769,18
581411131547320321,3,18,6,0.333333,1,0,0.666667,0.555556,0.03863738,0.05555556,0.0,0.03921569,0.935185,13
581437061363675136,2,12,10,0.833333,8,8,0.75,0.916667,0.06830449,0.08333333,0.72727273,0.15151515,1.0,10
581450117972144128,5,33,26,0.787879,7,7,0.515152,1.727273,0.01893207,0.03030303,0.21875,0.04924242,0.962121,16
581460720900050945,4,23,10,0.434783,2,0,0.652174,0.913043,0.02952277,0.04347826,0.0,0.03952569,0.971014,5
581473088249958400,1,8,7,0.875,7,7,0.875,0.875,0.11299419,0.125,1.0,0.25,1.0,8
581479017770979329,2,21,5,0.238095,2,0,0.809524,0.333333,0.03924064,0.04761905,0.0,0.02380952,0.936508,14
581546828954411008,4,27,24,0.888889,10,10,0.555556,1.740741,0.02306579,0.03703704,0.38461538,0.06837607,0.947531,15
581550667753504768,7,30,26,0.866667,8,8,0.566667,2.466667,0.02093739,0.03333333,0.27586207,0.05977011,0.921389,14
