{
  "baseline": {
    "Accuracy": 0.8064720812182741,
    "Precision": 0.6545183579460778,
    "Recall": 0.7734550112071726,
    "F1-Score": 0.709033536361635,
    "ROC-AUC": 0.8847242743711543,
    "MCC": 0.5699821229887767
  },
  "exp1_node_centrality": {
    "Accuracy": 0.8073018352206169,
    "Precision": 0.6558177379983726,
    "Recall": 0.7742555235350624,
    "F1-Score": 0.7101321585903083,
    "ROC-AUC": 0.8848725057369113,
    "MCC": 0.5716762809308097
  },
  "exp2_user_reputation": {
    "Accuracy": 0.8074970714564623,
    "Precision": 0.6556246619794484,
    "Recall": 0.776336855587576,
    "F1-Score": 0.7108928309632019,
    "ROC-AUC": 0.8849375101258458,
    "MCC": 0.5726940352947428
  },
  "exp3_all_graph": {
    "Accuracy": 0.8092053885201094,
    "Precision": 0.6584406779661017,
    "Recall": 0.7774575728466219,
    "F1-Score": 0.7130166654430659,
    "ROC-AUC": 0.8857580999009707,
    "MCC": 0.5760098272057592
  },
  "exp4_graph_only": {
    "Accuracy": 0.5507126122608356,
    "Precision": 0.3619225384974335,
    "Recall": 0.6208773615113673,
    "F1-Score": 0.4572843582335947,
    "ROC-AUC": 0.6039831058511348,
    "MCC": 0.12978837369851537
  }
}